食品分類,品項名稱,俗名,英文名稱,整合編號,熱量_kcal_per_100g,蛋白質_g,脂肪_g,碳水化合物_g,資料來源
乳品類,高脂鮮乳,"牛乳,牛奶",High fat fresh milk ,L0100101,73.0,3.2,4.0,6.1,衛生福利部食品藥物管理署 台灣食品成分資料庫(食品營養成分資料庫)開放資料; 下載自 https://data.fda.gov.tw/data/opendata/export/20/csv (政府資料開放平臺 data.gov.tw dataset id 8543 / TFDA opendata InfoId=20); 查詢頁 https://consumer.fda.gov.tw/Food/TFND.aspx?nodeID=178 ; 整合編號=L0100101 (樣品基本資料)
乳品類,全脂鮮乳平均值,"牛乳,牛奶",Whole fresh milk ,L01021,63.0,3.1,3.6,4.8,衛生福利部食品藥物管理署 台灣食品成分資料庫(食品營養成分資料庫)開放資料; 下載自 https://data.fda.gov.tw/data/opendata/export/20/csv (政府資料開放平臺 data.gov.tw dataset id 8543 / TFDA opendata InfoId=20); 查詢頁 https://consumer.fda.gov.tw/Food/TFND.aspx?nodeID=178 ; 整合編號=L01021 (樣品平均值)
乳品類,全脂鮮乳(1月取樣),"牛乳,牛奶",Whole fresh milk ,L0102101,62.0,2.9,3.6,4.7,衛生福利部食品藥物管理署 台灣食品成分資料庫(食品營養成分資料庫)開放資料; 下載自 https://data.fda.gov.tw/data/opendata/export/20/csv (政府資料開放平臺 data.gov.tw dataset id 8543 / TFDA opendata InfoId=20); 查詢頁 https://consumer.fda.gov.tw/Food/TFND.aspx?nodeID=178 ; 整合編號=L0102101 (樣品基本資料)
乳品類,全脂鮮乳(4月取樣),"牛乳,牛奶",Whole fresh milk ,L0102102,62.0,2.9,3.6,4.6,衛生福利部食品藥物管理署 台灣食品成分資料庫(食品營養成分資料庫)開放資料; 下載自 https://data.fda.gov.tw/data/opendata/export/20/csv (政府資料開放平臺 data.gov.tw dataset id 8543 / TFDA opendata InfoId=20); 查詢頁 https://consumer.fda.gov.tw/Food/TFND.aspx?nodeID=178 ; 整合編號=L0102102 (樣品基本資料)
乳品類,全脂鮮乳(6月取樣),"牛乳,牛奶",Whole fresh milk ,L0102103,63.0,3.2,3.6,4.6,衛生福利部食品藥物管理署 台灣食品成分資料庫(食品營養成分資料庫)開放資料; 下載自 https://data.fda.gov.tw/data/opendata/export/20/csv (政府資料開放平臺 data.gov.tw dataset id 8543 / TFDA opendata InfoId=20); 查詢頁 https://consumer.fda.gov.tw/Food/TFND.aspx?nodeID=178 ; 整合編號=L0102103 (樣品基本資料)
乳品類,全脂鮮乳(9月取樣),"牛乳,牛奶",Whole fresh milk ,L0102104,64.0,2.8,3.6,5.3,衛生福利部食品藥物管理署 台灣食品成分資料庫(食品營養成分資料庫)開放資料; 下載自 https://data.fda.gov.tw/data/opendata/export/20/csv (政府資料開放平臺 data.gov.tw dataset id 8543 / TFDA opendata InfoId=20); 查詢頁 https://consumer.fda.gov.tw/Food/TFND.aspx?nodeID=178 ; 整合編號=L0102104 (樣品基本資料)
乳品類,全脂鮮乳(10月取樣),"牛乳,牛奶",Whole fresh milk ,L0102105,64.0,3.0,3.7,4.8,衛生福利部食品藥物管理署 台灣食品成分資料庫(食品營養成分資料庫)開放資料; 下載自 https://data.fda.gov.tw/data/opendata/export/20/csv (政府資料開放平臺 data.gov.tw dataset id 8543 / TFDA opendata InfoId=20); 查詢頁 https://consumer.fda.gov.tw/Food/TFND.aspx?nodeID=178 ; 整合編號=L0102105 (樣品基本資料)
乳品類,全脂鮮乳(11月取樣),"牛乳,牛奶",Whole fresh milk ,L0102106,62.0,3.1,3.5,4.6,衛生福利部食品藥物管理署 台灣食品成分資料庫(食品營養成分資料庫)開放資料; 下載自 https://data.fda.gov.tw/data/opendata/export/20/csv (政府資料開放平臺 data.gov.tw dataset id 8543 / TFDA opendata InfoId=20); 查詢頁 https://consumer.fda.gov.tw/Food/TFND.aspx?nodeID=178 ; 整合編號=L0102106 (樣品基本資料)
乳品類,全脂鮮乳(12月取樣),"牛乳,牛奶",Whole fresh milk ,L0102107,64.0,3.2,3.4,5.2,衛生福利部食品藥物管理署 台灣食品成分資料庫(食品營養成分資料庫)開放資料; 下載自 https://data.fda.gov.tw/data/opendata/export/20/csv (政府資料開放平臺 data.gov.tw dataset id 8543 / TFDA opendata InfoId=20); 查詢頁 https://consumer.fda.gov.tw/Food/TFND.aspx?nodeID=178 ; 整合編號=L0102107 (樣品基本資料)
乳品類,全脂鮮乳(7月取樣),"牛乳,牛奶",Whole fresh milk ,L0102108,65.0,3.7,3.7,4.2,衛生福利部食品藥物管理署 台灣食品成分資料庫(食品營養成分資料庫)開放資料; 下載自 https://data.fda.gov.tw/data/opendata/export/20/csv (政府資料開放平臺 data.gov.tw dataset id 8543 / TFDA opendata InfoId=20); 查詢頁 https://consumer.fda.gov.tw/Food/TFND.aspx?nodeID=178 ; 整合編號=L0102108 (樣品基本資料)
乳品類,中脂鮮乳,"牛乳,牛奶",Medium fat fresh milk ,L0104101,48.0,3.1,1.9,4.8,衛生福利部食品藥物管理署 台灣食品成分資料庫(食品營養成分資料庫)開放資料; 下載自 https://data.fda.gov.tw/data/opendata/export/20/csv (政府資料開放平臺 data.gov.tw dataset id 8543 / TFDA opendata InfoId=20); 查詢頁 https://consumer.fda.gov.tw/Food/TFND.aspx?nodeID=178 ; 整合編號=L0104101 (樣品基本資料)
乳品類,低脂鮮乳,"牛乳,牛奶",Low-fat fresh milk ,L0106101,43.0,3.3,1.1,5.0,衛生福利部食品藥物管理署 台灣食品成分資料庫(食品營養成分資料庫)開放資料; 下載自 https://data.fda.gov.tw/data/opendata/export/20/csv (政府資料開放平臺 data.gov.tw dataset id 8543 / TFDA opendata InfoId=20); 查詢頁 https://consumer.fda.gov.tw/Food/TFND.aspx?nodeID=178 ; 整合編號=L0106101 (樣品基本資料)
乳品類,高脂強化鮮乳(鈣強化),"牛乳,牛奶",High fat fortified fresh milk : calcium enriched,L0110101,68.0,3.2,3.9,5.2,衛生福利部食品藥物管理署 台灣食品成分資料庫(食品營養成分資料庫)開放資料; 下載自 https://data.fda.gov.tw/data/opendata/export/20/csv (政府資料開放平臺 data.gov.tw dataset id 8543 / TFDA opendata InfoId=20); 查詢頁 https://consumer.fda.gov.tw/Food/TFND.aspx?nodeID=178 ; 整合編號=L0110101 (樣品基本資料)
乳品類,高脂強化鮮乳(寡醣強化),"牛乳,牛奶",High fat fortified fresh milk : oligo enriched,L0110201,69.0,3.2,4.1,5.1,衛生福利部食品藥物管理署 台灣食品成分資料庫(食品營養成分資料庫)開放資料; 下載自 https://data.fda.gov.tw/data/opendata/export/20/csv (政府資料開放平臺 data.gov.tw dataset id 8543 / TFDA opendata InfoId=20); 查詢頁 https://consumer.fda.gov.tw/Food/TFND.aspx?nodeID=178 ; 整合編號=L0110201 (樣品基本資料)
乳品類,中脂強化鮮乳(脂肪酸調整),"牛乳,牛奶",Medium fat fortified fresh milk : fatty acid modified,L0114101,59.0,2.0,2.0,8.6,衛生福利部食品藥物管理署 台灣食品成分資料庫(食品營養成分資料庫)開放資料; 下載自 https://data.fda.gov.tw/data/opendata/export/20/csv (政府資料開放平臺 data.gov.tw dataset id 8543 / TFDA opendata InfoId=20); 查詢頁 https://consumer.fda.gov.tw/Food/TFND.aspx?nodeID=178 ; 整合編號=L0114101 (樣品基本資料)
乳品類,低脂強化鮮乳(維生素E強化),"牛乳,牛奶",Low-fat fortified fresh milk : vitamin E enriched,L0116101,41.0,3.0,1.3,4.2,衛生福利部食品藥物管理署 台灣食品成分資料庫(食品營養成分資料庫)開放資料; 下載自 https://data.fda.gov.tw/data/opendata/export/20/csv (政府資料開放平臺 data.gov.tw dataset id 8543 / TFDA opendata InfoId=20); 查詢頁 https://consumer.fda.gov.tw/Food/TFND.aspx?nodeID=178 ; 整合編號=L0116101 (樣品基本資料)
乳品類,低脂強化鮮乳(寡醣強化),"牛乳,牛奶",Low-fat fortified fresh milk: oligo enriched,L0116201,46.0,3.1,1.3,5.5,衛生福利部食品藥物管理署 台灣食品成分資料庫(食品營養成分資料庫)開放資料; 下載自 https://data.fda.gov.tw/data/opendata/export/20/csv (政府資料開放平臺 data.gov.tw dataset id 8543 / TFDA opendata InfoId=20); 查詢頁 https://consumer.fda.gov.tw/Food/TFND.aspx?nodeID=178 ; 整合編號=L0116201 (樣品基本資料)
乳品類,脫脂強化鮮乳(鈣強化),"牛乳,牛奶",Skimmed fortified fresh milk : calcium enriched,L0118101,42.0,3.5,0.3,6.3,衛生福利部食品藥物管理署 台灣食品成分資料庫(食品營養成分資料庫)開放資料; 下載自 https://data.fda.gov.tw/data/opendata/export/20/csv (政府資料開放平臺 data.gov.tw dataset id 8543 / TFDA opendata InfoId=20); 查詢頁 https://consumer.fda.gov.tw/Food/TFND.aspx?nodeID=178 ; 整合編號=L0118101 (樣品基本資料)
乳品類,脫脂強化鮮乳(寡醣強化),"牛乳,牛奶",Skimmed fortified fresh milk: oligo enriched,L0118201,36.0,3.1,0.4,5.2,衛生福利部食品藥物管理署 台灣食品成分資料庫(食品營養成分資料庫)開放資料; 下載自 https://data.fda.gov.tw/data/opendata/export/20/csv (政府資料開放平臺 data.gov.tw dataset id 8543 / TFDA opendata InfoId=20); 查詢頁 https://consumer.fda.gov.tw/Food/TFND.aspx?nodeID=178 ; 整合編號=L0118201 (樣品基本資料)
乳品類,脫脂強化鮮乳(鐵強化),"牛乳,牛奶",Skimmed fortified fresh milk:  iron enriched,L0118301,41.0,4.2,0.2,5.6,衛生福利部食品藥物管理署 台灣食品成分資料庫(食品營養成分資料庫)開放資料; 下載自 https://data.fda.gov.tw/data/opendata/export/20/csv (政府資料開放平臺 data.gov.tw dataset id 8543 / TFDA opendata InfoId=20); 查詢頁 https://consumer.fda.gov.tw/Food/TFND.aspx?nodeID=178 ; 整合編號=L0118301 (樣品基本資料)
乳品類,中脂調味乳(巧克力),"牛乳,牛奶",Reduced fat flavored composite and recombined milk: chocolate flavor,L0124101,63.0,1.9,2.0,9.2,衛生福利部食品藥物管理署 台灣食品成分資料庫(食品營養成分資料庫)開放資料; 下載自 https://data.fda.gov.tw/data/opendata/export/20/csv (政府資料開放平臺 data.gov.tw dataset id 8543 / TFDA opendata InfoId=20); 查詢頁 https://consumer.fda.gov.tw/Food/TFND.aspx?nodeID=178 ; 整合編號=L0124101 (樣品基本資料)
乳品類,中脂調味乳(多穀類),"牛乳,牛奶",Reduced fat flavored composite and recombined milk: cereal flavor,L0124201,67.0,2.4,3.1,7.6,衛生福利部食品藥物管理署 台灣食品成分資料庫(食品營養成分資料庫)開放資料; 下載自 https://data.fda.gov.tw/data/opendata/export/20/csv (政府資料開放平臺 data.gov.tw dataset id 8543 / TFDA opendata InfoId=20); 查詢頁 https://consumer.fda.gov.tw/Food/TFND.aspx?nodeID=178 ; 整合編號=L0124201 (樣品基本資料)
乳品類,中脂調味乳(果汁),"牛乳,牛奶","Low-fat flavored composite and recombined milk: low fat, fruit flavor",L0124301,54.0,1.6,1.6,8.4,衛生福利部食品藥物管理署 台灣食品成分資料庫(食品營養成分資料庫)開放資料; 下載自 https://data.fda.gov.tw/data/opendata/export/20/csv (政府資料開放平臺 data.gov.tw dataset id 8543 / TFDA opendata InfoId=20); 查詢頁 https://consumer.fda.gov.tw/Food/TFND.aspx?nodeID=178 ; 整合編號=L0124301 (樣品基本資料)
乳品類,中脂調味乳(鈣強化),"牛乳,牛奶",Reduced fat flavored composite and recombined milk: calcium enriched,L0124401,68.0,2.3,2.6,8.9,衛生福利部食品藥物管理署 台灣食品成分資料庫(食品營養成分資料庫)開放資料; 下載自 https://data.fda.gov.tw/data/opendata/export/20/csv (政府資料開放平臺 data.gov.tw dataset id 8543 / TFDA opendata InfoId=20); 查詢頁 https://consumer.fda.gov.tw/Food/TFND.aspx?nodeID=178 ; 整合編號=L0124401 (樣品基本資料)
乳品類,中脂調味乳(維生素強化),"牛乳,牛奶",Reduced fat flavored composite and recombined milk: multi-vitamins enriched ,L0124501,60.0,2.0,1.9,8.6,衛生福利部食品藥物管理署 台灣食品成分資料庫(食品營養成分資料庫)開放資料; 下載自 https://data.fda.gov.tw/data/opendata/export/20/csv (政府資料開放平臺 data.gov.tw dataset id 8543 / TFDA opendata InfoId=20); 查詢頁 https://consumer.fda.gov.tw/Food/TFND.aspx?nodeID=178 ; 整合編號=L0124501 (樣品基本資料)
乳品類,中脂調味乳(纖維&維生素E強化),"牛乳,牛奶",Reduced fat flavored composite and recombined milk: fiber & vitamin E enriched ,L0124601,66.0,2.4,2.1,9.3,衛生福利部食品藥物管理署 台灣食品成分資料庫(食品營養成分資料庫)開放資料; 下載自 https://data.fda.gov.tw/data/opendata/export/20/csv (政府資料開放平臺 data.gov.tw dataset id 8543 / TFDA opendata InfoId=20); 查詢頁 https://consumer.fda.gov.tw/Food/TFND.aspx?nodeID=178 ; 整合編號=L0124601 (樣品基本資料)
乳品類,低脂調味乳(木瓜),"牛乳,牛奶",Low-fat flavored composite and recombined milk: papaya flavor,L0126101,61.0,1.8,1.3,10.5,衛生福利部食品藥物管理署 台灣食品成分資料庫(食品營養成分資料庫)開放資料; 下載自 https://data.fda.gov.tw/data/opendata/export/20/csv (政府資料開放平臺 data.gov.tw dataset id 8543 / TFDA opendata InfoId=20); 查詢頁 https://consumer.fda.gov.tw/Food/TFND.aspx?nodeID=178 ; 整合編號=L0126101 (樣品基本資料)
乳品類,高脂保久乳,"牛乳,牛奶",High fat sterilized milk,L0130101,71.0,3.1,5.1,3.4,衛生福利部食品藥物管理署 台灣食品成分資料庫(食品營養成分資料庫)開放資料; 下載自 https://data.fda.gov.tw/data/opendata/export/20/csv (政府資料開放平臺 data.gov.tw dataset id 8543 / TFDA opendata InfoId=20); 查詢頁 https://consumer.fda.gov.tw/Food/TFND.aspx?nodeID=178 ; 整合編號=L0130101 (樣品基本資料)
乳品類,全脂保久乳,"牛乳,牛奶",Whole sterilized milk,L0132101,62.0,3.0,3.4,5.1,衛生福利部食品藥物管理署 台灣食品成分資料庫(食品營養成分資料庫)開放資料; 下載自 https://data.fda.gov.tw/data/opendata/export/20/csv (政府資料開放平臺 data.gov.tw dataset id 8543 / TFDA opendata InfoId=20); 查詢頁 https://consumer.fda.gov.tw/Food/TFND.aspx?nodeID=178 ; 整合編號=L0132101 (樣品基本資料)
乳品類,中脂保久乳,"牛乳,牛奶",Medium fat sterilized milk,L0134101,48.0,3.2,1.8,4.8,衛生福利部食品藥物管理署 台灣食品成分資料庫(食品營養成分資料庫)開放資料; 下載自 https://data.fda.gov.tw/data/opendata/export/20/csv (政府資料開放平臺 data.gov.tw dataset id 8543 / TFDA opendata InfoId=20); 查詢頁 https://consumer.fda.gov.tw/Food/TFND.aspx?nodeID=178 ; 整合編號=L0134101 (樣品基本資料)
乳品類,低脂強化保久乳(寡糖強化),"牛乳,牛奶",Low-fat fortified Sterilized milk: oligo enriched,L0146101,46.0,3.2,1.0,6.0,衛生福利部食品藥物管理署 台灣食品成分資料庫(食品營養成分資料庫)開放資料; 下載自 https://data.fda.gov.tw/data/opendata/export/20/csv (政府資料開放平臺 data.gov.tw dataset id 8543 / TFDA opendata InfoId=20); 查詢頁 https://consumer.fda.gov.tw/Food/TFND.aspx?nodeID=178 ; 整合編號=L0146101 (樣品基本資料)
乳品類,中脂調味保久乳(巧克力),"牛乳,牛奶",Reduced fat flavored composite and recombined sterilized milk: chocolate flavor,L0154101,60.0,1.9,1.7,9.3,衛生福利部食品藥物管理署 台灣食品成分資料庫(食品營養成分資料庫)開放資料; 下載自 https://data.fda.gov.tw/data/opendata/export/20/csv (政府資料開放平臺 data.gov.tw dataset id 8543 / TFDA opendata InfoId=20); 查詢頁 https://consumer.fda.gov.tw/Food/TFND.aspx?nodeID=178 ; 整合編號=L0154101 (樣品基本資料)
乳品類,中脂調味保久乳(布丁),"牛乳,牛奶",Reduced fat flavored composite and recombined sterilized milk: pudding flavor,L0154201,61.0,1.6,1.7,9.8,衛生福利部食品藥物管理署 台灣食品成分資料庫(食品營養成分資料庫)開放資料; 下載自 https://data.fda.gov.tw/data/opendata/export/20/csv (政府資料開放平臺 data.gov.tw dataset id 8543 / TFDA opendata InfoId=20); 查詢頁 https://consumer.fda.gov.tw/Food/TFND.aspx?nodeID=178 ; 整合編號=L0154201 (樣品基本資料)
乳品類,全脂奶粉,乳粉,Whole milk powder ,L0200101,504.0,26.4,28.2,37.0,衛生福利部食品藥物管理署 台灣食品成分資料庫(食品營養成分資料庫)開放資料; 下載自 https://data.fda.gov.tw/data/opendata/export/20/csv (政府資料開放平臺 data.gov.tw dataset id 8543 / TFDA opendata InfoId=20); 查詢頁 https://consumer.fda.gov.tw/Food/TFND.aspx?nodeID=178 ; 整合編號=L0200101 (樣品基本資料)
乳品類,部份脫脂奶粉,乳粉,Partly skimmed milk powder ,L0204101,420.0,32.8,11.6,46.1,衛生福利部食品藥物管理署 台灣食品成分資料庫(食品營養成分資料庫)開放資料; 下載自 https://data.fda.gov.tw/data/opendata/export/20/csv (政府資料開放平臺 data.gov.tw dataset id 8543 / TFDA opendata InfoId=20); 查詢頁 https://consumer.fda.gov.tw/Food/TFND.aspx?nodeID=178 ; 整合編號=L0204101 (樣品基本資料)
乳品類,部份脫脂奶粉(即溶),乳粉,Partly skimmed milk powder: instant,L0204201,445.0,23.7,16.4,51.6,衛生福利部食品藥物管理署 台灣食品成分資料庫(食品營養成分資料庫)開放資料; 下載自 https://data.fda.gov.tw/data/opendata/export/20/csv (政府資料開放平臺 data.gov.tw dataset id 8543 / TFDA opendata InfoId=20); 查詢頁 https://consumer.fda.gov.tw/Food/TFND.aspx?nodeID=178 ; 整合編號=L0204201 (樣品基本資料)
乳品類,部份脫脂低乳糖奶粉,乳粉,Partly skimmed low lactose milk powder,L0204301,416.0,34.6,10.4,45.6,衛生福利部食品藥物管理署 台灣食品成分資料庫(食品營養成分資料庫)開放資料; 下載自 https://data.fda.gov.tw/data/opendata/export/20/csv (政府資料開放平臺 data.gov.tw dataset id 8543 / TFDA opendata InfoId=20); 查詢頁 https://consumer.fda.gov.tw/Food/TFND.aspx?nodeID=178 ; 整合編號=L0204301 (樣品基本資料)
乳品類,脫脂奶粉,乳粉,Skimmed milk powder ,L0207101,361.0,36.2,0.9,51.2,衛生福利部食品藥物管理署 台灣食品成分資料庫(食品營養成分資料庫)開放資料; 下載自 https://data.fda.gov.tw/data/opendata/export/20/csv (政府資料開放平臺 data.gov.tw dataset id 8543 / TFDA opendata InfoId=20); 查詢頁 https://consumer.fda.gov.tw/Food/TFND.aspx?nodeID=178 ; 整合編號=L0207101 (樣品基本資料)
乳品類,脫脂奶粉(即溶),乳粉,Skimmed milk powder: instant,L0207201,360.0,38.0,1.0,48.8,衛生福利部食品藥物管理署 台灣食品成分資料庫(食品營養成分資料庫)開放資料; 下載自 https://data.fda.gov.tw/data/opendata/export/20/csv (政府資料開放平臺 data.gov.tw dataset id 8543 / TFDA opendata InfoId=20); 查詢頁 https://consumer.fda.gov.tw/Food/TFND.aspx?nodeID=178 ; 整合編號=L0207201 (樣品基本資料)
乳品類,全脂強化奶粉(纖維強化),乳粉,Whole fortified milk powder: fiber enriched ,L0211101,500.0,25.6,27.0,39.5,衛生福利部食品藥物管理署 台灣食品成分資料庫(食品營養成分資料庫)開放資料; 下載自 https://data.fda.gov.tw/data/opendata/export/20/csv (政府資料開放平臺 data.gov.tw dataset id 8543 / TFDA opendata InfoId=20); 查詢頁 https://consumer.fda.gov.tw/Food/TFND.aspx?nodeID=178 ; 整合編號=L0211101 (樣品基本資料)
乳品類,部份脫脂強化奶粉(鈣強化),乳粉,Partly skimmed fortified milk powder: calcium enriched,L0214101,408.0,25.0,11.8,51.0,衛生福利部食品藥物管理署 台灣食品成分資料庫(食品營養成分資料庫)開放資料; 下載自 https://data.fda.gov.tw/data/opendata/export/20/csv (政府資料開放平臺 data.gov.tw dataset id 8543 / TFDA opendata InfoId=20); 查詢頁 https://consumer.fda.gov.tw/Food/TFND.aspx?nodeID=178 ; 整合編號=L0214101 (樣品基本資料)
乳品類,部份脫脂強化奶粉(纖維&DHA強化),乳粉,Partly skimmed fortified milk powder: fiber & DHA enriched,L0214201,476.0,23.2,22.1,47.3,衛生福利部食品藥物管理署 台灣食品成分資料庫(食品營養成分資料庫)開放資料; 下載自 https://data.fda.gov.tw/data/opendata/export/20/csv (政府資料開放平臺 data.gov.tw dataset id 8543 / TFDA opendata InfoId=20); 查詢頁 https://consumer.fda.gov.tw/Food/TFND.aspx?nodeID=178 ; 整合編號=L0214201 (樣品基本資料)
乳品類,部份脫脂強化奶粉(纖維&鈣強化),乳粉,Partly skimmed fortified milk powder: fiber & calcium enriched,L0214301,375.0,35.9,3.7,48.9,衛生福利部食品藥物管理署 台灣食品成分資料庫(食品營養成分資料庫)開放資料; 下載自 https://data.fda.gov.tw/data/opendata/export/20/csv (政府資料開放平臺 data.gov.tw dataset id 8543 / TFDA opendata InfoId=20); 查詢頁 https://consumer.fda.gov.tw/Food/TFND.aspx?nodeID=178 ; 整合編號=L0214301 (樣品基本資料)
乳品類,部份脫脂強化奶粉(脂肪酸調整),乳粉,Partly skimmed fortified milk powder: fatty acid modified,L0214401,481.0,22.7,23.5,45.9,衛生福利部食品藥物管理署 台灣食品成分資料庫(食品營養成分資料庫)開放資料; 下載自 https://data.fda.gov.tw/data/opendata/export/20/csv (政府資料開放平臺 data.gov.tw dataset id 8543 / TFDA opendata InfoId=20); 查詢頁 https://consumer.fda.gov.tw/Food/TFND.aspx?nodeID=178 ; 整合編號=L0214401 (樣品基本資料)
乳品類,脫脂強化奶粉(抗氧化),乳粉,Skimmed fortified milk powder: antioxidant,L0217101,366.0,32.3,1.0,56.6,衛生福利部食品藥物管理署 台灣食品成分資料庫(食品營養成分資料庫)開放資料; 下載自 https://data.fda.gov.tw/data/opendata/export/20/csv (政府資料開放平臺 data.gov.tw dataset id 8543 / TFDA opendata InfoId=20); 查詢頁 https://consumer.fda.gov.tw/Food/TFND.aspx?nodeID=178 ; 整合編號=L0217101 (樣品基本資料)
乳品類,脫脂強化奶粉(鈣&維生素A強化),乳粉,Skimmed fortified milk powder: calcium & vitamin A enriched,L0217201,360.0,38.0,1.0,48.8,衛生福利部食品藥物管理署 台灣食品成分資料庫(食品營養成分資料庫)開放資料; 下載自 https://data.fda.gov.tw/data/opendata/export/20/csv (政府資料開放平臺 data.gov.tw dataset id 8543 / TFDA opendata InfoId=20); 查詢頁 https://consumer.fda.gov.tw/Food/TFND.aspx?nodeID=178 ; 整合編號=L0217201 (樣品基本資料)
乳品類,"脫脂強化奶粉(鈣&維生素C,E強化)",乳粉,Skimmed fortified milk powder: calcium & vitamin C/E enriched,L0217301,360.0,32.8,0.7,55.4,衛生福利部食品藥物管理署 台灣食品成分資料庫(食品營養成分資料庫)開放資料; 下載自 https://data.fda.gov.tw/data/opendata/export/20/csv (政府資料開放平臺 data.gov.tw dataset id 8543 / TFDA opendata InfoId=20); 查詢頁 https://consumer.fda.gov.tw/Food/TFND.aspx?nodeID=178 ; 整合編號=L0217301 (樣品基本資料)
乳品類,脫脂強化奶粉(鈣&鐵強化),乳粉,Skimmed fortified milk powder: calcium & iron enriched,L0217401,360.0,35.6,0.7,52.3,衛生福利部食品藥物管理署 台灣食品成分資料庫(食品營養成分資料庫)開放資料; 下載自 https://data.fda.gov.tw/data/opendata/export/20/csv (政府資料開放平臺 data.gov.tw dataset id 8543 / TFDA opendata InfoId=20); 查詢頁 https://consumer.fda.gov.tw/Food/TFND.aspx?nodeID=178 ; 整合編號=L0217401 (樣品基本資料)
乳品類,部份脫脂調味奶粉(巧克力),乳粉,Partly skimmed modified milk powder: chocolate flavor,L0224101,406.0,14.1,6.9,71.9,衛生福利部食品藥物管理署 台灣食品成分資料庫(食品營養成分資料庫)開放資料; 下載自 https://data.fda.gov.tw/data/opendata/export/20/csv (政府資料開放平臺 data.gov.tw dataset id 8543 / TFDA opendata InfoId=20); 查詢頁 https://consumer.fda.gov.tw/Food/TFND.aspx?nodeID=178 ; 整合編號=L0224101 (樣品基本資料)
乳品類,部份脫脂調味奶粉(果汁),乳粉,Partly skimmed modified milk powder: fruit flavor,L0224201,435.0,19.8,12.3,61.4,衛生福利部食品藥物管理署 台灣食品成分資料庫(食品營養成分資料庫)開放資料; 下載自 https://data.fda.gov.tw/data/opendata/export/20/csv (政府資料開放平臺 data.gov.tw dataset id 8543 / TFDA opendata InfoId=20); 查詢頁 https://consumer.fda.gov.tw/Food/TFND.aspx?nodeID=178 ; 整合編號=L0224201 (樣品基本資料)
乳品類,脫脂稀釋發酵乳,活菌乳酸飲料,Skimmed diluted fermented milk,L0308101,68.0,1.1,0.1,15.8,衛生福利部食品藥物管理署 台灣食品成分資料庫(食品營養成分資料庫)開放資料; 下載自 https://data.fda.gov.tw/data/opendata/export/20/csv (政府資料開放平臺 data.gov.tw dataset id 8543 / TFDA opendata InfoId=20); 查詢頁 https://consumer.fda.gov.tw/Food/TFND.aspx?nodeID=178 ; 整合編號=L0308101 (樣品基本資料)
乳品類,脫脂稀釋發酵乳(鈣強化),活菌乳酸飲料,Skimmed diluted fermented milk: calcium enriched,L0308201,72.0,1.0,0.1,16.9,衛生福利部食品藥物管理署 台灣食品成分資料庫(食品營養成分資料庫)開放資料; 下載自 https://data.fda.gov.tw/data/opendata/export/20/csv (政府資料開放平臺 data.gov.tw dataset id 8543 / TFDA opendata InfoId=20); 查詢頁 https://consumer.fda.gov.tw/Food/TFND.aspx?nodeID=178 ; 整合編號=L0308201 (樣品基本資料)
乳品類,全脂濃稠發酵乳,優酪乳,Whole concentrated fermented milk,L0312101,90.0,4.1,3.2,11.3,衛生福利部食品藥物管理署 台灣食品成分資料庫(食品營養成分資料庫)開放資料; 下載自 https://data.fda.gov.tw/data/opendata/export/20/csv (政府資料開放平臺 data.gov.tw dataset id 8543 / TFDA opendata InfoId=20); 查詢頁 https://consumer.fda.gov.tw/Food/TFND.aspx?nodeID=178 ; 整合編號=L0312101 (樣品基本資料)
乳品類,中脂濃稠發酵乳,優酪乳,Medium fat concentrated fermented milk,L0314101,82.0,2.9,2.3,12.6,衛生福利部食品藥物管理署 台灣食品成分資料庫(食品營養成分資料庫)開放資料; 下載自 https://data.fda.gov.tw/data/opendata/export/20/csv (政府資料開放平臺 data.gov.tw dataset id 8543 / TFDA opendata InfoId=20); 查詢頁 https://consumer.fda.gov.tw/Food/TFND.aspx?nodeID=178 ; 整合編號=L0314101 (樣品基本資料)
乳品類,中脂濃稠發酵乳(無糖&纖維強化),優酪乳,"Medium fat concentrated fermented milk: non-sugar, fiber enriched",L0314201,74.0,3.2,2.2,10.4,衛生福利部食品藥物管理署 台灣食品成分資料庫(食品營養成分資料庫)開放資料; 下載自 https://data.fda.gov.tw/data/opendata/export/20/csv (政府資料開放平臺 data.gov.tw dataset id 8543 / TFDA opendata InfoId=20); 查詢頁 https://consumer.fda.gov.tw/Food/TFND.aspx?nodeID=178 ; 整合編號=L0314201 (樣品基本資料)
乳品類,中脂濃稠發酵乳(草莓),優酪乳,Medium fat concentrated fermented milk: strawberry flavor,L0314301,89.0,3.1,2.7,13.0,衛生福利部食品藥物管理署 台灣食品成分資料庫(食品營養成分資料庫)開放資料; 下載自 https://data.fda.gov.tw/data/opendata/export/20/csv (政府資料開放平臺 data.gov.tw dataset id 8543 / TFDA opendata InfoId=20); 查詢頁 https://consumer.fda.gov.tw/Food/TFND.aspx?nodeID=178 ; 整合編號=L0314301 (樣品基本資料)
乳品類,低脂濃稠發酵乳,優酪乳,Low-fat concentrated fermented milk,L0316101,73.0,2.3,1.1,13.6,衛生福利部食品藥物管理署 台灣食品成分資料庫(食品營養成分資料庫)開放資料; 下載自 https://data.fda.gov.tw/data/opendata/export/20/csv (政府資料開放平臺 data.gov.tw dataset id 8543 / TFDA opendata InfoId=20); 查詢頁 https://consumer.fda.gov.tw/Food/TFND.aspx?nodeID=178 ; 整合編號=L0316101 (樣品基本資料)
乳品類,脫脂濃稠發酵乳,優酪乳,Skimmed concentrated fermented milk,L0318101,64.0,3.0,0.4,12.1,衛生福利部食品藥物管理署 台灣食品成分資料庫(食品營養成分資料庫)開放資料; 下載自 https://data.fda.gov.tw/data/opendata/export/20/csv (政府資料開放平臺 data.gov.tw dataset id 8543 / TFDA opendata InfoId=20); 查詢頁 https://consumer.fda.gov.tw/Food/TFND.aspx?nodeID=178 ; 整合編號=L0318101 (樣品基本資料)
乳品類,脫脂濃稠發酵乳(低熱量),優酪乳,Skimmed concentrated fermented milk: low calorie,L0318201,37.0,2.0,0.1,6.9,衛生福利部食品藥物管理署 台灣食品成分資料庫(食品營養成分資料庫)開放資料; 下載自 https://data.fda.gov.tw/data/opendata/export/20/csv (政府資料開放平臺 data.gov.tw dataset id 8543 / TFDA opendata InfoId=20); 查詢頁 https://consumer.fda.gov.tw/Food/TFND.aspx?nodeID=178 ; 整合編號=L0318201 (樣品基本資料)
乳品類,脫脂濃稠發酵乳(草莓),優酪乳,Skimmed concentrated fermented milk: strawberry flavor,L0318301,68.0,2.3,0.4,13.8,衛生福利部食品藥物管理署 台灣食品成分資料庫(食品營養成分資料庫)開放資料; 下載自 https://data.fda.gov.tw/data/opendata/export/20/csv (政府資料開放平臺 data.gov.tw dataset id 8543 / TFDA opendata InfoId=20); 查詢頁 https://consumer.fda.gov.tw/Food/TFND.aspx?nodeID=178 ; 整合編號=L0318301 (樣品基本資料)
乳品類,脫脂濃稠發酵乳(啤酒酵母),優酪乳,Skimmed concentrated fermented milk,L0318401,34.0,2.1,0.1,6.4,衛生福利部食品藥物管理署 台灣食品成分資料庫(食品營養成分資料庫)開放資料; 下載自 https://data.fda.gov.tw/data/opendata/export/20/csv (政府資料開放平臺 data.gov.tw dataset id 8543 / TFDA opendata InfoId=20); 查詢頁 https://consumer.fda.gov.tw/Food/TFND.aspx?nodeID=178 ; 整合編號=L0318401 (樣品基本資料)
乳品類,高脂凝態發酵乳(纖維強化),優格,High fat yoghurt: fiber enriched,L0320101,95.0,3.2,3.8,11.9,衛生福利部食品藥物管理署 台灣食品成分資料庫(食品營養成分資料庫)開放資料; 下載自 https://data.fda.gov.tw/data/opendata/export/20/csv (政府資料開放平臺 data.gov.tw dataset id 8543 / TFDA opendata InfoId=20); 查詢頁 https://consumer.fda.gov.tw/Food/TFND.aspx?nodeID=178 ; 整合編號=L0320101 (樣品基本資料)
乳品類,全脂凝態發酵乳,優格,Whole yoghurt,L0322101,97.0,3.1,3.3,13.6,衛生福利部食品藥物管理署 台灣食品成分資料庫(食品營養成分資料庫)開放資料; 下載自 https://data.fda.gov.tw/data/opendata/export/20/csv (政府資料開放平臺 data.gov.tw dataset id 8543 / TFDA opendata InfoId=20); 查詢頁 https://consumer.fda.gov.tw/Food/TFND.aspx?nodeID=178 ; 整合編號=L0322101 (樣品基本資料)
乳品類,中脂凝態發酵乳(草莓),優格,Medium fat yoghurt: strawberry flavor,L0324101,102.0,3.7,2.7,15.7,衛生福利部食品藥物管理署 台灣食品成分資料庫(食品營養成分資料庫)開放資料; 下載自 https://data.fda.gov.tw/data/opendata/export/20/csv (政府資料開放平臺 data.gov.tw dataset id 8543 / TFDA opendata InfoId=20); 查詢頁 https://consumer.fda.gov.tw/Food/TFND.aspx?nodeID=178 ; 整合編號=L0324101 (樣品基本資料)
乳品類,中脂凝態發酵乳(蘆薈),優格,Medium fat yoghurt: aloe flavor,L0324201,90.0,1.7,2.5,15.1,衛生福利部食品藥物管理署 台灣食品成分資料庫(食品營養成分資料庫)開放資料; 下載自 https://data.fda.gov.tw/data/opendata/export/20/csv (政府資料開放平臺 data.gov.tw dataset id 8543 / TFDA opendata InfoId=20); 查詢頁 https://consumer.fda.gov.tw/Food/TFND.aspx?nodeID=178 ; 整合編號=L0324201 (樣品基本資料)
乳品類,脫脂凝態發酵乳(纖維強化),優格,Skimmed yoghurt: fiber enriched,L0328101,84.0,4.1,0.5,15.9,衛生福利部食品藥物管理署 台灣食品成分資料庫(食品營養成分資料庫)開放資料; 下載自 https://data.fda.gov.tw/data/opendata/export/20/csv (政府資料開放平臺 data.gov.tw dataset id 8543 / TFDA opendata InfoId=20); 查詢頁 https://consumer.fda.gov.tw/Food/TFND.aspx?nodeID=178 ; 整合編號=L0328101 (樣品基本資料)
乳品類,脫脂保久稀釋發酵乳,乳酸飲料,Skimmed diluted fermented milk: sterilized,L0338101,46.0,0.1,0.1,11.0,衛生福利部食品藥物管理署 台灣食品成分資料庫(食品營養成分資料庫)開放資料; 下載自 https://data.fda.gov.tw/data/opendata/export/20/csv (政府資料開放平臺 data.gov.tw dataset id 8543 / TFDA opendata InfoId=20); 查詢頁 https://consumer.fda.gov.tw/Food/TFND.aspx?nodeID=178 ; 整合編號=L0338101 (樣品基本資料)
乳品類,脫脂保久濃稠發酵乳(草莓&蘋果),保久優酪乳,"Skimmed concentrated fermented milk: sterilized, strawberry & apple flavor",L0348101,68.0,3.0,0.2,13.6,衛生福利部食品藥物管理署 台灣食品成分資料庫(食品營養成分資料庫)開放資料; 下載自 https://data.fda.gov.tw/data/opendata/export/20/csv (政府資料開放平臺 data.gov.tw dataset id 8543 / TFDA opendata InfoId=20); 查詢頁 https://consumer.fda.gov.tw/Food/TFND.aspx?nodeID=178 ; 整合編號=L0348101 (樣品基本資料)
乳品類,淡煉乳,"蒸發乳,奶水",Evaporated milk,L0400101,137.0,6.5,8.3,9.1,衛生福利部食品藥物管理署 台灣食品成分資料庫(食品營養成分資料庫)開放資料; 下載自 https://data.fda.gov.tw/data/opendata/export/20/csv (政府資料開放平臺 data.gov.tw dataset id 8543 / TFDA opendata InfoId=20); 查詢頁 https://consumer.fda.gov.tw/Food/TFND.aspx?nodeID=178 ; 整合編號=L0400101 (樣品基本資料)
乳品類,加糖部份脫脂煉乳,,Sweetened condensed partly skim milk,L0400201,325.0,7.5,7.8,56.2,衛生福利部食品藥物管理署 台灣食品成分資料庫(食品營養成分資料庫)開放資料; 下載自 https://data.fda.gov.tw/data/opendata/export/20/csv (政府資料開放平臺 data.gov.tw dataset id 8543 / TFDA opendata InfoId=20); 查詢頁 https://consumer.fda.gov.tw/Food/TFND.aspx?nodeID=178 ; 整合編號=L0400201 (樣品基本資料)
乳品類,切片乾酪,"起司,芝士(市售亦稱""乳酪"")",Cheese: slice,L0500101,309.0,18.3,23.7,5.9,衛生福利部食品藥物管理署 台灣食品成分資料庫(食品營養成分資料庫)開放資料; 下載自 https://data.fda.gov.tw/data/opendata/export/20/csv (政府資料開放平臺 data.gov.tw dataset id 8543 / TFDA opendata InfoId=20); 查詢頁 https://consumer.fda.gov.tw/Food/TFND.aspx?nodeID=178 ; 整合編號=L0500101 (樣品基本資料)
乳品類,切片乾酪(低脂),"起司,芝士(市售亦稱""乳酪"")","Cheese: low-fat, slice",L0500201,241.0,21.7,13.0,8.8,衛生福利部食品藥物管理署 台灣食品成分資料庫(食品營養成分資料庫)開放資料; 下載自 https://data.fda.gov.tw/data/opendata/export/20/csv (政府資料開放平臺 data.gov.tw dataset id 8543 / TFDA opendata InfoId=20); 查詢頁 https://consumer.fda.gov.tw/Food/TFND.aspx?nodeID=178 ; 整合編號=L0500201 (樣品基本資料)
乳品類,刨絲乾酪,"起司,芝士(市售亦稱""乳酪"")",Cheese,L0500301,323.0,25.1,22.6,4.4,衛生福利部食品藥物管理署 台灣食品成分資料庫(食品營養成分資料庫)開放資料; 下載自 https://data.fda.gov.tw/data/opendata/export/20/csv (政府資料開放平臺 data.gov.tw dataset id 8543 / TFDA opendata InfoId=20); 查詢頁 https://consumer.fda.gov.tw/Food/TFND.aspx?nodeID=178 ; 整合編號=L0500301 (樣品基本資料)
乳品類,乾酪粉,"起司粉,芝士粉(市售亦稱""乳酪粉"")",Cheese powder,L0500401,480.0,40.4,34.0,3.1,衛生福利部食品藥物管理署 台灣食品成分資料庫(食品營養成分資料庫)開放資料; 下載自 https://data.fda.gov.tw/data/opendata/export/20/csv (政府資料開放平臺 data.gov.tw dataset id 8543 / TFDA opendata InfoId=20); 查詢頁 https://consumer.fda.gov.tw/Food/TFND.aspx?nodeID=178 ; 整合編號=L0500401 (樣品基本資料)
乳品類,鮮奶可可,"巧克力牛奶,阿華田拿鐵",,L1000101,80.0,2.1,2.7,11.6,衛生福利部食品藥物管理署 台灣食品成分資料庫(食品營養成分資料庫)開放資料; 下載自 https://data.fda.gov.tw/data/opendata/export/20/csv (政府資料開放平臺 data.gov.tw dataset id 8543 / TFDA opendata InfoId=20); 查詢頁 https://consumer.fda.gov.tw/Food/TFND.aspx?nodeID=178 ; 整合編號=L1000101 (樣品基本資料)
乳品類,木瓜牛奶,,,L1000201,42.0,1.7,0.6,7.7,衛生福利部食品藥物管理署 台灣食品成分資料庫(食品營養成分資料庫)開放資料; 下載自 https://data.fda.gov.tw/data/opendata/export/20/csv (政府資料開放平臺 data.gov.tw dataset id 8543 / TFDA opendata InfoId=20); 查詢頁 https://consumer.fda.gov.tw/Food/TFND.aspx?nodeID=178 ; 整合編號=L1000201 (樣品基本資料)
乳品類,高脂鮮羊乳,羊奶,Whole fresh goat milk,L1100101,65.0,3.4,4.0,4.2,衛生福利部食品藥物管理署 台灣食品成分資料庫(食品營養成分資料庫)開放資料; 下載自 https://data.fda.gov.tw/data/opendata/export/20/csv (政府資料開放平臺 data.gov.tw dataset id 8543 / TFDA opendata InfoId=20); 查詢頁 https://consumer.fda.gov.tw/Food/TFND.aspx?nodeID=178 ; 整合編號=L1100101 (樣品基本資料)
乳品類,中脂鮮羊乳,羊奶,Medium fat fresh goat milk,L1104101,48.0,2.7,2.4,3.9,衛生福利部食品藥物管理署 台灣食品成分資料庫(食品營養成分資料庫)開放資料; 下載自 https://data.fda.gov.tw/data/opendata/export/20/csv (政府資料開放平臺 data.gov.tw dataset id 8543 / TFDA opendata InfoId=20); 查詢頁 https://consumer.fda.gov.tw/Food/TFND.aspx?nodeID=178 ; 整合編號=L1104101 (樣品基本資料)
乳品類,保久羊乳,羊奶,Sterilized goat milk,L1132101,59.0,3.0,3.3,4.5,衛生福利部食品藥物管理署 台灣食品成分資料庫(食品營養成分資料庫)開放資料; 下載自 https://data.fda.gov.tw/data/opendata/export/20/csv (政府資料開放平臺 data.gov.tw dataset id 8543 / TFDA opendata InfoId=20); 查詢頁 https://consumer.fda.gov.tw/Food/TFND.aspx?nodeID=178 ; 整合編號=L1132101 (樣品基本資料)
乳品類,中脂調味保久羊乳(巧克力),羊奶,Reduced fat flavored composite and recombined sterilized goat milk: chocolate flavor,L1154101,59.0,1.1,1.5,10.3,衛生福利部食品藥物管理署 台灣食品成分資料庫(食品營養成分資料庫)開放資料; 下載自 https://data.fda.gov.tw/data/opendata/export/20/csv (政府資料開放平臺 data.gov.tw dataset id 8543 / TFDA opendata InfoId=20); 查詢頁 https://consumer.fda.gov.tw/Food/TFND.aspx?nodeID=178 ; 整合編號=L1154101 (樣品基本資料)
乳品類,中脂調味保久羊乳(果汁),羊奶,Reduced fat flavored composite and recombined sterilized goat milk: fruit flavor,L1154201,75.0,2.9,2.8,9.5,衛生福利部食品藥物管理署 台灣食品成分資料庫(食品營養成分資料庫)開放資料; 下載自 https://data.fda.gov.tw/data/opendata/export/20/csv (政府資料開放平臺 data.gov.tw dataset id 8543 / TFDA opendata InfoId=20); 查詢頁 https://consumer.fda.gov.tw/Food/TFND.aspx?nodeID=178 ; 整合編號=L1154201 (樣品基本資料)
乳品類,全脂羊奶粉,羊乳粉,Whole goat milk powder,L1200101,510.0,26.7,29.8,34.8,衛生福利部食品藥物管理署 台灣食品成分資料庫(食品營養成分資料庫)開放資料; 下載自 https://data.fda.gov.tw/data/opendata/export/20/csv (政府資料開放平臺 data.gov.tw dataset id 8543 / TFDA opendata InfoId=20); 查詢頁 https://consumer.fda.gov.tw/Food/TFND.aspx?nodeID=178 ; 整合編號=L1200101 (樣品基本資料)
乳品類,全脂羊奶粉(即溶),羊乳粉,Whole goat milk powder,L1200201,517.0,25.9,30.8,35.1,衛生福利部食品藥物管理署 台灣食品成分資料庫(食品營養成分資料庫)開放資料; 下載自 https://data.fda.gov.tw/data/opendata/export/20/csv (政府資料開放平臺 data.gov.tw dataset id 8543 / TFDA opendata InfoId=20); 查詢頁 https://consumer.fda.gov.tw/Food/TFND.aspx?nodeID=178 ; 整合編號=L1200201 (樣品基本資料)
加工調理食品及其他類,廣東粥,,Catonese congee,R0100101,81.0,4.9,2.8,9.1,衛生福利部食品藥物管理署 台灣食品成分資料庫(食品營養成分資料庫)開放資料; 下載自 https://data.fda.gov.tw/data/opendata/export/20/csv (政府資料開放平臺 data.gov.tw dataset id 8543 / TFDA opendata InfoId=20); 查詢頁 https://consumer.fda.gov.tw/Food/TFND.aspx?nodeID=178 ; 整合編號=R0100101 (樣品基本資料)
加工調理食品及其他類,冷凍火腿炒飯,,Fried rice,R0200101,189.0,5.0,5.6,29.7,衛生福利部食品藥物管理署 台灣食品成分資料庫(食品營養成分資料庫)開放資料; 下載自 https://data.fda.gov.tw/data/opendata/export/20/csv (政府資料開放平臺 data.gov.tw dataset id 8543 / TFDA opendata InfoId=20); 查詢頁 https://consumer.fda.gov.tw/Food/TFND.aspx?nodeID=178 ; 整合編號=R0200101 (樣品基本資料)
加工調理食品及其他類,冷凍蝦仁炒飯,,Fried rice,R0200201,148.0,4.7,3.4,24.6,衛生福利部食品藥物管理署 台灣食品成分資料庫(食品營養成分資料庫)開放資料; 下載自 https://data.fda.gov.tw/data/opendata/export/20/csv (政府資料開放平臺 data.gov.tw dataset id 8543 / TFDA opendata InfoId=20); 查詢頁 https://consumer.fda.gov.tw/Food/TFND.aspx?nodeID=178 ; 整合編號=R0200201 (樣品基本資料)
加工調理食品及其他類,三角飯糰(肉鬆),,,R0300101,219.0,5.8,5.5,36.6,衛生福利部食品藥物管理署 台灣食品成分資料庫(食品營養成分資料庫)開放資料; 下載自 https://data.fda.gov.tw/data/opendata/export/20/csv (政府資料開放平臺 data.gov.tw dataset id 8543 / TFDA opendata InfoId=20); 查詢頁 https://consumer.fda.gov.tw/Food/TFND.aspx?nodeID=178 ; 整合編號=R0300101 (樣品基本資料)
加工調理食品及其他類,糯米飯糰,,,R0300201,335.0,5.9,17.6,38.3,衛生福利部食品藥物管理署 台灣食品成分資料庫(食品營養成分資料庫)開放資料; 下載自 https://data.fda.gov.tw/data/opendata/export/20/csv (政府資料開放平臺 data.gov.tw dataset id 8543 / TFDA opendata InfoId=20); 查詢頁 https://consumer.fda.gov.tw/Food/TFND.aspx?nodeID=178 ; 整合編號=R0300201 (樣品基本資料)
加工調理食品及其他類,壽司(豆皮壽司),稻禾壽司,,R0300301,194.0,6.3,4.7,31.7,衛生福利部食品藥物管理署 台灣食品成分資料庫(食品營養成分資料庫)開放資料; 下載自 https://data.fda.gov.tw/data/opendata/export/20/csv (政府資料開放平臺 data.gov.tw dataset id 8543 / TFDA opendata InfoId=20); 查詢頁 https://consumer.fda.gov.tw/Food/TFND.aspx?nodeID=178 ; 整合編號=R0300301 (樣品基本資料)
加工調理食品及其他類,肉粽,,,R0400101,235.0,8.2,8.8,30.7,衛生福利部食品藥物管理署 台灣食品成分資料庫(食品營養成分資料庫)開放資料; 下載自 https://data.fda.gov.tw/data/opendata/export/20/csv (政府資料開放平臺 data.gov.tw dataset id 8543 / TFDA opendata InfoId=20); 查詢頁 https://consumer.fda.gov.tw/Food/TFND.aspx?nodeID=178 ; 整合編號=R0400101 (樣品基本資料)
加工調理食品及其他類,鹼粽,,,R0400201,131.0,2.1,1.7,26.8,衛生福利部食品藥物管理署 台灣食品成分資料庫(食品營養成分資料庫)開放資料; 下載自 https://data.fda.gov.tw/data/opendata/export/20/csv (政府資料開放平臺 data.gov.tw dataset id 8543 / TFDA opendata InfoId=20); 查詢頁 https://consumer.fda.gov.tw/Food/TFND.aspx?nodeID=178 ; 整合編號=R0400201 (樣品基本資料)
加工調理食品及其他類,冷凍筒仔米糕,,,R0500301,212.0,6.5,5.8,33.6,衛生福利部食品藥物管理署 台灣食品成分資料庫(食品營養成分資料庫)開放資料; 下載自 https://data.fda.gov.tw/data/opendata/export/20/csv (政府資料開放平臺 data.gov.tw dataset id 8543 / TFDA opendata InfoId=20); 查詢頁 https://consumer.fda.gov.tw/Food/TFND.aspx?nodeID=178 ; 整合編號=R0500301 (樣品基本資料)
加工調理食品及其他類,筒仔米糕,,,R0500401,246.0,6.6,8.6,35.5,衛生福利部食品藥物管理署 台灣食品成分資料庫(食品營養成分資料庫)開放資料; 下載自 https://data.fda.gov.tw/data/opendata/export/20/csv (政府資料開放平臺 data.gov.tw dataset id 8543 / TFDA opendata InfoId=20); 查詢頁 https://consumer.fda.gov.tw/Food/TFND.aspx?nodeID=178 ; 整合編號=R0500401 (樣品基本資料)
加工調理食品及其他類,豬血糕,米血糕,,R0600101,194.0,8.6,0.9,37.8,衛生福利部食品藥物管理署 台灣食品成分資料庫(食品營養成分資料庫)開放資料; 下載自 https://data.fda.gov.tw/data/opendata/export/20/csv (政府資料開放平臺 data.gov.tw dataset id 8543 / TFDA opendata InfoId=20); 查詢頁 https://consumer.fda.gov.tw/Food/TFND.aspx?nodeID=178 ; 整合編號=R0600101 (樣品基本資料)
加工調理食品及其他類,鴨血糕,米血糕,,R0600201,193.0,6.7,1.1,39.1,衛生福利部食品藥物管理署 台灣食品成分資料庫(食品營養成分資料庫)開放資料; 下載自 https://data.fda.gov.tw/data/opendata/export/20/csv (政府資料開放平臺 data.gov.tw dataset id 8543 / TFDA opendata InfoId=20); 查詢頁 https://consumer.fda.gov.tw/Food/TFND.aspx?nodeID=178 ; 整合編號=R0600201 (樣品基本資料)
加工調理食品及其他類,肉圓,肉丸,,R0700101,136.0,3.1,1.6,27.3,衛生福利部食品藥物管理署 台灣食品成分資料庫(食品營養成分資料庫)開放資料; 下載自 https://data.fda.gov.tw/data/opendata/export/20/csv (政府資料開放平臺 data.gov.tw dataset id 8543 / TFDA opendata InfoId=20); 查詢頁 https://consumer.fda.gov.tw/Food/TFND.aspx?nodeID=178 ; 整合編號=R0700101 (樣品基本資料)
加工調理食品及其他類,清蒸蝦仁肉圓,肉丸,,R0700201,152.0,4.6,7.4,16.7,衛生福利部食品藥物管理署 台灣食品成分資料庫(食品營養成分資料庫)開放資料; 下載自 https://data.fda.gov.tw/data/opendata/export/20/csv (政府資料開放平臺 data.gov.tw dataset id 8543 / TFDA opendata InfoId=20); 查詢頁 https://consumer.fda.gov.tw/Food/TFND.aspx?nodeID=178 ; 整合編號=R0700201 (樣品基本資料)
加工調理食品及其他類,甜酒釀,,Fermented rice,R0800101,163.0,5.0,0.4,34.8,衛生福利部食品藥物管理署 台灣食品成分資料庫(食品營養成分資料庫)開放資料; 下載自 https://data.fda.gov.tw/data/opendata/export/20/csv (政府資料開放平臺 data.gov.tw dataset id 8543 / TFDA opendata InfoId=20); 查詢頁 https://consumer.fda.gov.tw/Food/TFND.aspx?nodeID=178 ; 整合編號=R0800101 (樣品基本資料)
加工調理食品及其他類,紫米酒釀,,,R0800201,155.0,4.2,0.4,33.6,衛生福利部食品藥物管理署 台灣食品成分資料庫(食品營養成分資料庫)開放資料; 下載自 https://data.fda.gov.tw/data/opendata/export/20/csv (政府資料開放平臺 data.gov.tw dataset id 8543 / TFDA opendata InfoId=20); 查詢頁 https://consumer.fda.gov.tw/Food/TFND.aspx?nodeID=178 ; 整合編號=R0800201 (樣品基本資料)
加工調理食品及其他類,冷凍芝麻湯圓,,,R0900101,352.0,4.8,16.3,46.7,衛生福利部食品藥物管理署 台灣食品成分資料庫(食品營養成分資料庫)開放資料; 下載自 https://data.fda.gov.tw/data/opendata/export/20/csv (政府資料開放平臺 data.gov.tw dataset id 8543 / TFDA opendata InfoId=20); 查詢頁 https://consumer.fda.gov.tw/Food/TFND.aspx?nodeID=178 ; 整合編號=R0900101 (樣品基本資料)
加工調理食品及其他類,冷凍花生湯圓,,,R0900201,350.0,5.2,15.6,47.1,衛生福利部食品藥物管理署 台灣食品成分資料庫(食品營養成分資料庫)開放資料; 下載自 https://data.fda.gov.tw/data/opendata/export/20/csv (政府資料開放平臺 data.gov.tw dataset id 8543 / TFDA opendata InfoId=20); 查詢頁 https://consumer.fda.gov.tw/Food/TFND.aspx?nodeID=178 ; 整合編號=R0900201 (樣品基本資料)
加工調理食品及其他類,冷凍豬肉湯圓,,,R0900301,281.0,6.5,12.1,36.6,衛生福利部食品藥物管理署 台灣食品成分資料庫(食品營養成分資料庫)開放資料; 下載自 https://data.fda.gov.tw/data/opendata/export/20/csv (政府資料開放平臺 data.gov.tw dataset id 8543 / TFDA opendata InfoId=20); 查詢頁 https://consumer.fda.gov.tw/Food/TFND.aspx?nodeID=178 ; 整合編號=R0900301 (樣品基本資料)
加工調理食品及其他類,免煮飯,,Instant rice,R1100101,168.0,3.2,0.3,37.1,衛生福利部食品藥物管理署 台灣食品成分資料庫(食品營養成分資料庫)開放資料; 下載自 https://data.fda.gov.tw/data/opendata/export/20/csv (政府資料開放平臺 data.gov.tw dataset id 8543 / TFDA opendata InfoId=20); 查詢頁 https://consumer.fda.gov.tw/Food/TFND.aspx?nodeID=178 ; 整合編號=R1100101 (樣品基本資料)
加工調理食品及其他類,埔里米粉,,Pure rice noodle,R1100201,358.0,0.5,0.5,87.7,衛生福利部食品藥物管理署 台灣食品成分資料庫(食品營養成分資料庫)開放資料; 下載自 https://data.fda.gov.tw/data/opendata/export/20/csv (政府資料開放平臺 data.gov.tw dataset id 8543 / TFDA opendata InfoId=20); 查詢頁 https://consumer.fda.gov.tw/Food/TFND.aspx?nodeID=178 ; 整合編號=R1100201 (樣品基本資料)
加工調理食品及其他類,細米粉,,Rice noodle,R1100301,355.0,0.4,0.6,87.2,衛生福利部食品藥物管理署 台灣食品成分資料庫(食品營養成分資料庫)開放資料; 下載自 https://data.fda.gov.tw/data/opendata/export/20/csv (政府資料開放平臺 data.gov.tw dataset id 8543 / TFDA opendata InfoId=20); 查詢頁 https://consumer.fda.gov.tw/Food/TFND.aspx?nodeID=178 ; 整合編號=R1100301 (樣品基本資料)
加工調理食品及其他類,濁水米粉,,Rice noodle,R1100401,357.0,5.3,1.3,81.1,衛生福利部食品藥物管理署 台灣食品成分資料庫(食品營養成分資料庫)開放資料; 下載自 https://data.fda.gov.tw/data/opendata/export/20/csv (政府資料開放平臺 data.gov.tw dataset id 8543 / TFDA opendata InfoId=20); 查詢頁 https://consumer.fda.gov.tw/Food/TFND.aspx?nodeID=178 ; 整合編號=R1100401 (樣品基本資料)
加工調理食品及其他類,米粄條,美濃粄條,,R1100501,129.0,1.1,0.9,29.2,衛生福利部食品藥物管理署 台灣食品成分資料庫(食品營養成分資料庫)開放資料; 下載自 https://data.fda.gov.tw/data/opendata/export/20/csv (政府資料開放平臺 data.gov.tw dataset id 8543 / TFDA opendata InfoId=20); 查詢頁 https://consumer.fda.gov.tw/Food/TFND.aspx?nodeID=178 ; 整合編號=R1100501 (樣品基本資料)
加工調理食品及其他類,米苔目,,Rice noodle: thick,R1100601,121.0,0.6,0.1,29.6,衛生福利部食品藥物管理署 台灣食品成分資料庫(食品營養成分資料庫)開放資料; 下載自 https://data.fda.gov.tw/data/opendata/export/20/csv (政府資料開放平臺 data.gov.tw dataset id 8543 / TFDA opendata InfoId=20); 查詢頁 https://consumer.fda.gov.tw/Food/TFND.aspx?nodeID=178 ; 整合編號=R1100601 (樣品基本資料)
加工調理食品及其他類,粿仔條,,Rice noodle,R1100701,193.0,0.5,1.2,45.0,衛生福利部食品藥物管理署 台灣食品成分資料庫(食品營養成分資料庫)開放資料; 下載自 https://data.fda.gov.tw/data/opendata/export/20/csv (政府資料開放平臺 data.gov.tw dataset id 8543 / TFDA opendata InfoId=20); 查詢頁 https://consumer.fda.gov.tw/Food/TFND.aspx?nodeID=178 ; 整合編號=R1100701 (樣品基本資料)
加工調理食品及其他類,米漿(散裝),,,R1300101,62.0,0.6,0.5,13.7,衛生福利部食品藥物管理署 台灣食品成分資料庫(食品營養成分資料庫)開放資料; 下載自 https://data.fda.gov.tw/data/opendata/export/20/csv (政府資料開放平臺 data.gov.tw dataset id 8543 / TFDA opendata InfoId=20); 查詢頁 https://consumer.fda.gov.tw/Food/TFND.aspx?nodeID=178 ; 整合編號=R1300101 (樣品基本資料)
加工調理食品及其他類,保久米漿,,,R1300201,62.0,1.0,1.5,11.3,衛生福利部食品藥物管理署 台灣食品成分資料庫(食品營養成分資料庫)開放資料; 下載自 https://data.fda.gov.tw/data/opendata/export/20/csv (政府資料開放平臺 data.gov.tw dataset id 8543 / TFDA opendata InfoId=20); 查詢頁 https://consumer.fda.gov.tw/Food/TFND.aspx?nodeID=178 ; 整合編號=R1300201 (樣品基本資料)
加工調理食品及其他類,糙米漿,,,R1300301,71.0,1.3,2.2,11.6,衛生福利部食品藥物管理署 台灣食品成分資料庫(食品營養成分資料庫)開放資料; 下載自 https://data.fda.gov.tw/data/opendata/export/20/csv (政府資料開放平臺 data.gov.tw dataset id 8543 / TFDA opendata InfoId=20); 查詢頁 https://consumer.fda.gov.tw/Food/TFND.aspx?nodeID=178 ; 整合編號=R1300301 (樣品基本資料)
加工調理食品及其他類,糯米漿,,,R1300501,51.0,0.8,0.8,10.2,衛生福利部食品藥物管理署 台灣食品成分資料庫(食品營養成分資料庫)開放資料; 下載自 https://data.fda.gov.tw/data/opendata/export/20/csv (政府資料開放平臺 data.gov.tw dataset id 8543 / TFDA opendata InfoId=20); 查詢頁 https://consumer.fda.gov.tw/Food/TFND.aspx?nodeID=178 ; 整合編號=R1300501 (樣品基本資料)
加工調理食品及其他類,黑糯米漿,,,R1300601,50.0,0.4,0.2,11.6,衛生福利部食品藥物管理署 台灣食品成分資料庫(食品營養成分資料庫)開放資料; 下載自 https://data.fda.gov.tw/data/opendata/export/20/csv (政府資料開放平臺 data.gov.tw dataset id 8543 / TFDA opendata InfoId=20); 查詢頁 https://consumer.fda.gov.tw/Food/TFND.aspx?nodeID=178 ; 整合編號=R1300601 (樣品基本資料)
加工調理食品及其他類,米漿粉,,Rice milk powder,R1310101,444.0,9.1,12.3,74.3,衛生福利部食品藥物管理署 台灣食品成分資料庫(食品營養成分資料庫)開放資料; 下載自 https://data.fda.gov.tw/data/opendata/export/20/csv (政府資料開放平臺 data.gov.tw dataset id 8543 / TFDA opendata InfoId=20); 查詢頁 https://consumer.fda.gov.tw/Food/TFND.aspx?nodeID=178 ; 整合編號=R1310101 (樣品基本資料)
加工調理食品及其他類,燕麥奶,,,R1500101,44.0,1.0,0.8,8.1,衛生福利部食品藥物管理署 台灣食品成分資料庫(食品營養成分資料庫)開放資料; 下載自 https://data.fda.gov.tw/data/opendata/export/20/csv (政府資料開放平臺 data.gov.tw dataset id 8543 / TFDA opendata InfoId=20); 查詢頁 https://consumer.fda.gov.tw/Food/TFND.aspx?nodeID=178 ; 整合編號=R1500101 (樣品基本資料)
加工調理食品及其他類,玉米粒罐頭,,Corn kernal: canned,R1600101,90.0,2.3,1.4,16.9,衛生福利部食品藥物管理署 台灣食品成分資料庫(食品營養成分資料庫)開放資料; 下載自 https://data.fda.gov.tw/data/opendata/export/20/csv (政府資料開放平臺 data.gov.tw dataset id 8543 / TFDA opendata InfoId=20); 查詢頁 https://consumer.fda.gov.tw/Food/TFND.aspx?nodeID=178 ; 整合編號=R1600101 (樣品基本資料)
加工調理食品及其他類,玉米醬罐頭,,Cream style sweat corn; Sweat cream style corn,R1600201,66.0,1.4,0.4,14.0,衛生福利部食品藥物管理署 台灣食品成分資料庫(食品營養成分資料庫)開放資料; 下載自 https://data.fda.gov.tw/data/opendata/export/20/csv (政府資料開放平臺 data.gov.tw dataset id 8543 / TFDA opendata InfoId=20); 查詢頁 https://consumer.fda.gov.tw/Food/TFND.aspx?nodeID=178 ; 整合編號=R1600201 (樣品基本資料)
加工調理食品及其他類,麵筋(未調味),,Gluten; Wheat gluten,R1700101,643.0,42.5,53.0,0.0,衛生福利部食品藥物管理署 台灣食品成分資料庫(食品營養成分資料庫)開放資料; 下載自 https://data.fda.gov.tw/data/opendata/export/20/csv (政府資料開放平臺 data.gov.tw dataset id 8543 / TFDA opendata InfoId=20); 查詢頁 https://consumer.fda.gov.tw/Food/TFND.aspx?nodeID=178 ; 整合編號=R1700101 (樣品基本資料)
加工調理食品及其他類,麵腸(未調味),,Rolled flour gluten,R1700201,138.0,20.6,1.9,9.7,衛生福利部食品藥物管理署 台灣食品成分資料庫(食品營養成分資料庫)開放資料; 下載自 https://data.fda.gov.tw/data/opendata/export/20/csv (政府資料開放平臺 data.gov.tw dataset id 8543 / TFDA opendata InfoId=20); 查詢頁 https://consumer.fda.gov.tw/Food/TFND.aspx?nodeID=178 ; 整合編號=R1700201 (樣品基本資料)
加工調理食品及其他類,水餃皮,,Dumpling skin,R1800101,264.0,7.8,0.5,57.0,衛生福利部食品藥物管理署 台灣食品成分資料庫(食品營養成分資料庫)開放資料; 下載自 https://data.fda.gov.tw/data/opendata/export/20/csv (政府資料開放平臺 data.gov.tw dataset id 8543 / TFDA opendata InfoId=20); 查詢頁 https://consumer.fda.gov.tw/Food/TFND.aspx?nodeID=178 ; 整合編號=R1800101 (樣品基本資料)
加工調理食品及其他類,春捲皮,,Spring roll skin,R1800201,241.0,8.3,0.7,50.4,衛生福利部食品藥物管理署 台灣食品成分資料庫(食品營養成分資料庫)開放資料; 下載自 https://data.fda.gov.tw/data/opendata/export/20/csv (政府資料開放平臺 data.gov.tw dataset id 8543 / TFDA opendata InfoId=20); 查詢頁 https://consumer.fda.gov.tw/Food/TFND.aspx?nodeID=178 ; 整合編號=R1800201 (樣品基本資料)
加工調理食品及其他類,餛飩皮,,Wonton skin,R1800301,271.0,8.3,0.5,58.2,衛生福利部食品藥物管理署 台灣食品成分資料庫(食品營養成分資料庫)開放資料; 下載自 https://data.fda.gov.tw/data/opendata/export/20/csv (政府資料開放平臺 data.gov.tw dataset id 8543 / TFDA opendata InfoId=20); 查詢頁 https://consumer.fda.gov.tw/Food/TFND.aspx?nodeID=178 ; 整合編號=R1800301 (樣品基本資料)
加工調理食品及其他類,長麵線,壽麵線,Noodle string; Wheat flour string,R1900101,310.0,10.7,1.1,64.3,衛生福利部食品藥物管理署 台灣食品成分資料庫(食品營養成分資料庫)開放資料; 下載自 https://data.fda.gov.tw/data/opendata/export/20/csv (政府資料開放平臺 data.gov.tw dataset id 8543 / TFDA opendata InfoId=20); 查詢頁 https://consumer.fda.gov.tw/Food/TFND.aspx?nodeID=178 ; 整合編號=R1900101 (樣品基本資料)
加工調理食品及其他類,紅麵線,,Noodle string; Wheat flour string,R1900201,307.0,11.3,1.4,62.3,衛生福利部食品藥物管理署 台灣食品成分資料庫(食品營養成分資料庫)開放資料; 下載自 https://data.fda.gov.tw/data/opendata/export/20/csv (政府資料開放平臺 data.gov.tw dataset id 8543 / TFDA opendata InfoId=20); 查詢頁 https://consumer.fda.gov.tw/Food/TFND.aspx?nodeID=178 ; 整合編號=R1900201 (樣品基本資料)
加工調理食品及其他類,麵線,,Shou noodle/Vermicelli/-,R1900301,350.0,11.7,1.5,72.4,衛生福利部食品藥物管理署 台灣食品成分資料庫(食品營養成分資料庫)開放資料; 下載自 https://data.fda.gov.tw/data/opendata/export/20/csv (政府資料開放平臺 data.gov.tw dataset id 8543 / TFDA opendata InfoId=20); 查詢頁 https://consumer.fda.gov.tw/Food/TFND.aspx?nodeID=178 ; 整合編號=R1900301 (樣品基本資料)
加工調理食品及其他類,雞絲麵,,Noodle: shredded chicken flavored,R1900401,463.0,9.4,22.8,55.0,衛生福利部食品藥物管理署 台灣食品成分資料庫(食品營養成分資料庫)開放資料; 下載自 https://data.fda.gov.tw/data/opendata/export/20/csv (政府資料開放平臺 data.gov.tw dataset id 8543 / TFDA opendata InfoId=20); 查詢頁 https://consumer.fda.gov.tw/Food/TFND.aspx?nodeID=178 ; 整合編號=R1900401 (樣品基本資料)
加工調理食品及其他類,乾麵條,,Noodle: dried,R2000101,350.0,11.6,1.5,72.5,衛生福利部食品藥物管理署 台灣食品成分資料庫(食品營養成分資料庫)開放資料; 下載自 https://data.fda.gov.tw/data/opendata/export/20/csv (政府資料開放平臺 data.gov.tw dataset id 8543 / TFDA opendata InfoId=20); 查詢頁 https://consumer.fda.gov.tw/Food/TFND.aspx?nodeID=178 ; 整合編號=R2000101 (樣品基本資料)
加工調理食品及其他類,油麵條,油麵,Raw oil noodle (dry),R2000201,361.0,11.4,1.2,76.3,衛生福利部食品藥物管理署 台灣食品成分資料庫(食品營養成分資料庫)開放資料; 下載自 https://data.fda.gov.tw/data/opendata/export/20/csv (政府資料開放平臺 data.gov.tw dataset id 8543 / TFDA opendata InfoId=20); 查詢頁 https://consumer.fda.gov.tw/Food/TFND.aspx?nodeID=178 ; 整合編號=R2000201 (樣品基本資料)
加工調理食品及其他類,紅蘿蔔麵,,Noodle: carrot flavored,R2000301,352.0,12.1,1.0,73.8,衛生福利部食品藥物管理署 台灣食品成分資料庫(食品營養成分資料庫)開放資料; 下載自 https://data.fda.gov.tw/data/opendata/export/20/csv (政府資料開放平臺 data.gov.tw dataset id 8543 / TFDA opendata InfoId=20); 查詢頁 https://consumer.fda.gov.tw/Food/TFND.aspx?nodeID=178 ; 整合編號=R2000301 (樣品基本資料)
加工調理食品及其他類,通心麵,,Pasta: macaroni,R2000401,359.0,13.8,1.4,72.6,衛生福利部食品藥物管理署 台灣食品成分資料庫(食品營養成分資料庫)開放資料; 下載自 https://data.fda.gov.tw/data/opendata/export/20/csv (政府資料開放平臺 data.gov.tw dataset id 8543 / TFDA opendata InfoId=20); 查詢頁 https://consumer.fda.gov.tw/Food/TFND.aspx?nodeID=178 ; 整合編號=R2000401 (樣品基本資料)
加工調理食品及其他類,菠菜麵,,Noodle: spinach flavored,R2000501,356.0,11.8,1.2,74.4,衛生福利部食品藥物管理署 台灣食品成分資料庫(食品營養成分資料庫)開放資料; 下載自 https://data.fda.gov.tw/data/opendata/export/20/csv (政府資料開放平臺 data.gov.tw dataset id 8543 / TFDA opendata InfoId=20); 查詢頁 https://consumer.fda.gov.tw/Food/TFND.aspx?nodeID=178 ; 整合編號=R2000501 (樣品基本資料)
加工調理食品及其他類,鍋燒意麵,,Noodle: pot-burn fried noodle,R2000601,479.0,10.0,22.8,58.5,衛生福利部食品藥物管理署 台灣食品成分資料庫(食品營養成分資料庫)開放資料; 下載自 https://data.fda.gov.tw/data/opendata/export/20/csv (政府資料開放平臺 data.gov.tw dataset id 8543 / TFDA opendata InfoId=20); 查詢頁 https://consumer.fda.gov.tw/Food/TFND.aspx?nodeID=178 ; 整合編號=R2000601 (樣品基本資料)
加工調理食品及其他類,雞蛋麵,,Noodle: egg flavored,R2000701,358.0,12.5,0.9,74.8,衛生福利部食品藥物管理署 台灣食品成分資料庫(食品營養成分資料庫)開放資料; 下載自 https://data.fda.gov.tw/data/opendata/export/20/csv (政府資料開放平臺 data.gov.tw dataset id 8543 / TFDA opendata InfoId=20); 查詢頁 https://consumer.fda.gov.tw/Food/TFND.aspx?nodeID=178 ; 整合編號=R2000701 (樣品基本資料)
加工調理食品及其他類,刀削麵,,Noodle: sliced,R2000801,267.0,8.4,0.9,56.2,衛生福利部食品藥物管理署 台灣食品成分資料庫(食品營養成分資料庫)開放資料; 下載自 https://data.fda.gov.tw/data/opendata/export/20/csv (政府資料開放平臺 data.gov.tw dataset id 8543 / TFDA opendata InfoId=20); 查詢頁 https://consumer.fda.gov.tw/Food/TFND.aspx?nodeID=178 ; 整合編號=R2000801 (樣品基本資料)
加工調理食品及其他類,拉麵,,Noodle: Ramen,R2000901,292.0,9.1,0.8,62.1,衛生福利部食品藥物管理署 台灣食品成分資料庫(食品營養成分資料庫)開放資料; 下載自 https://data.fda.gov.tw/data/opendata/export/20/csv (政府資料開放平臺 data.gov.tw dataset id 8543 / TFDA opendata InfoId=20); 查詢頁 https://consumer.fda.gov.tw/Food/TFND.aspx?nodeID=178 ; 整合編號=R2000901 (樣品基本資料)
加工調理食品及其他類,意麵,,Noodle:fried,R2001001,290.0,10.1,1.0,60.1,衛生福利部食品藥物管理署 台灣食品成分資料庫(食品營養成分資料庫)開放資料; 下載自 https://data.fda.gov.tw/data/opendata/export/20/csv (政府資料開放平臺 data.gov.tw dataset id 8543 / TFDA opendata InfoId=20); 查詢頁 https://consumer.fda.gov.tw/Food/TFND.aspx?nodeID=178 ; 整合編號=R2001001 (樣品基本資料)
加工調理食品及其他類,衛生油麵,,Oil noodle (cooked),R2001101,163.0,5.5,1.8,31.2,衛生福利部食品藥物管理署 台灣食品成分資料庫(食品營養成分資料庫)開放資料; 下載自 https://data.fda.gov.tw/data/opendata/export/20/csv (政府資料開放平臺 data.gov.tw dataset id 8543 / TFDA opendata InfoId=20); 查詢頁 https://consumer.fda.gov.tw/Food/TFND.aspx?nodeID=178 ; 整合編號=R2001101 (樣品基本資料)
加工調理食品及其他類,金門黃麵,,,R2001201,158.0,6.4,0.5,31.9,衛生福利部食品藥物管理署 台灣食品成分資料庫(食品營養成分資料庫)開放資料; 下載自 https://data.fda.gov.tw/data/opendata/export/20/csv (政府資料開放平臺 data.gov.tw dataset id 8543 / TFDA opendata InfoId=20); 查詢頁 https://consumer.fda.gov.tw/Food/TFND.aspx?nodeID=178 ; 整合編號=R2001201 (樣品基本資料)
加工調理食品及其他類,冷凍烏龍麵,,,R2001301,129.0,3.4,0.3,28.2,衛生福利部食品藥物管理署 台灣食品成分資料庫(食品營養成分資料庫)開放資料; 下載自 https://data.fda.gov.tw/data/opendata/export/20/csv (政府資料開放平臺 data.gov.tw dataset id 8543 / TFDA opendata InfoId=20); 查詢頁 https://consumer.fda.gov.tw/Food/TFND.aspx?nodeID=178 ; 整合編號=R2001301 (樣品基本資料)
加工調理食品及其他類,鍋燒麵,,Wu-lohg noodle,R2001401,120.0,4.5,0.4,24.6,衛生福利部食品藥物管理署 台灣食品成分資料庫(食品營養成分資料庫)開放資料; 下載自 https://data.fda.gov.tw/data/opendata/export/20/csv (政府資料開放平臺 data.gov.tw dataset id 8543 / TFDA opendata InfoId=20); 查詢頁 https://consumer.fda.gov.tw/Food/TFND.aspx?nodeID=178 ; 整合編號=R2001401 (樣品基本資料)
加工調理食品及其他類,蕎麥麵(乾),,Buckwheet noodles,R2001501,349.0,12.7,1.7,70.6,衛生福利部食品藥物管理署 台灣食品成分資料庫(食品營養成分資料庫)開放資料; 下載自 https://data.fda.gov.tw/data/opendata/export/20/csv (政府資料開放平臺 data.gov.tw dataset id 8543 / TFDA opendata InfoId=20); 查詢頁 https://consumer.fda.gov.tw/Food/TFND.aspx?nodeID=178 ; 整合編號=R2001501 (樣品基本資料)
加工調理食品及其他類,蕎麥麵(濕),,Buckwheat noodle,R2001502,153.0,6.3,1.5,28.6,衛生福利部食品藥物管理署 台灣食品成分資料庫(食品營養成分資料庫)開放資料; 下載自 https://data.fda.gov.tw/data/opendata/export/20/csv (政府資料開放平臺 data.gov.tw dataset id 8543 / TFDA opendata InfoId=20); 查詢頁 https://consumer.fda.gov.tw/Food/TFND.aspx?nodeID=178 ; 整合編號=R2001502 (樣品基本資料)
加工調理食品及其他類,炒板條,,,R2100101,149.0,4.2,4.2,23.7,衛生福利部食品藥物管理署 台灣食品成分資料庫(食品營養成分資料庫)開放資料; 下載自 https://data.fda.gov.tw/data/opendata/export/20/csv (政府資料開放平臺 data.gov.tw dataset id 8543 / TFDA opendata InfoId=20); 查詢頁 https://consumer.fda.gov.tw/Food/TFND.aspx?nodeID=178 ; 整合編號=R2100101 (樣品基本資料)
加工調理食品及其他類,泡麵(牛肉口味),,Instant noodle,R2100201,473.0,9.6,24.5,53.6,衛生福利部食品藥物管理署 台灣食品成分資料庫(食品營養成分資料庫)開放資料; 下載自 https://data.fda.gov.tw/data/opendata/export/20/csv (政府資料開放平臺 data.gov.tw dataset id 8543 / TFDA opendata InfoId=20); 查詢頁 https://consumer.fda.gov.tw/Food/TFND.aspx?nodeID=178 ; 整合編號=R2100201 (樣品基本資料)
加工調理食品及其他類,泡麵(鮮蝦口味),,Instant noodle,R2100301,475.0,9.6,23.8,55.5,衛生福利部食品藥物管理署 台灣食品成分資料庫(食品營養成分資料庫)開放資料; 下載自 https://data.fda.gov.tw/data/opendata/export/20/csv (政府資料開放平臺 data.gov.tw dataset id 8543 / TFDA opendata InfoId=20); 查詢頁 https://consumer.fda.gov.tw/Food/TFND.aspx?nodeID=178 ; 整合編號=R2100301 (樣品基本資料)
加工調理食品及其他類,擔仔麵,,,R2100401,124.0,4.4,6.5,11.9,衛生福利部食品藥物管理署 台灣食品成分資料庫(食品營養成分資料庫)開放資料; 下載自 https://data.fda.gov.tw/data/opendata/export/20/csv (政府資料開放平臺 data.gov.tw dataset id 8543 / TFDA opendata InfoId=20); 查詢頁 https://consumer.fda.gov.tw/Food/TFND.aspx?nodeID=178 ; 整合編號=R2100401 (樣品基本資料)
加工調理食品及其他類,冷凍牛肉水餃,,Dumpling: beef,R2200101,215.0,8.9,9.7,23.1,衛生福利部食品藥物管理署 台灣食品成分資料庫(食品營養成分資料庫)開放資料; 下載自 https://data.fda.gov.tw/data/opendata/export/20/csv (政府資料開放平臺 data.gov.tw dataset id 8543 / TFDA opendata InfoId=20); 查詢頁 https://consumer.fda.gov.tw/Food/TFND.aspx?nodeID=178 ; 整合編號=R2200101 (樣品基本資料)
加工調理食品及其他類,冷凍豬肉水餃,,Dumpling: pork,R2200201,208.0,8.1,9.7,22.1,衛生福利部食品藥物管理署 台灣食品成分資料庫(食品營養成分資料庫)開放資料; 下載自 https://data.fda.gov.tw/data/opendata/export/20/csv (政府資料開放平臺 data.gov.tw dataset id 8543 / TFDA opendata InfoId=20); 查詢頁 https://consumer.fda.gov.tw/Food/TFND.aspx?nodeID=178 ; 整合編號=R2200201 (樣品基本資料)
加工調理食品及其他類,冷凍豬肉韭菜水餃,,Dumpling: pork and leek,R2200301,229.0,8.4,11.5,23.0,衛生福利部食品藥物管理署 台灣食品成分資料庫(食品營養成分資料庫)開放資料; 下載自 https://data.fda.gov.tw/data/opendata/export/20/csv (政府資料開放平臺 data.gov.tw dataset id 8543 / TFDA opendata InfoId=20); 查詢頁 https://consumer.fda.gov.tw/Food/TFND.aspx?nodeID=178 ; 整合編號=R2200301 (樣品基本資料)
加工調理食品及其他類,冷凍豬肉蟹黃水餃,,Dumpling,R2200401,223.0,7.8,9.8,26.0,衛生福利部食品藥物管理署 台灣食品成分資料庫(食品營養成分資料庫)開放資料; 下載自 https://data.fda.gov.tw/data/opendata/export/20/csv (政府資料開放平臺 data.gov.tw dataset id 8543 / TFDA opendata InfoId=20); 查詢頁 https://consumer.fda.gov.tw/Food/TFND.aspx?nodeID=178 ; 整合編號=R2200401 (樣品基本資料)
加工調理食品及其他類,冷凍香菇雞肉水餃,,"Dumpling: marshroom, chicken",R2200501,221.0,9.5,10.2,22.7,衛生福利部食品藥物管理署 台灣食品成分資料庫(食品營養成分資料庫)開放資料; 下載自 https://data.fda.gov.tw/data/opendata/export/20/csv (政府資料開放平臺 data.gov.tw dataset id 8543 / TFDA opendata InfoId=20); 查詢頁 https://consumer.fda.gov.tw/Food/TFND.aspx?nodeID=178 ; 整合編號=R2200501 (樣品基本資料)
加工調理食品及其他類,冷凍素食水餃,,Dumpling: vegetarian,R2200601,175.0,8.7,4.1,25.8,衛生福利部食品藥物管理署 台灣食品成分資料庫(食品營養成分資料庫)開放資料; 下載自 https://data.fda.gov.tw/data/opendata/export/20/csv (政府資料開放平臺 data.gov.tw dataset id 8543 / TFDA opendata InfoId=20); 查詢頁 https://consumer.fda.gov.tw/Food/TFND.aspx?nodeID=178 ; 整合編號=R2200601 (樣品基本資料)
加工調理食品及其他類,冷凍鮪魚水餃,,Dumpling: tuna,R2200701,196.0,9.0,8.5,20.8,衛生福利部食品藥物管理署 台灣食品成分資料庫(食品營養成分資料庫)開放資料; 下載自 https://data.fda.gov.tw/data/opendata/export/20/csv (政府資料開放平臺 data.gov.tw dataset id 8543 / TFDA opendata InfoId=20); 查詢頁 https://consumer.fda.gov.tw/Food/TFND.aspx?nodeID=178 ; 整合編號=R2200701 (樣品基本資料)
加工調理食品及其他類,冷凍豬肉熟水餃,,"Dumpling: pork, cooked",R2200801,235.0,7.2,10.1,28.9,衛生福利部食品藥物管理署 台灣食品成分資料庫(食品營養成分資料庫)開放資料; 下載自 https://data.fda.gov.tw/data/opendata/export/20/csv (政府資料開放平臺 data.gov.tw dataset id 8543 / TFDA opendata InfoId=20); 查詢頁 https://consumer.fda.gov.tw/Food/TFND.aspx?nodeID=178 ; 整合編號=R2200801 (樣品基本資料)
加工調理食品及其他類,冷凍素食熟水餃,,"Dumpling: vegetarian, cooked",R2200901,209.0,7.2,5.4,32.9,衛生福利部食品藥物管理署 台灣食品成分資料庫(食品營養成分資料庫)開放資料; 下載自 https://data.fda.gov.tw/data/opendata/export/20/csv (政府資料開放平臺 data.gov.tw dataset id 8543 / TFDA opendata InfoId=20); 查詢頁 https://consumer.fda.gov.tw/Food/TFND.aspx?nodeID=178 ; 整合編號=R2200901 (樣品基本資料)
加工調理食品及其他類,冷凍冬菜蝦仁餛飩,雲吞,Wonton: cabbage and shrimp,R2201001,191.0,9.1,6.3,24.5,衛生福利部食品藥物管理署 台灣食品成分資料庫(食品營養成分資料庫)開放資料; 下載自 https://data.fda.gov.tw/data/opendata/export/20/csv (政府資料開放平臺 data.gov.tw dataset id 8543 / TFDA opendata InfoId=20); 查詢頁 https://consumer.fda.gov.tw/Food/TFND.aspx?nodeID=178 ; 整合編號=R2201001 (樣品基本資料)
加工調理食品及其他類,冷凍豬肉餛飩,雲吞,Wonton: pork ,R2201101,240.0,11.1,12.6,20.5,衛生福利部食品藥物管理署 台灣食品成分資料庫(食品營養成分資料庫)開放資料; 下載自 https://data.fda.gov.tw/data/opendata/export/20/csv (政府資料開放平臺 data.gov.tw dataset id 8543 / TFDA opendata InfoId=20); 查詢頁 https://consumer.fda.gov.tw/Food/TFND.aspx?nodeID=178 ; 整合編號=R2201101 (樣品基本資料)
加工調理食品及其他類,冷凍菜肉餛飩,雲吞,Wonton: vegetable and pork,R2201201,236.0,9.1,16.3,13.3,衛生福利部食品藥物管理署 台灣食品成分資料庫(食品營養成分資料庫)開放資料; 下載自 https://data.fda.gov.tw/data/opendata/export/20/csv (政府資料開放平臺 data.gov.tw dataset id 8543 / TFDA opendata InfoId=20); 查詢頁 https://consumer.fda.gov.tw/Food/TFND.aspx?nodeID=178 ; 整合編號=R2201201 (樣品基本資料)
加工調理食品及其他類,溫州餛飩,大餛飩,Wonton,R2201301,145.0,6.5,7.9,11.9,衛生福利部食品藥物管理署 台灣食品成分資料庫(食品營養成分資料庫)開放資料; 下載自 https://data.fda.gov.tw/data/opendata/export/20/csv (政府資料開放平臺 data.gov.tw dataset id 8543 / TFDA opendata InfoId=20); 查詢頁 https://consumer.fda.gov.tw/Food/TFND.aspx?nodeID=178 ; 整合編號=R2201301 (樣品基本資料)
加工調理食品及其他類,豬肉鍋貼,,,R2201401,238.0,7.8,11.3,26.2,衛生福利部食品藥物管理署 台灣食品成分資料庫(食品營養成分資料庫)開放資料; 下載自 https://data.fda.gov.tw/data/opendata/export/20/csv (政府資料開放平臺 data.gov.tw dataset id 8543 / TFDA opendata InfoId=20); 查詢頁 https://consumer.fda.gov.tw/Food/TFND.aspx?nodeID=178 ; 整合編號=R2201401 (樣品基本資料)
加工調理食品及其他類,熟水餃(高麗菜水餃),,,R2201501,199.0,7.4,10.1,19.7,衛生福利部食品藥物管理署 台灣食品成分資料庫(食品營養成分資料庫)開放資料; 下載自 https://data.fda.gov.tw/data/opendata/export/20/csv (政府資料開放平臺 data.gov.tw dataset id 8543 / TFDA opendata InfoId=20); 查詢頁 https://consumer.fda.gov.tw/Food/TFND.aspx?nodeID=178 ; 整合編號=R2201501 (樣品基本資料)
加工調理食品及其他類,冷凍叉燒包,,,R2300101,266.0,8.8,4.8,47.0,衛生福利部食品藥物管理署 台灣食品成分資料庫(食品營養成分資料庫)開放資料; 下載自 https://data.fda.gov.tw/data/opendata/export/20/csv (政府資料開放平臺 data.gov.tw dataset id 8543 / TFDA opendata InfoId=20); 查詢頁 https://consumer.fda.gov.tw/Food/TFND.aspx?nodeID=178 ; 整合編號=R2300101 (樣品基本資料)
加工調理食品及其他類,冷凍酸菜焢肉包子,,,R2300201,301.0,8.6,13.1,37.2,衛生福利部食品藥物管理署 台灣食品成分資料庫(食品營養成分資料庫)開放資料; 下載自 https://data.fda.gov.tw/data/opendata/export/20/csv (政府資料開放平臺 data.gov.tw dataset id 8543 / TFDA opendata InfoId=20); 查詢頁 https://consumer.fda.gov.tw/Food/TFND.aspx?nodeID=178 ; 整合編號=R2300201 (樣品基本資料)
加工調理食品及其他類,冷凍芋泥包,,Taro paste bun,R2300301,263.0,6.6,3.6,51.1,衛生福利部食品藥物管理署 台灣食品成分資料庫(食品營養成分資料庫)開放資料; 下載自 https://data.fda.gov.tw/data/opendata/export/20/csv (政府資料開放平臺 data.gov.tw dataset id 8543 / TFDA opendata InfoId=20); 查詢頁 https://consumer.fda.gov.tw/Food/TFND.aspx?nodeID=178 ; 整合編號=R2300301 (樣品基本資料)
加工調理食品及其他類,冷凍豆沙包,,Red bean paste bun ,R2300401,247.0,7.4,1.1,51.8,衛生福利部食品藥物管理署 台灣食品成分資料庫(食品營養成分資料庫)開放資料; 下載自 https://data.fda.gov.tw/data/opendata/export/20/csv (政府資料開放平臺 data.gov.tw dataset id 8543 / TFDA opendata InfoId=20); 查詢頁 https://consumer.fda.gov.tw/Food/TFND.aspx?nodeID=178 ; 整合編號=R2300401 (樣品基本資料)
加工調理食品及其他類,冷凍芝麻包,,Sesame bun,R2300501,341.0,7.2,11.7,51.7,衛生福利部食品藥物管理署 台灣食品成分資料庫(食品營養成分資料庫)開放資料; 下載自 https://data.fda.gov.tw/data/opendata/export/20/csv (政府資料開放平臺 data.gov.tw dataset id 8543 / TFDA opendata InfoId=20); 查詢頁 https://consumer.fda.gov.tw/Food/TFND.aspx?nodeID=178 ; 整合編號=R2300501 (樣品基本資料)
加工調理食品及其他類,冷凍蓮蓉包,,Lotus seed paste bun,R2300601,292.0,7.9,5.5,52.8,衛生福利部食品藥物管理署 台灣食品成分資料庫(食品營養成分資料庫)開放資料; 下載自 https://data.fda.gov.tw/data/opendata/export/20/csv (政府資料開放平臺 data.gov.tw dataset id 8543 / TFDA opendata InfoId=20); 查詢頁 https://consumer.fda.gov.tw/Food/TFND.aspx?nodeID=178 ; 整合編號=R2300601 (樣品基本資料)
加工調理食品及其他類,冷凍叉燒包子,,,R2300701,267.0,7.1,6.1,46.0,衛生福利部食品藥物管理署 台灣食品成分資料庫(食品營養成分資料庫)開放資料; 下載自 https://data.fda.gov.tw/data/opendata/export/20/csv (政府資料開放平臺 data.gov.tw dataset id 8543 / TFDA opendata InfoId=20); 查詢頁 https://consumer.fda.gov.tw/Food/TFND.aspx?nodeID=178 ; 整合編號=R2300701 (樣品基本資料)
加工調理食品及其他類,冷凍牛肉包子,,Beef bun,R2300801,269.0,10.8,4.6,46.1,衛生福利部食品藥物管理署 台灣食品成分資料庫(食品營養成分資料庫)開放資料; 下載自 https://data.fda.gov.tw/data/opendata/export/20/csv (政府資料開放平臺 data.gov.tw dataset id 8543 / TFDA opendata InfoId=20); 查詢頁 https://consumer.fda.gov.tw/Food/TFND.aspx?nodeID=178 ; 整合編號=R2300801 (樣品基本資料)
加工調理食品及其他類,冷凍豬肉包子,,Pork bun,R2300901,266.0,7.6,9.2,38.2,衛生福利部食品藥物管理署 台灣食品成分資料庫(食品營養成分資料庫)開放資料; 下載自 https://data.fda.gov.tw/data/opendata/export/20/csv (政府資料開放平臺 data.gov.tw dataset id 8543 / TFDA opendata InfoId=20); 查詢頁 https://consumer.fda.gov.tw/Food/TFND.aspx?nodeID=178 ; 整合編號=R2300901 (樣品基本資料)
加工調理食品及其他類,冷凍豬肉湯包,,Pork bun,R2301001,235.0,10.1,14.3,16.3,衛生福利部食品藥物管理署 台灣食品成分資料庫(食品營養成分資料庫)開放資料; 下載自 https://data.fda.gov.tw/data/opendata/export/20/csv (政府資料開放平臺 data.gov.tw dataset id 8543 / TFDA opendata InfoId=20); 查詢頁 https://consumer.fda.gov.tw/Food/TFND.aspx?nodeID=178 ; 整合編號=R2301001 (樣品基本資料)
加工調理食品及其他類,小籠包,,Small meat bun,R2301101,242.0,9.6,15.5,15.9,衛生福利部食品藥物管理署 台灣食品成分資料庫(食品營養成分資料庫)開放資料; 下載自 https://data.fda.gov.tw/data/opendata/export/20/csv (政府資料開放平臺 data.gov.tw dataset id 8543 / TFDA opendata InfoId=20); 查詢頁 https://consumer.fda.gov.tw/Food/TFND.aspx?nodeID=178 ; 整合編號=R2301101 (樣品基本資料)
加工調理食品及其他類,冷凍素菜包子,,Vegetable bun,R2301201,234.0,8.6,3.8,41.4,衛生福利部食品藥物管理署 台灣食品成分資料庫(食品營養成分資料庫)開放資料; 下載自 https://data.fda.gov.tw/data/opendata/export/20/csv (政府資料開放平臺 data.gov.tw dataset id 8543 / TFDA opendata InfoId=20); 查詢頁 https://consumer.fda.gov.tw/Food/TFND.aspx?nodeID=178 ; 整合編號=R2301201 (樣品基本資料)
加工調理食品及其他類,竹筍包,,,R2301301,209.0,6.9,5.5,32.9,衛生福利部食品藥物管理署 台灣食品成分資料庫(食品營養成分資料庫)開放資料; 下載自 https://data.fda.gov.tw/data/opendata/export/20/csv (政府資料開放平臺 data.gov.tw dataset id 8543 / TFDA opendata InfoId=20); 查詢頁 https://consumer.fda.gov.tw/Food/TFND.aspx?nodeID=178 ; 整合編號=R2301301 (樣品基本資料)
加工調理食品及其他類,冷凍白饅頭,,,R2400101,279.0,7.4,2.4,57.0,衛生福利部食品藥物管理署 台灣食品成分資料庫(食品營養成分資料庫)開放資料; 下載自 https://data.fda.gov.tw/data/opendata/export/20/csv (政府資料開放平臺 data.gov.tw dataset id 8543 / TFDA opendata InfoId=20); 查詢頁 https://consumer.fda.gov.tw/Food/TFND.aspx?nodeID=178 ; 整合編號=R2400101 (樣品基本資料)
加工調理食品及其他類,白饅頭,,,R2400201,248.0,8.1,1.2,51.3,衛生福利部食品藥物管理署 台灣食品成分資料庫(食品營養成分資料庫)開放資料; 下載自 https://data.fda.gov.tw/data/opendata/export/20/csv (政府資料開放平臺 data.gov.tw dataset id 8543 / TFDA opendata InfoId=20); 查詢頁 https://consumer.fda.gov.tw/Food/TFND.aspx?nodeID=178 ; 整合編號=R2400201 (樣品基本資料)
加工調理食品及其他類,芋頭饅頭,,,R2400301,155.0,5.7,0.6,31.5,衛生福利部食品藥物管理署 台灣食品成分資料庫(食品營養成分資料庫)開放資料; 下載自 https://data.fda.gov.tw/data/opendata/export/20/csv (政府資料開放平臺 data.gov.tw dataset id 8543 / TFDA opendata InfoId=20); 查詢頁 https://consumer.fda.gov.tw/Food/TFND.aspx?nodeID=178 ; 整合編號=R2400301 (樣品基本資料)
加工調理食品及其他類,花捲,,,R2400401,227.0,5.7,1.9,47.0,衛生福利部食品藥物管理署 台灣食品成分資料庫(食品營養成分資料庫)開放資料; 下載自 https://data.fda.gov.tw/data/opendata/export/20/csv (政府資料開放平臺 data.gov.tw dataset id 8543 / TFDA opendata InfoId=20); 查詢頁 https://consumer.fda.gov.tw/Food/TFND.aspx?nodeID=178 ; 整合編號=R2400401 (樣品基本資料)
加工調理食品及其他類,冷藏堅果饅頭,,,R2400501,307.0,9.6,8.8,47.3,衛生福利部食品藥物管理署 台灣食品成分資料庫(食品營養成分資料庫)開放資料; 下載自 https://data.fda.gov.tw/data/opendata/export/20/csv (政府資料開放平臺 data.gov.tw dataset id 8543 / TFDA opendata InfoId=20); 查詢頁 https://consumer.fda.gov.tw/Food/TFND.aspx?nodeID=178 ; 整合編號=R2400501 (樣品基本資料)
加工調理食品及其他類,黑糖饅頭,,,R2400601,235.0,6.8,0.9,50.0,衛生福利部食品藥物管理署 台灣食品成分資料庫(食品營養成分資料庫)開放資料; 下載自 https://data.fda.gov.tw/data/opendata/export/20/csv (政府資料開放平臺 data.gov.tw dataset id 8543 / TFDA opendata InfoId=20); 查詢頁 https://consumer.fda.gov.tw/Food/TFND.aspx?nodeID=178 ; 整合編號=R2400601 (樣品基本資料)
加工調理食品及其他類,冷凍銀絲卷(奶黃),,,R2400701,283.0,8.9,3.3,54.5,衛生福利部食品藥物管理署 台灣食品成分資料庫(食品營養成分資料庫)開放資料; 下載自 https://data.fda.gov.tw/data/opendata/export/20/csv (政府資料開放平臺 data.gov.tw dataset id 8543 / TFDA opendata InfoId=20); 查詢頁 https://consumer.fda.gov.tw/Food/TFND.aspx?nodeID=178 ; 整合編號=R2400701 (樣品基本資料)
加工調理食品及其他類,火腿蛋三明治,,,R2500101,275.0,10.9,13.2,28.2,衛生福利部食品藥物管理署 台灣食品成分資料庫(食品營養成分資料庫)開放資料; 下載自 https://data.fda.gov.tw/data/opendata/export/20/csv (政府資料開放平臺 data.gov.tw dataset id 8543 / TFDA opendata InfoId=20); 查詢頁 https://consumer.fda.gov.tw/Food/TFND.aspx?nodeID=178 ; 整合編號=R2500101 (樣品基本資料)
加工調理食品及其他類,披薩(夏威夷),,,R2600101,270.0,12.0,8.7,35.9,衛生福利部食品藥物管理署 台灣食品成分資料庫(食品營養成分資料庫)開放資料; 下載自 https://data.fda.gov.tw/data/opendata/export/20/csv (政府資料開放平臺 data.gov.tw dataset id 8543 / TFDA opendata InfoId=20); 查詢頁 https://consumer.fda.gov.tw/Food/TFND.aspx?nodeID=178 ; 整合編號=R2600101 (樣品基本資料)
加工調理食品及其他類,冷凍披薩(黑胡椒火腿),,Pizza,R2600201,210.0,9.3,6.9,27.7,衛生福利部食品藥物管理署 台灣食品成分資料庫(食品營養成分資料庫)開放資料; 下載自 https://data.fda.gov.tw/data/opendata/export/20/csv (政府資料開放平臺 data.gov.tw dataset id 8543 / TFDA opendata InfoId=20); 查詢頁 https://consumer.fda.gov.tw/Food/TFND.aspx?nodeID=178 ; 整合編號=R2600201 (樣品基本資料)
加工調理食品及其他類,蔥油餅,,,R2700101,305.0,8.3,9.3,46.9,衛生福利部食品藥物管理署 台灣食品成分資料庫(食品營養成分資料庫)開放資料; 下載自 https://data.fda.gov.tw/data/opendata/export/20/csv (政府資料開放平臺 data.gov.tw dataset id 8543 / TFDA opendata InfoId=20); 查詢頁 https://consumer.fda.gov.tw/Food/TFND.aspx?nodeID=178 ; 整合編號=R2700101 (樣品基本資料)
加工調理食品及其他類,冷凍蔥油餅,蔥油派,,R2700201,258.0,9.1,3.1,48.5,衛生福利部食品藥物管理署 台灣食品成分資料庫(食品營養成分資料庫)開放資料; 下載自 https://data.fda.gov.tw/data/opendata/export/20/csv (政府資料開放平臺 data.gov.tw dataset id 8543 / TFDA opendata InfoId=20); 查詢頁 https://consumer.fda.gov.tw/Food/TFND.aspx?nodeID=178 ; 整合編號=R2700201 (樣品基本資料)
加工調理食品及其他類,冷凍蛋餅皮,,,R2700301,231.0,5.7,3.7,43.7,衛生福利部食品藥物管理署 台灣食品成分資料庫(食品營養成分資料庫)開放資料; 下載自 https://data.fda.gov.tw/data/opendata/export/20/csv (政府資料開放平臺 data.gov.tw dataset id 8543 / TFDA opendata InfoId=20); 查詢頁 https://consumer.fda.gov.tw/Food/TFND.aspx?nodeID=178 ; 整合編號=R2700301 (樣品基本資料)
加工調理食品及其他類,燒餅,,,R2700401,323.0,9.1,9.1,51.1,衛生福利部食品藥物管理署 台灣食品成分資料庫(食品營養成分資料庫)開放資料; 下載自 https://data.fda.gov.tw/data/opendata/export/20/csv (政府資料開放平臺 data.gov.tw dataset id 8543 / TFDA opendata InfoId=20); 查詢頁 https://consumer.fda.gov.tw/Food/TFND.aspx?nodeID=178 ; 整合編號=R2700401 (樣品基本資料)
加工調理食品及其他類,韭菜盒子,,,R2800101,217.0,7.5,12.1,19.5,衛生福利部食品藥物管理署 台灣食品成分資料庫(食品營養成分資料庫)開放資料; 下載自 https://data.fda.gov.tw/data/opendata/export/20/csv (政府資料開放平臺 data.gov.tw dataset id 8543 / TFDA opendata InfoId=20); 查詢頁 https://consumer.fda.gov.tw/Food/TFND.aspx?nodeID=178 ; 整合編號=R2800101 (樣品基本資料)
加工調理食品及其他類,大餅包小餅(紅豆),,,R2800201,376.0,8.3,16.5,48.5,衛生福利部食品藥物管理署 台灣食品成分資料庫(食品營養成分資料庫)開放資料; 下載自 https://data.fda.gov.tw/data/opendata/export/20/csv (政府資料開放平臺 data.gov.tw dataset id 8543 / TFDA opendata InfoId=20); 查詢頁 https://consumer.fda.gov.tw/Food/TFND.aspx?nodeID=178 ; 整合編號=R2800201 (樣品基本資料)
加工調理食品及其他類,水煎包,,,R2800301,166.0,4.3,5.4,25.2,衛生福利部食品藥物管理署 台灣食品成分資料庫(食品營養成分資料庫)開放資料; 下載自 https://data.fda.gov.tw/data/opendata/export/20/csv (政府資料開放平臺 data.gov.tw dataset id 8543 / TFDA opendata InfoId=20); 查詢頁 https://consumer.fda.gov.tw/Food/TFND.aspx?nodeID=178 ; 整合編號=R2800301 (樣品基本資料)
加工調理食品及其他類,牛肉餡餅,,,R2800401,225.0,9.6,10.4,23.3,衛生福利部食品藥物管理署 台灣食品成分資料庫(食品營養成分資料庫)開放資料; 下載自 https://data.fda.gov.tw/data/opendata/export/20/csv (政府資料開放平臺 data.gov.tw dataset id 8543 / TFDA opendata InfoId=20); 查詢頁 https://consumer.fda.gov.tw/Food/TFND.aspx?nodeID=178 ; 整合編號=R2800401 (樣品基本資料)
加工調理食品及其他類,豬肉餡餅,,,R2800501,327.0,6.2,23.3,23.1,衛生福利部食品藥物管理署 台灣食品成分資料庫(食品營養成分資料庫)開放資料; 下載自 https://data.fda.gov.tw/data/opendata/export/20/csv (政府資料開放平臺 data.gov.tw dataset id 8543 / TFDA opendata InfoId=20); 查詢頁 https://consumer.fda.gov.tw/Food/TFND.aspx?nodeID=178 ; 整合編號=R2800501 (樣品基本資料)
加工調理食品及其他類,冷凍燒賣,,,R2900101,188.0,9.9,9.7,15.3,衛生福利部食品藥物管理署 台灣食品成分資料庫(食品營養成分資料庫)開放資料; 下載自 https://data.fda.gov.tw/data/opendata/export/20/csv (政府資料開放平臺 data.gov.tw dataset id 8543 / TFDA opendata InfoId=20); 查詢頁 https://consumer.fda.gov.tw/Food/TFND.aspx?nodeID=178 ; 整合編號=R2900101 (樣品基本資料)
加工調理食品及其他類,冷凍水晶包,,,R2900201,211.0,4.8,7.8,30.4,衛生福利部食品藥物管理署 台灣食品成分資料庫(食品營養成分資料庫)開放資料; 下載自 https://data.fda.gov.tw/data/opendata/export/20/csv (政府資料開放平臺 data.gov.tw dataset id 8543 / TFDA opendata InfoId=20); 查詢頁 https://consumer.fda.gov.tw/Food/TFND.aspx?nodeID=178 ; 整合編號=R2900201 (樣品基本資料)
加工調理食品及其他類,"冷凍,水晶餃",,,R2900301,190.0,2.8,3.5,36.8,衛生福利部食品藥物管理署 台灣食品成分資料庫(食品營養成分資料庫)開放資料; 下載自 https://data.fda.gov.tw/data/opendata/export/20/csv (政府資料開放平臺 data.gov.tw dataset id 8543 / TFDA opendata InfoId=20); 查詢頁 https://consumer.fda.gov.tw/Food/TFND.aspx?nodeID=178 ; 整合編號=R2900301 (樣品基本資料)
加工調理食品及其他類,油條,,Cruller,R3000101,551.0,10.1,40.2,37.3,衛生福利部食品藥物管理署 台灣食品成分資料庫(食品營養成分資料庫)開放資料; 下載自 https://data.fda.gov.tw/data/opendata/export/20/csv (政府資料開放平臺 data.gov.tw dataset id 8543 / TFDA opendata InfoId=20); 查詢頁 https://consumer.fda.gov.tw/Food/TFND.aspx?nodeID=178 ; 整合編號=R3000101 (樣品基本資料)
加工調理食品及其他類,冷凍春捲,,Spring roll,R3000201,272.0,5.1,13.9,31.5,衛生福利部食品藥物管理署 台灣食品成分資料庫(食品營養成分資料庫)開放資料; 下載自 https://data.fda.gov.tw/data/opendata/export/20/csv (政府資料開放平臺 data.gov.tw dataset id 8543 / TFDA opendata InfoId=20); 查詢頁 https://consumer.fda.gov.tw/Food/TFND.aspx?nodeID=178 ; 整合編號=R3000201 (樣品基本資料)
加工調理食品及其他類,蚵仔煎,,,R3000301,192.0,4.9,10.4,19.7,衛生福利部食品藥物管理署 台灣食品成分資料庫(食品營養成分資料庫)開放資料; 下載自 https://data.fda.gov.tw/data/opendata/export/20/csv (政府資料開放平臺 data.gov.tw dataset id 8543 / TFDA opendata InfoId=20); 查詢頁 https://consumer.fda.gov.tw/Food/TFND.aspx?nodeID=178 ; 整合編號=R3000301 (樣品基本資料)
加工調理食品及其他類,棺材板,,,R3000401,264.0,7.0,17.5,19.7,衛生福利部食品藥物管理署 台灣食品成分資料庫(食品營養成分資料庫)開放資料; 下載自 https://data.fda.gov.tw/data/opendata/export/20/csv (政府資料開放平臺 data.gov.tw dataset id 8543 / TFDA opendata InfoId=20); 查詢頁 https://consumer.fda.gov.tw/Food/TFND.aspx?nodeID=178 ; 整合編號=R3000401 (樣品基本資料)
加工調理食品及其他類,油豆腐粉絲(阿給),阿給,,R3000501,146.0,6.9,6.2,15.7,衛生福利部食品藥物管理署 台灣食品成分資料庫(食品營養成分資料庫)開放資料; 下載自 https://data.fda.gov.tw/data/opendata/export/20/csv (政府資料開放平臺 data.gov.tw dataset id 8543 / TFDA opendata InfoId=20); 查詢頁 https://consumer.fda.gov.tw/Food/TFND.aspx?nodeID=178 ; 整合編號=R3000501 (樣品基本資料)
加工調理食品及其他類,冷凍可樂餅(奶汁),,,R3100101,114.0,3.6,2.3,19.8,衛生福利部食品藥物管理署 台灣食品成分資料庫(食品營養成分資料庫)開放資料; 下載自 https://data.fda.gov.tw/data/opendata/export/20/csv (政府資料開放平臺 data.gov.tw dataset id 8543 / TFDA opendata InfoId=20); 查詢頁 https://consumer.fda.gov.tw/Food/TFND.aspx?nodeID=178 ; 整合編號=R3100101 (樣品基本資料)
加工調理食品及其他類,芋圓,,,R4100101,214.0,0.9,0.2,52.1,衛生福利部食品藥物管理署 台灣食品成分資料庫(食品營養成分資料庫)開放資料; 下載自 https://data.fda.gov.tw/data/opendata/export/20/csv (政府資料開放平臺 data.gov.tw dataset id 8543 / TFDA opendata InfoId=20); 查詢頁 https://consumer.fda.gov.tw/Food/TFND.aspx?nodeID=178 ; 整合編號=R4100101 (樣品基本資料)
加工調理食品及其他類,粉圓,,,R4100201,346.0,0.2,0.0,86.2,衛生福利部食品藥物管理署 台灣食品成分資料庫(食品營養成分資料庫)開放資料; 下載自 https://data.fda.gov.tw/data/opendata/export/20/csv (政府資料開放平臺 data.gov.tw dataset id 8543 / TFDA opendata InfoId=20); 查詢頁 https://consumer.fda.gov.tw/Food/TFND.aspx?nodeID=178 ; 整合編號=R4100201 (樣品基本資料)
加工調理食品及其他類,冷凍甘薯條,薯條,French fries: sweet potato,R4100301,182.0,1.8,6.5,29.0,衛生福利部食品藥物管理署 台灣食品成分資料庫(食品營養成分資料庫)開放資料; 下載自 https://data.fda.gov.tw/data/opendata/export/20/csv (政府資料開放平臺 data.gov.tw dataset id 8543 / TFDA opendata InfoId=20); 查詢頁 https://consumer.fda.gov.tw/Food/TFND.aspx?nodeID=178 ; 整合編號=R4100301 (樣品基本資料)
加工調理食品及其他類,冷凍馬鈴薯條,薯條,French fries: potato,R4100401,151.0,2.2,4.5,25.5,衛生福利部食品藥物管理署 台灣食品成分資料庫(食品營養成分資料庫)開放資料; 下載自 https://data.fda.gov.tw/data/opendata/export/20/csv (政府資料開放平臺 data.gov.tw dataset id 8543 / TFDA opendata InfoId=20); 查詢頁 https://consumer.fda.gov.tw/Food/TFND.aspx?nodeID=178 ; 整合編號=R4100401 (樣品基本資料)
加工調理食品及其他類,西谷米,,Sago; Sago pearl; Tapioca,R4100501,360.0,0.1,0.1,89.7,衛生福利部食品藥物管理署 台灣食品成分資料庫(食品營養成分資料庫)開放資料; 下載自 https://data.fda.gov.tw/data/opendata/export/20/csv (政府資料開放平臺 data.gov.tw dataset id 8543 / TFDA opendata InfoId=20); 查詢頁 https://consumer.fda.gov.tw/Food/TFND.aspx?nodeID=178 ; 整合編號=R4100501 (樣品基本資料)
加工調理食品及其他類,台式泡菜,,,R4400101,59.0,0.9,0.3,13.1,衛生福利部食品藥物管理署 台灣食品成分資料庫(食品營養成分資料庫)開放資料; 下載自 https://data.fda.gov.tw/data/opendata/export/20/csv (政府資料開放平臺 data.gov.tw dataset id 8543 / TFDA opendata InfoId=20); 查詢頁 https://consumer.fda.gov.tw/Food/TFND.aspx?nodeID=178 ; 整合編號=R4400101 (樣品基本資料)
加工調理食品及其他類,黃金泡菜,,,R4400201,111.0,2.4,5.7,12.5,衛生福利部食品藥物管理署 台灣食品成分資料庫(食品營養成分資料庫)開放資料; 下載自 https://data.fda.gov.tw/data/opendata/export/20/csv (政府資料開放平臺 data.gov.tw dataset id 8543 / TFDA opendata InfoId=20); 查詢頁 https://consumer.fda.gov.tw/Food/TFND.aspx?nodeID=178 ; 整合編號=R4400201 (樣品基本資料)
加工調理食品及其他類,韓式泡菜,,,R4400301,35.0,2.0,0.4,5.8,衛生福利部食品藥物管理署 台灣食品成分資料庫(食品營養成分資料庫)開放資料; 下載自 https://data.fda.gov.tw/data/opendata/export/20/csv (政府資料開放平臺 data.gov.tw dataset id 8543 / TFDA opendata InfoId=20); 查詢頁 https://consumer.fda.gov.tw/Food/TFND.aspx?nodeID=178 ; 整合編號=R4400301 (樣品基本資料)
加工調理食品及其他類,花瓜罐頭,,,R4400401,89.0,2.9,0.2,18.8,衛生福利部食品藥物管理署 台灣食品成分資料庫(食品營養成分資料庫)開放資料; 下載自 https://data.fda.gov.tw/data/opendata/export/20/csv (政府資料開放平臺 data.gov.tw dataset id 8543 / TFDA opendata InfoId=20); 查詢頁 https://consumer.fda.gov.tw/Food/TFND.aspx?nodeID=178 ; 整合編號=R4400401 (樣品基本資料)
加工調理食品及其他類,冷凍洋蔥圈,,Onion ring,R4400501,281.0,4.0,11.0,41.4,衛生福利部食品藥物管理署 台灣食品成分資料庫(食品營養成分資料庫)開放資料; 下載自 https://data.fda.gov.tw/data/opendata/export/20/csv (政府資料開放平臺 data.gov.tw dataset id 8543 / TFDA opendata InfoId=20); 查詢頁 https://consumer.fda.gov.tw/Food/TFND.aspx?nodeID=178 ; 整合編號=R4400501 (樣品基本資料)
加工調理食品及其他類,醃辣椒,剝皮辣椒,,R4400601,53.0,1.9,0.3,10.6,衛生福利部食品藥物管理署 台灣食品成分資料庫(食品營養成分資料庫)開放資料; 下載自 https://data.fda.gov.tw/data/opendata/export/20/csv (政府資料開放平臺 data.gov.tw dataset id 8543 / TFDA opendata InfoId=20); 查詢頁 https://consumer.fda.gov.tw/Food/TFND.aspx?nodeID=178 ; 整合編號=R4400601 (樣品基本資料)
加工調理食品及其他類,桂竹筍片,,,R4400701,19.0,1.0,0.2,3.3,衛生福利部食品藥物管理署 台灣食品成分資料庫(食品營養成分資料庫)開放資料; 下載自 https://data.fda.gov.tw/data/opendata/export/20/csv (政府資料開放平臺 data.gov.tw dataset id 8543 / TFDA opendata InfoId=20); 查詢頁 https://consumer.fda.gov.tw/Food/TFND.aspx?nodeID=178 ; 整合編號=R4400701 (樣品基本資料)
加工調理食品及其他類,麻竹筍干,,,R4400801,400.0,,,100.0,衛生福利部食品藥物管理署 台灣食品成分資料庫(食品營養成分資料庫)開放資料; 下載自 https://data.fda.gov.tw/data/opendata/export/20/csv (政府資料開放平臺 data.gov.tw dataset id 8543 / TFDA opendata InfoId=20); 查詢頁 https://consumer.fda.gov.tw/Food/TFND.aspx?nodeID=178 ; 整合編號=R4400801 (樣品基本資料)
加工調理食品及其他類,薤,"蕗蕎,薤頭,火蔥,蕎蔥,大韭(韮),露京,蕎頭,叫頭",Allium bakeri Regel;Baker's garlic,R4400901,11.0,0.5,0.2,1.9,衛生福利部食品藥物管理署 台灣食品成分資料庫(食品營養成分資料庫)開放資料; 下載自 https://data.fda.gov.tw/data/opendata/export/20/csv (政府資料開放平臺 data.gov.tw dataset id 8543 / TFDA opendata InfoId=20); 查詢頁 https://consumer.fda.gov.tw/Food/TFND.aspx?nodeID=178 ; 整合編號=R4400901 (樣品基本資料)
加工調理食品及其他類,甘藍乾,高麗菜乾,Cabbage: dried,R4401001,194.0,7.2,1.1,38.9,衛生福利部食品藥物管理署 台灣食品成分資料庫(食品營養成分資料庫)開放資料; 下載自 https://data.fda.gov.tw/data/opendata/export/20/csv (政府資料開放平臺 data.gov.tw dataset id 8543 / TFDA opendata InfoId=20); 查詢頁 https://consumer.fda.gov.tw/Food/TFND.aspx?nodeID=178 ; 整合編號=R4401001 (樣品基本資料)
加工調理食品及其他類,酸甘藍菜,酸高麗菜,,R4401101,24.0,1.4,0.2,4.2,衛生福利部食品藥物管理署 台灣食品成分資料庫(食品營養成分資料庫)開放資料; 下載自 https://data.fda.gov.tw/data/opendata/export/20/csv (政府資料開放平臺 data.gov.tw dataset id 8543 / TFDA opendata InfoId=20); 查詢頁 https://consumer.fda.gov.tw/Food/TFND.aspx?nodeID=178 ; 整合編號=R4401101 (樣品基本資料)
加工調理食品及其他類,梅乾菜,,,R4401201,116.0,5.5,1.1,20.8,衛生福利部食品藥物管理署 台灣食品成分資料庫(食品營養成分資料庫)開放資料; 下載自 https://data.fda.gov.tw/data/opendata/export/20/csv (政府資料開放平臺 data.gov.tw dataset id 8543 / TFDA opendata InfoId=20); 查詢頁 https://consumer.fda.gov.tw/Food/TFND.aspx?nodeID=178 ; 整合編號=R4401201 (樣品基本資料)
加工調理食品及其他類,榨菜,"榨菜藺蕓苔,四川榨菜,疙瘩菜,稜角菜,筆架菜,香爐菜,瘤菜",tsatsai， tza-tsai,R4401301,27.0,1.3,0.4,4.6,衛生福利部食品藥物管理署 台灣食品成分資料庫(食品營養成分資料庫)開放資料; 下載自 https://data.fda.gov.tw/data/opendata/export/20/csv (政府資料開放平臺 data.gov.tw dataset id 8543 / TFDA opendata InfoId=20); 查詢頁 https://consumer.fda.gov.tw/Food/TFND.aspx?nodeID=178 ; 整合編號=R4401301 (樣品基本資料)
加工調理食品及其他類,酸菜,"鹹菜,鹼菜,醃(大/鹹)酸菜,大鹹菜,鹹菜仁",kraut， sourkrout， sourcrout， sauerkraut,R4401401,19.0,0.8,0.3,3.2,衛生福利部食品藥物管理署 台灣食品成分資料庫(食品營養成分資料庫)開放資料; 下載自 https://data.fda.gov.tw/data/opendata/export/20/csv (政府資料開放平臺 data.gov.tw dataset id 8543 / TFDA opendata InfoId=20); 查詢頁 https://consumer.fda.gov.tw/Food/TFND.aspx?nodeID=178 ; 整合編號=R4401401 (樣品基本資料)
加工調理食品及其他類,醃漬冬瓜,"白瓜,東瓜,枕瓜,水芝,地芝",Wax gourd: pickled,R4401501,28.0,2.5,0.2,4.1,衛生福利部食品藥物管理署 台灣食品成分資料庫(食品營養成分資料庫)開放資料; 下載自 https://data.fda.gov.tw/data/opendata/export/20/csv (政府資料開放平臺 data.gov.tw dataset id 8543 / TFDA opendata InfoId=20); 查詢頁 https://consumer.fda.gov.tw/Food/TFND.aspx?nodeID=178 ; 整合編號=R4401501 (樣品基本資料)
加工調理食品及其他類,醃漬花胡瓜,"小黃瓜,花瓜,小胡瓜,小瓜,小刺瓜,水胡瓜",Cucumber:pickeled,R4401601,89.0,3.0,0.5,18.1,衛生福利部食品藥物管理署 台灣食品成分資料庫(食品營養成分資料庫)開放資料; 下載自 https://data.fda.gov.tw/data/opendata/export/20/csv (政府資料開放平臺 data.gov.tw dataset id 8543 / TFDA opendata InfoId=20); 查詢頁 https://consumer.fda.gov.tw/Food/TFND.aspx?nodeID=178 ; 整合編號=R4401601 (樣品基本資料)
加工調理食品及其他類,醃漬越瓜,"醃瓜,菴瓜,梢瓜,酥瓜,甜瓜,羊角瓜,稍瓜,生瓜,白瓜,青瓜,百香胡瓜",Oriental pickling melon,R4401701,18.0,1.1,0.2,3.1,衛生福利部食品藥物管理署 台灣食品成分資料庫(食品營養成分資料庫)開放資料; 下載自 https://data.fda.gov.tw/data/opendata/export/20/csv (政府資料開放平臺 data.gov.tw dataset id 8543 / TFDA opendata InfoId=20); 查詢頁 https://consumer.fda.gov.tw/Food/TFND.aspx?nodeID=178 ; 整合編號=R4401701 (樣品基本資料)
加工調理食品及其他類,銀耳罐頭,"白木耳,雪耳",,R4500101,49.0,0.1,0.1,12.0,衛生福利部食品藥物管理署 台灣食品成分資料庫(食品營養成分資料庫)開放資料; 下載自 https://data.fda.gov.tw/data/opendata/export/20/csv (政府資料開放平臺 data.gov.tw dataset id 8543 / TFDA opendata InfoId=20); 查詢頁 https://consumer.fda.gov.tw/Food/TFND.aspx?nodeID=178 ; 整合編號=R4500101 (樣品基本資料)
加工調理食品及其他類,草菇罐頭,"蘭花菇,美味草菇,包腳菇,中國蘑菇,稈(麻/貢)菇,南華菇,家生菇(小包腳菇)",(Paddy) Straw mushroom: canned,R4500201,36.0,3.3,0.1,5.4,衛生福利部食品藥物管理署 台灣食品成分資料庫(食品營養成分資料庫)開放資料; 下載自 https://data.fda.gov.tw/data/opendata/export/20/csv (政府資料開放平臺 data.gov.tw dataset id 8543 / TFDA opendata InfoId=20); 查詢頁 https://consumer.fda.gov.tw/Food/TFND.aspx?nodeID=178 ; 整合編號=R4500201 (樣品基本資料)
加工調理食品及其他類,醃漬香菇,"冬(北/花/厚/毛)菇,椎茸,香蕈(信/椹),合蕈",Mushroom: pickled; Champignon: pickled; Shiitake: pickled,R4500301,56.0,3.0,0.1,10.6,衛生福利部食品藥物管理署 台灣食品成分資料庫(食品營養成分資料庫)開放資料; 下載自 https://data.fda.gov.tw/data/opendata/export/20/csv (政府資料開放平臺 data.gov.tw dataset id 8543 / TFDA opendata InfoId=20); 查詢頁 https://consumer.fda.gov.tw/Food/TFND.aspx?nodeID=178 ; 整合編號=R4500301 (樣品基本資料)
加工調理食品及其他類,秀珍菇罐頭,"平菇,小平菇,側耳平菇,蠔菇,袖珍(鮑魚)菇(側耳)",(Common) Oyster mushroom: canned; Obalonus: canned,R4500401,30.0,1.7,0.5,4.7,衛生福利部食品藥物管理署 台灣食品成分資料庫(食品營養成分資料庫)開放資料; 下載自 https://data.fda.gov.tw/data/opendata/export/20/csv (政府資料開放平臺 data.gov.tw dataset id 8543 / TFDA opendata InfoId=20); 查詢頁 https://consumer.fda.gov.tw/Food/TFND.aspx?nodeID=178 ; 整合編號=R4500401 (樣品基本資料)
加工調理食品及其他類,金針菇罐頭,"金(冬/榎/朴)菇,金絲菇,金菇菜,秋葷,樸蕈構菌,毛柄金線菇,菌子(絨柄金錢菇)",Velvet foot: canned; Gold mushroom: canned; Enokitake: canned; Winter Mushroom: canned; Snow Mushroom: canned,R4500501,27.0,1.7,0.2,4.5,衛生福利部食品藥物管理署 台灣食品成分資料庫(食品營養成分資料庫)開放資料; 下載自 https://data.fda.gov.tw/data/opendata/export/20/csv (政府資料開放平臺 data.gov.tw dataset id 8543 / TFDA opendata InfoId=20); 查詢頁 https://consumer.fda.gov.tw/Food/TFND.aspx?nodeID=178 ; 整合編號=R4500501 (樣品基本資料)
加工調理食品及其他類,洋菇罐頭,"西洋蘑菇(蘑菇,雙孢蘑菇)",Mushroom: canned,R4500601,31.0,2.9,0.3,4.3,衛生福利部食品藥物管理署 台灣食品成分資料庫(食品營養成分資料庫)開放資料; 下載自 https://data.fda.gov.tw/data/opendata/export/20/csv (政府資料開放平臺 data.gov.tw dataset id 8543 / TFDA opendata InfoId=20); 查詢頁 https://consumer.fda.gov.tw/Food/TFND.aspx?nodeID=178 ; 整合編號=R4500601 (樣品基本資料)
加工調理食品及其他類,猴頭菇罐頭,"猴頭蘑,刺蝟菌,蝟菌,花菜菇,圓頭菇,陰陽蘑,對臉蘑",,R4500701,31.0,1.0,0.1,6.5,衛生福利部食品藥物管理署 台灣食品成分資料庫(食品營養成分資料庫)開放資料; 下載自 https://data.fda.gov.tw/data/opendata/export/20/csv (政府資料開放平臺 data.gov.tw dataset id 8543 / TFDA opendata InfoId=20); 查詢頁 https://consumer.fda.gov.tw/Food/TFND.aspx?nodeID=178 ; 整合編號=R4500701 (樣品基本資料)
加工調理食品及其他類,高纖胚芽冬粉,粉絲,Bean thread: green bean w/ germ,R4600101,364.0,0.6,0.2,90.0,衛生福利部食品藥物管理署 台灣食品成分資料庫(食品營養成分資料庫)開放資料; 下載自 https://data.fda.gov.tw/data/opendata/export/20/csv (政府資料開放平臺 data.gov.tw dataset id 8543 / TFDA opendata InfoId=20); 查詢頁 https://consumer.fda.gov.tw/Food/TFND.aspx?nodeID=178 ; 整合編號=R4600101 (樣品基本資料)
加工調理食品及其他類,冬粉,粉絲,Mung bean thread; Water flour,R4600201,351.0,0.1,0.1,87.5,衛生福利部食品藥物管理署 台灣食品成分資料庫(食品營養成分資料庫)開放資料; 下載自 https://data.fda.gov.tw/data/opendata/export/20/csv (政府資料開放平臺 data.gov.tw dataset id 8543 / TFDA opendata InfoId=20); 查詢頁 https://consumer.fda.gov.tw/Food/TFND.aspx?nodeID=178 ; 整合編號=R4600201 (樣品基本資料)
加工調理食品及其他類,寬粉,寬條冬粉,,R4600301,349.0,0.1,0.1,86.9,衛生福利部食品藥物管理署 台灣食品成分資料庫(食品營養成分資料庫)開放資料; 下載自 https://data.fda.gov.tw/data/opendata/export/20/csv (政府資料開放平臺 data.gov.tw dataset id 8543 / TFDA opendata InfoId=20); 查詢頁 https://consumer.fda.gov.tw/Food/TFND.aspx?nodeID=178 ; 整合編號=R4600301 (樣品基本資料)
加工調理食品及其他類,佃煮黑豆,,,R4700101,271.0,10.5,6.2,43.5,衛生福利部食品藥物管理署 台灣食品成分資料庫(食品營養成分資料庫)開放資料; 下載自 https://data.fda.gov.tw/data/opendata/export/20/csv (政府資料開放平臺 data.gov.tw dataset id 8543 / TFDA opendata InfoId=20); 查詢頁 https://consumer.fda.gov.tw/Food/TFND.aspx?nodeID=178 ; 整合編號=R4700101 (樣品基本資料)
加工調理食品及其他類,豆干絲,,Beancurd noodles,R4700201,170.0,18.3,8.6,4.8,衛生福利部食品藥物管理署 台灣食品成分資料庫(食品營養成分資料庫)開放資料; 下載自 https://data.fda.gov.tw/data/opendata/export/20/csv (政府資料開放平臺 data.gov.tw dataset id 8543 / TFDA opendata InfoId=20); 查詢頁 https://consumer.fda.gov.tw/Food/TFND.aspx?nodeID=178 ; 整合編號=R4700201 (樣品基本資料)
加工調理食品及其他類,五香豆干,,Soy bean curd cake: spiced; Spiced fried beancurd;,R4700202,197.0,19.3,10.6,6.2,衛生福利部食品藥物管理署 台灣食品成分資料庫(食品營養成分資料庫)開放資料; 下載自 https://data.fda.gov.tw/data/opendata/export/20/csv (政府資料開放平臺 data.gov.tw dataset id 8543 / TFDA opendata InfoId=20); 查詢頁 https://consumer.fda.gov.tw/Food/TFND.aspx?nodeID=178 ; 整合編號=R4700202 (樣品基本資料)
加工調理食品及其他類,小方豆干,,Hard bean curd,R4700203,161.0,17.4,8.6,3.5,衛生福利部食品藥物管理署 台灣食品成分資料庫(食品營養成分資料庫)開放資料; 下載自 https://data.fda.gov.tw/data/opendata/export/20/csv (政府資料開放平臺 data.gov.tw dataset id 8543 / TFDA opendata InfoId=20); 查詢頁 https://consumer.fda.gov.tw/Food/TFND.aspx?nodeID=178 ; 整合編號=R4700203 (樣品基本資料)
加工調理食品及其他類,黑豆干,,,R4700301,197.0,19.0,12.5,2.1,衛生福利部食品藥物管理署 台灣食品成分資料庫(食品營養成分資料庫)開放資料; 下載自 https://data.fda.gov.tw/data/opendata/export/20/csv (政府資料開放平臺 data.gov.tw dataset id 8543 / TFDA opendata InfoId=20); 查詢頁 https://consumer.fda.gov.tw/Food/TFND.aspx?nodeID=178 ; 整合編號=R4700301 (樣品基本資料)
加工調理食品及其他類,豆腐皮,豆皮,Dried beancurd skin; Soy (bean) milk film ,R4700401,209.0,25.3,11.0,2.4,衛生福利部食品藥物管理署 台灣食品成分資料庫(食品營養成分資料庫)開放資料; 下載自 https://data.fda.gov.tw/data/opendata/export/20/csv (政府資料開放平臺 data.gov.tw dataset id 8543 / TFDA opendata InfoId=20); 查詢頁 https://consumer.fda.gov.tw/Food/TFND.aspx?nodeID=178 ; 整合編號=R4700401 (樣品基本資料)
加工調理食品及其他類,日式炸豆皮,,Yuba: fried,R4700501,388.0,19.2,32.4,4.9,衛生福利部食品藥物管理署 台灣食品成分資料庫(食品營養成分資料庫)開放資料; 下載自 https://data.fda.gov.tw/data/opendata/export/20/csv (政府資料開放平臺 data.gov.tw dataset id 8543 / TFDA opendata InfoId=20); 查詢頁 https://consumer.fda.gov.tw/Food/TFND.aspx?nodeID=178 ; 整合編號=R4700501 (樣品基本資料)
加工調理食品及其他類,豆豉,蔭豉,Fermented black bean,R4700601,237.0,20.4,11.5,12.8,衛生福利部食品藥物管理署 台灣食品成分資料庫(食品營養成分資料庫)開放資料; 下載自 https://data.fda.gov.tw/data/opendata/export/20/csv (政府資料開放平臺 data.gov.tw dataset id 8543 / TFDA opendata InfoId=20); 查詢頁 https://consumer.fda.gov.tw/Food/TFND.aspx?nodeID=178 ; 整合編號=R4700601 (樣品基本資料)
加工調理食品及其他類,豆棗,,,R4700701,420.0,11.7,19.2,50.0,衛生福利部食品藥物管理署 台灣食品成分資料庫(食品營養成分資料庫)開放資料; 下載自 https://data.fda.gov.tw/data/opendata/export/20/csv (政府資料開放平臺 data.gov.tw dataset id 8543 / TFDA opendata InfoId=20); 查詢頁 https://consumer.fda.gov.tw/Food/TFND.aspx?nodeID=178 ; 整合編號=R4700701 (樣品基本資料)
加工調理食品及其他類,百頁豆腐,千張豆腐,Beancurd sheets,R4700801,196.0,13.4,13.1,6.3,衛生福利部食品藥物管理署 台灣食品成分資料庫(食品營養成分資料庫)開放資料; 下載自 https://data.fda.gov.tw/data/opendata/export/20/csv (政府資料開放平臺 data.gov.tw dataset id 8543 / TFDA opendata InfoId=20); 查詢頁 https://consumer.fda.gov.tw/Food/TFND.aspx?nodeID=178 ; 整合編號=R4700801 (樣品基本資料)
加工調理食品及其他類,傳統豆腐,板豆腐,Tofu; Bean curd; Soy bean cheese,R4700901,88.0,8.5,3.4,6.0,衛生福利部食品藥物管理署 台灣食品成分資料庫(食品營養成分資料庫)開放資料; 下載自 https://data.fda.gov.tw/data/opendata/export/20/csv (政府資料開放平臺 data.gov.tw dataset id 8543 / TFDA opendata InfoId=20); 查詢頁 https://consumer.fda.gov.tw/Food/TFND.aspx?nodeID=178 ; 整合編號=R4700901 (樣品基本資料)
加工調理食品及其他類,傳統豆腐(2022年取樣),板豆腐,Tofu; Bean curd; Soy bean cheese,R4700902,96.0,9.6,5.5,1.9,衛生福利部食品藥物管理署 台灣食品成分資料庫(食品營養成分資料庫)開放資料; 下載自 https://data.fda.gov.tw/data/opendata/export/20/csv (政府資料開放平臺 data.gov.tw dataset id 8543 / TFDA opendata InfoId=20); 查詢頁 https://consumer.fda.gov.tw/Food/TFND.aspx?nodeID=178 ; 整合編號=R4700902 (樣品基本資料)
加工調理食品及其他類,冷凍豆腐,凍豆腐,Bean curd: frozen,R4701001,131.0,12.9,7.1,3.9,衛生福利部食品藥物管理署 台灣食品成分資料庫(食品營養成分資料庫)開放資料; 下載自 https://data.fda.gov.tw/data/opendata/export/20/csv (政府資料開放平臺 data.gov.tw dataset id 8543 / TFDA opendata InfoId=20); 查詢頁 https://consumer.fda.gov.tw/Food/TFND.aspx?nodeID=178 ; 整合編號=R4701001 (樣品基本資料)
加工調理食品及其他類,小三角油豆腐,,Bean curd: oil fried,R4701101,160.0,12.7,13.3,0.0,衛生福利部食品藥物管理署 台灣食品成分資料庫(食品營養成分資料庫)開放資料; 下載自 https://data.fda.gov.tw/data/opendata/export/20/csv (政府資料開放平臺 data.gov.tw dataset id 8543 / TFDA opendata InfoId=20); 查詢頁 https://consumer.fda.gov.tw/Food/TFND.aspx?nodeID=178 ; 整合編號=R4701101 (樣品基本資料)
加工調理食品及其他類,嫩豆腐,,,R4701201,53.0,4.9,3.0,1.6,衛生福利部食品藥物管理署 台灣食品成分資料庫(食品營養成分資料庫)開放資料; 下載自 https://data.fda.gov.tw/data/opendata/export/20/csv (政府資料開放平臺 data.gov.tw dataset id 8543 / TFDA opendata InfoId=20); 查詢頁 https://consumer.fda.gov.tw/Food/TFND.aspx?nodeID=178 ; 整合編號=R4701201 (樣品基本資料)
加工調理食品及其他類,雞蛋豆腐,,Bean curd with egg,R4701301,79.0,6.9,4.6,2.7,衛生福利部食品藥物管理署 台灣食品成分資料庫(食品營養成分資料庫)開放資料; 下載自 https://data.fda.gov.tw/data/opendata/export/20/csv (政府資料開放平臺 data.gov.tw dataset id 8543 / TFDA opendata InfoId=20); 查詢頁 https://consumer.fda.gov.tw/Food/TFND.aspx?nodeID=178 ; 整合編號=R4701301 (樣品基本資料)
加工調理食品及其他類,麻油辣腐乳,,,R4701401,107.0,9.0,5.8,4.8,衛生福利部食品藥物管理署 台灣食品成分資料庫(食品營養成分資料庫)開放資料; 下載自 https://data.fda.gov.tw/data/opendata/export/20/csv (政府資料開放平臺 data.gov.tw dataset id 8543 / TFDA opendata InfoId=20); 查詢頁 https://consumer.fda.gov.tw/Food/TFND.aspx?nodeID=178 ; 整合編號=R4701401 (樣品基本資料)
加工調理食品及其他類,素肉,,,R4800101,210.0,23.9,10.1,6.0,衛生福利部食品藥物管理署 台灣食品成分資料庫(食品營養成分資料庫)開放資料; 下載自 https://data.fda.gov.tw/data/opendata/export/20/csv (政府資料開放平臺 data.gov.tw dataset id 8543 / TFDA opendata InfoId=20); 查詢頁 https://consumer.fda.gov.tw/Food/TFND.aspx?nodeID=178 ; 整合編號=R4800101 (樣品基本資料)
加工調理食品及其他類,冷凍素雞塊,,,R4800201,206.0,14.2,8.1,19.0,衛生福利部食品藥物管理署 台灣食品成分資料庫(食品營養成分資料庫)開放資料; 下載自 https://data.fda.gov.tw/data/opendata/export/20/csv (政府資料開放平臺 data.gov.tw dataset id 8543 / TFDA opendata InfoId=20); 查詢頁 https://consumer.fda.gov.tw/Food/TFND.aspx?nodeID=178 ; 整合編號=R4800201 (樣品基本資料)
加工調理食品及其他類,花生麵筋罐頭,,peanut gluten,R4900101,206.0,11.0,11.1,15.5,衛生福利部食品藥物管理署 台灣食品成分資料庫(食品營養成分資料庫)開放資料; 下載自 https://data.fda.gov.tw/data/opendata/export/20/csv (政府資料開放平臺 data.gov.tw dataset id 8543 / TFDA opendata InfoId=20); 查詢頁 https://consumer.fda.gov.tw/Food/TFND.aspx?nodeID=178 ; 整合編號=R4900101 (樣品基本資料)
加工調理食品及其他類,香菇麵筋罐頭,,Mushroom gluten,R4900201,192.0,10.7,10.0,14.9,衛生福利部食品藥物管理署 台灣食品成分資料庫(食品營養成分資料庫)開放資料; 下載自 https://data.fda.gov.tw/data/opendata/export/20/csv (政府資料開放平臺 data.gov.tw dataset id 8543 / TFDA opendata InfoId=20); 查詢頁 https://consumer.fda.gov.tw/Food/TFND.aspx?nodeID=178 ; 整合編號=R4900201 (樣品基本資料)
加工調理食品及其他類,花豆罐頭(糖漬),"紅花豆,紅(赤)花菜豆,花仔(阿/柳)豆",Kidney beans: canned; White dutch runner bean: canned; Scarlet runner bean: canned; multiflora bean: canned,R4900301,204.0,7.6,0.0,43.5,衛生福利部食品藥物管理署 台灣食品成分資料庫(食品營養成分資料庫)開放資料; 下載自 https://data.fda.gov.tw/data/opendata/export/20/csv (政府資料開放平臺 data.gov.tw dataset id 8543 / TFDA opendata InfoId=20); 查詢頁 https://consumer.fda.gov.tw/Food/TFND.aspx?nodeID=178 ; 整合編號=R4900301 (樣品基本資料)
加工調理食品及其他類,紅豆罐頭(糖漬),"小豆,赤小豆,赤豆,通常小豆,小紅豆,紅小豆",Red bean: canned; Rice bean: canned; Small red bean: canned; Adzuki bean: canned,R4900401,233.0,8.0,0.3,49.5,衛生福利部食品藥物管理署 台灣食品成分資料庫(食品營養成分資料庫)開放資料; 下載自 https://data.fda.gov.tw/data/opendata/export/20/csv (政府資料開放平臺 data.gov.tw dataset id 8543 / TFDA opendata InfoId=20); 查詢頁 https://consumer.fda.gov.tw/Food/TFND.aspx?nodeID=178 ; 整合編號=R4900401 (樣品基本資料)
加工調理食品及其他類,甘納豆,,,R4900501,333.0,6.6,1.0,74.5,衛生福利部食品藥物管理署 台灣食品成分資料庫(食品營養成分資料庫)開放資料; 下載自 https://data.fda.gov.tw/data/opendata/export/20/csv (政府資料開放平臺 data.gov.tw dataset id 8543 / TFDA opendata InfoId=20); 查詢頁 https://consumer.fda.gov.tw/Food/TFND.aspx?nodeID=178 ; 整合編號=R4900501 (樣品基本資料)
加工調理食品及其他類,豌豆仁罐頭,"荷蓮豆仁,荷仁豆仁,荷蘭豆仁,花蓮豆仁,飛龍豆仁,青豆仁,胡豆仁,畢豆仁,宛豆仁,孫豆仁,丸豆仁,留",Pea: canned,R4900601,126.0,7.2,0.9,22.1,衛生福利部食品藥物管理署 台灣食品成分資料庫(食品營養成分資料庫)開放資料; 下載自 https://data.fda.gov.tw/data/opendata/export/20/csv (政府資料開放平臺 data.gov.tw dataset id 8543 / TFDA opendata InfoId=20); 查詢頁 https://consumer.fda.gov.tw/Food/TFND.aspx?nodeID=178 ; 整合編號=R4900601 (樣品基本資料)
加工調理食品及其他類,鹽酥蠶豆,"蠶豆酥,蠶豆子,蠶豆花",Broad bean: salted; Field bean: salted,R4900701,481.0,26.9,20.9,46.3,衛生福利部食品藥物管理署 台灣食品成分資料庫(食品營養成分資料庫)開放資料; 下載自 https://data.fda.gov.tw/data/opendata/export/20/csv (政府資料開放平臺 data.gov.tw dataset id 8543 / TFDA opendata InfoId=20); 查詢頁 https://consumer.fda.gov.tw/Food/TFND.aspx?nodeID=178 ; 整合編號=R4900701 (樣品基本資料)
加工調理食品及其他類,豆漿,豆奶,Soy milk; Bean milk,R5000101,60.0,3.2,1.3,9.0,衛生福利部食品藥物管理署 台灣食品成分資料庫(食品營養成分資料庫)開放資料; 下載自 https://data.fda.gov.tw/data/opendata/export/20/csv (政府資料開放平臺 data.gov.tw dataset id 8543 / TFDA opendata InfoId=20); 查詢頁 https://consumer.fda.gov.tw/Food/TFND.aspx?nodeID=178 ; 整合編號=R5000101 (樣品基本資料)
加工調理食品及其他類,雞蛋豆漿,雞蛋豆奶,Soy milk: egg flavor,R5000201,56.0,1.9,1.3,9.2,衛生福利部食品藥物管理署 台灣食品成分資料庫(食品營養成分資料庫)開放資料; 下載自 https://data.fda.gov.tw/data/opendata/export/20/csv (政府資料開放平臺 data.gov.tw dataset id 8543 / TFDA opendata InfoId=20); 查詢頁 https://consumer.fda.gov.tw/Food/TFND.aspx?nodeID=178 ; 整合編號=R5000201 (樣品基本資料)
加工調理食品及其他類,鹹豆漿,,Soy(bean) milk: salted,R5000301,37.0,3.5,1.8,1.7,衛生福利部食品藥物管理署 台灣食品成分資料庫(食品營養成分資料庫)開放資料; 下載自 https://data.fda.gov.tw/data/opendata/export/20/csv (政府資料開放平臺 data.gov.tw dataset id 8543 / TFDA opendata InfoId=20); 查詢頁 https://consumer.fda.gov.tw/Food/TFND.aspx?nodeID=178 ; 整合編號=R5000301 (樣品基本資料)
加工調理食品及其他類,豆漿優酪乳,豆奶優酪乳,Soya yogurt,R5000501,70.0,2.0,1.2,12.9,衛生福利部食品藥物管理署 台灣食品成分資料庫(食品營養成分資料庫)開放資料; 下載自 https://data.fda.gov.tw/data/opendata/export/20/csv (政府資料開放平臺 data.gov.tw dataset id 8543 / TFDA opendata InfoId=20); 查詢頁 https://consumer.fda.gov.tw/Food/TFND.aspx?nodeID=178 ; 整合編號=R5000501 (樣品基本資料)
加工調理食品及其他類,DHA豆奶,,Soybean milk: DHA enriched,R5000601,44.0,1.7,0.5,8.0,衛生福利部食品藥物管理署 台灣食品成分資料庫(食品營養成分資料庫)開放資料; 下載自 https://data.fda.gov.tw/data/opendata/export/20/csv (政府資料開放平臺 data.gov.tw dataset id 8543 / TFDA opendata InfoId=20); 查詢頁 https://consumer.fda.gov.tw/Food/TFND.aspx?nodeID=178 ; 整合編號=R5000601 (樣品基本資料)
加工調理食品及其他類,豆漿粉,豆奶粉,Soy milk powder,R5010101,434.0,37.4,17.1,32.5,衛生福利部食品藥物管理署 台灣食品成分資料庫(食品營養成分資料庫)開放資料; 下載自 https://data.fda.gov.tw/data/opendata/export/20/csv (政府資料開放平臺 data.gov.tw dataset id 8543 / TFDA opendata InfoId=20); 查詢頁 https://consumer.fda.gov.tw/Food/TFND.aspx?nodeID=178 ; 整合編號=R5010101 (樣品基本資料)
加工調理食品及其他類,叉燒肉,,Basted meat,R5100101,253.0,17.2,13.1,16.5,衛生福利部食品藥物管理署 台灣食品成分資料庫(食品營養成分資料庫)開放資料; 下載自 https://data.fda.gov.tw/data/opendata/export/20/csv (政府資料開放平臺 data.gov.tw dataset id 8543 / TFDA opendata InfoId=20); 查詢頁 https://consumer.fda.gov.tw/Food/TFND.aspx?nodeID=178 ; 整合編號=R5100101 (樣品基本資料)
加工調理食品及其他類,切片火腿(牛肉),"三明治火腿,火腿片",Beef: sandwich meat,R5100201,121.0,15.9,2.2,9.4,衛生福利部食品藥物管理署 台灣食品成分資料庫(食品營養成分資料庫)開放資料; 下載自 https://data.fda.gov.tw/data/opendata/export/20/csv (政府資料開放平臺 data.gov.tw dataset id 8543 / TFDA opendata InfoId=20); 查詢頁 https://consumer.fda.gov.tw/Food/TFND.aspx?nodeID=178 ; 整合編號=R5100201 (樣品基本資料)
加工調理食品及其他類,切片火腿(豬肉),"三明治火腿,火腿片",Sandwich ham,R5100301,147.0,16.5,4.9,9.0,衛生福利部食品藥物管理署 台灣食品成分資料庫(食品營養成分資料庫)開放資料; 下載自 https://data.fda.gov.tw/data/opendata/export/20/csv (政府資料開放平臺 data.gov.tw dataset id 8543 / TFDA opendata InfoId=20); 查詢頁 https://consumer.fda.gov.tw/Food/TFND.aspx?nodeID=178 ; 整合編號=R5100301 (樣品基本資料)
加工調理食品及其他類,切片火腿(雞肉),"三明治火腿,火腿片",Chicken: sandwich meat,R5100401,148.0,15.3,5.3,10.0,衛生福利部食品藥物管理署 台灣食品成分資料庫(食品營養成分資料庫)開放資料; 下載自 https://data.fda.gov.tw/data/opendata/export/20/csv (政府資料開放平臺 data.gov.tw dataset id 8543 / TFDA opendata InfoId=20); 查詢頁 https://consumer.fda.gov.tw/Food/TFND.aspx?nodeID=178 ; 整合編號=R5100401 (樣品基本資料)
加工調理食品及其他類,"條狀火腿(牛肉,黑胡椒)",,"Beef: ham, black pepper",R5100501,113.0,18.9,2.3,4.1,衛生福利部食品藥物管理署 台灣食品成分資料庫(食品營養成分資料庫)開放資料; 下載自 https://data.fda.gov.tw/data/opendata/export/20/csv (政府資料開放平臺 data.gov.tw dataset id 8543 / TFDA opendata InfoId=20); 查詢頁 https://consumer.fda.gov.tw/Food/TFND.aspx?nodeID=178 ; 整合編號=R5100501 (樣品基本資料)
加工調理食品及其他類,條狀火腿(豬肉),,Ham,R5100601,145.0,16.2,3.8,11.5,衛生福利部食品藥物管理署 台灣食品成分資料庫(食品營養成分資料庫)開放資料; 下載自 https://data.fda.gov.tw/data/opendata/export/20/csv (政府資料開放平臺 data.gov.tw dataset id 8543 / TFDA opendata InfoId=20); 查詢頁 https://consumer.fda.gov.tw/Food/TFND.aspx?nodeID=178 ; 整合編號=R5100601 (樣品基本資料)
加工調理食品及其他類,醬肘子,"醬肘花,醬汁燒蹄膀",,R5100701,134.0,19.0,6.6,0.0,衛生福利部食品藥物管理署 台灣食品成分資料庫(食品營養成分資料庫)開放資料; 下載自 https://data.fda.gov.tw/data/opendata/export/20/csv (政府資料開放平臺 data.gov.tw dataset id 8543 / TFDA opendata InfoId=20); 查詢頁 https://consumer.fda.gov.tw/Food/TFND.aspx?nodeID=178 ; 整合編號=R5100701 (樣品基本資料)
加工調理食品及其他類,培根,三層煙肉,Pork: bacon,R5100801,372.0,13.5,35.6,0.0,衛生福利部食品藥物管理署 台灣食品成分資料庫(食品營養成分資料庫)開放資料; 下載自 https://data.fda.gov.tw/data/opendata/export/20/csv (政府資料開放平臺 data.gov.tw dataset id 8543 / TFDA opendata InfoId=20); 查詢頁 https://consumer.fda.gov.tw/Food/TFND.aspx?nodeID=178 ; 整合編號=R5100801 (樣品基本資料)
加工調理食品及其他類,臘肉(五花肉),,"Pork: lean and fat, salted, cured and smoked",R5100901,525.0,18.5,49.0,2.4,衛生福利部食品藥物管理署 台灣食品成分資料庫(食品營養成分資料庫)開放資料; 下載自 https://data.fda.gov.tw/data/opendata/export/20/csv (政府資料開放平臺 data.gov.tw dataset id 8543 / TFDA opendata InfoId=20); 查詢頁 https://consumer.fda.gov.tw/Food/TFND.aspx?nodeID=178 ; 整合編號=R5100901 (樣品基本資料)
加工調理食品及其他類,臘肉(腿肉),,"Pork: salted, cured and smoked",R5100902,377.0,26.7,27.2,6.4,衛生福利部食品藥物管理署 台灣食品成分資料庫(食品營養成分資料庫)開放資料; 下載自 https://data.fda.gov.tw/data/opendata/export/20/csv (政府資料開放平臺 data.gov.tw dataset id 8543 / TFDA opendata InfoId=20); 查詢頁 https://consumer.fda.gov.tw/Food/TFND.aspx?nodeID=178 ; 整合編號=R5100902 (樣品基本資料)
加工調理食品及其他類,滷牛筋,滷蹄筋,Beef Tendons: stewed,R5101001,119.0,21.1,2.8,2.6,衛生福利部食品藥物管理署 台灣食品成分資料庫(食品營養成分資料庫)開放資料; 下載自 https://data.fda.gov.tw/data/opendata/export/20/csv (政府資料開放平臺 data.gov.tw dataset id 8543 / TFDA opendata InfoId=20); 查詢頁 https://consumer.fda.gov.tw/Food/TFND.aspx?nodeID=178 ; 整合編號=R5101001 (樣品基本資料)
加工調理食品及其他類,滷豬腳,,Pork hock: stewed in soy sauce,R5101101,237.0,28.4,15.4,0.0,衛生福利部食品藥物管理署 台灣食品成分資料庫(食品營養成分資料庫)開放資料; 下載自 https://data.fda.gov.tw/data/opendata/export/20/csv (政府資料開放平臺 data.gov.tw dataset id 8543 / TFDA opendata InfoId=20); 查詢頁 https://consumer.fda.gov.tw/Food/TFND.aspx?nodeID=178 ; 整合編號=R5101101 (樣品基本資料)
加工調理食品及其他類,醃燻豬肝,,"Pork: liver, pickled and smoked",R5101201,167.0,26.8,4.7,4.2,衛生福利部食品藥物管理署 台灣食品成分資料庫(食品營養成分資料庫)開放資料; 下載自 https://data.fda.gov.tw/data/opendata/export/20/csv (政府資料開放平臺 data.gov.tw dataset id 8543 / TFDA opendata InfoId=20); 查詢頁 https://consumer.fda.gov.tw/Food/TFND.aspx?nodeID=178 ; 整合編號=R5101201 (樣品基本資料)
加工調理食品及其他類,膽肝,"鹹豬肝,粉肝,柴肝","Pork: liver, salted",R5101301,252.0,31.2,7.9,13.9,衛生福利部食品藥物管理署 台灣食品成分資料庫(食品營養成分資料庫)開放資料; 下載自 https://data.fda.gov.tw/data/opendata/export/20/csv (政府資料開放平臺 data.gov.tw dataset id 8543 / TFDA opendata InfoId=20); 查詢頁 https://consumer.fda.gov.tw/Food/TFND.aspx?nodeID=178 ; 整合編號=R5101301 (樣品基本資料)
加工調理食品及其他類,片狀肉乾(牛肉),牛肉干,"Beef: sliced, baked, dried",R5200101,335.0,30.3,5.2,41.8,衛生福利部食品藥物管理署 台灣食品成分資料庫(食品營養成分資料庫)開放資料; 下載自 https://data.fda.gov.tw/data/opendata/export/20/csv (政府資料開放平臺 data.gov.tw dataset id 8543 / TFDA opendata InfoId=20); 查詢頁 https://consumer.fda.gov.tw/Food/TFND.aspx?nodeID=178 ; 整合編號=R5200101 (樣品基本資料)
加工調理食品及其他類,"片狀肉乾(牛肉,辣味)",辣味牛肉干,"Beef: baked, sliced and spiced; Spicy flavored beef jerky",R5200102,335.0,38.0,7.0,29.9,衛生福利部食品藥物管理署 台灣食品成分資料庫(食品營養成分資料庫)開放資料; 下載自 https://data.fda.gov.tw/data/opendata/export/20/csv (政府資料開放平臺 data.gov.tw dataset id 8543 / TFDA opendata InfoId=20); 查詢頁 https://consumer.fda.gov.tw/Food/TFND.aspx?nodeID=178 ; 整合編號=R5200102 (樣品基本資料)
加工調理食品及其他類,片狀肉乾(豬肉),豬肉干,Pork: baked,R5200201,329.0,30.0,5.0,41.0,衛生福利部食品藥物管理署 台灣食品成分資料庫(食品營養成分資料庫)開放資料; 下載自 https://data.fda.gov.tw/data/opendata/export/20/csv (政府資料開放平臺 data.gov.tw dataset id 8543 / TFDA opendata InfoId=20); 查詢頁 https://consumer.fda.gov.tw/Food/TFND.aspx?nodeID=178 ; 整合編號=R5200201 (樣品基本資料)
加工調理食品及其他類,條狀肉乾(豬肉),"豬肉乾,豬肉干","Pork: striped, dried",R5200301,345.0,43.2,7.9,25.1,衛生福利部食品藥物管理署 台灣食品成分資料庫(食品營養成分資料庫)開放資料; 下載自 https://data.fda.gov.tw/data/opendata/export/20/csv (政府資料開放平臺 data.gov.tw dataset id 8543 / TFDA opendata InfoId=20); 查詢頁 https://consumer.fda.gov.tw/Food/TFND.aspx?nodeID=178 ; 整合編號=R5200301 (樣品基本資料)
加工調理食品及其他類,牛肉香腸,,Beef: sausage,R5300101,298.0,20.7,20.5,7.8,衛生福利部食品藥物管理署 台灣食品成分資料庫(食品營養成分資料庫)開放資料; 下載自 https://data.fda.gov.tw/data/opendata/export/20/csv (政府資料開放平臺 data.gov.tw dataset id 8543 / TFDA opendata InfoId=20); 查詢頁 https://consumer.fda.gov.tw/Food/TFND.aspx?nodeID=178 ; 整合編號=R5300101 (樣品基本資料)
加工調理食品及其他類,香腸,,Pork: sausage,R5300201,354.0,17.0,26.3,12.3,衛生福利部食品藥物管理署 台灣食品成分資料庫(食品營養成分資料庫)開放資料; 下載自 https://data.fda.gov.tw/data/opendata/export/20/csv (政府資料開放平臺 data.gov.tw dataset id 8543 / TFDA opendata InfoId=20); 查詢頁 https://consumer.fda.gov.tw/Food/TFND.aspx?nodeID=178 ; 整合編號=R5300201 (樣品基本資料)
加工調理食品及其他類,香腸(蒜味),,"Pork: sausage, garlic flavor",R5300202,387.0,16.6,27.8,17.7,衛生福利部食品藥物管理署 台灣食品成分資料庫(食品營養成分資料庫)開放資料; 下載自 https://data.fda.gov.tw/data/opendata/export/20/csv (政府資料開放平臺 data.gov.tw dataset id 8543 / TFDA opendata InfoId=20); 查詢頁 https://consumer.fda.gov.tw/Food/TFND.aspx?nodeID=178 ; 整合編號=R5300202 (樣品基本資料)
加工調理食品及其他類,蒟蒻香腸(蒜味),,"Pork: sausage, koniac, garlic flavor",R5300203,289.0,19.4,14.9,19.3,衛生福利部食品藥物管理署 台灣食品成分資料庫(食品營養成分資料庫)開放資料; 下載自 https://data.fda.gov.tw/data/opendata/export/20/csv (政府資料開放平臺 data.gov.tw dataset id 8543 / TFDA opendata InfoId=20); 查詢頁 https://consumer.fda.gov.tw/Food/TFND.aspx?nodeID=178 ; 整合編號=R5300203 (樣品基本資料)
加工調理食品及其他類,小巧香腸,小香腸,Mini-sausage,R5300301,362.0,15.1,28.2,11.9,衛生福利部食品藥物管理署 台灣食品成分資料庫(食品營養成分資料庫)開放資料; 下載自 https://data.fda.gov.tw/data/opendata/export/20/csv (政府資料開放平臺 data.gov.tw dataset id 8543 / TFDA opendata InfoId=20); 查詢頁 https://consumer.fda.gov.tw/Food/TFND.aspx?nodeID=178 ; 整合編號=R5300301 (樣品基本資料)
加工調理食品及其他類,雞肉香腸(大),,"Chicken: sausage, large",R5300401,283.0,22.4,16.3,11.8,衛生福利部食品藥物管理署 台灣食品成分資料庫(食品營養成分資料庫)開放資料; 下載自 https://data.fda.gov.tw/data/opendata/export/20/csv (政府資料開放平臺 data.gov.tw dataset id 8543 / TFDA opendata InfoId=20); 查詢頁 https://consumer.fda.gov.tw/Food/TFND.aspx?nodeID=178 ; 整合編號=R5300401 (樣品基本資料)
加工調理食品及其他類,雞肉香腸(小),,"Chicken: sausage, small",R5300402,459.0,13.9,37.7,15.9,衛生福利部食品藥物管理署 台灣食品成分資料庫(食品營養成分資料庫)開放資料; 下載自 https://data.fda.gov.tw/data/opendata/export/20/csv (政府資料開放平臺 data.gov.tw dataset id 8543 / TFDA opendata InfoId=20); 查詢頁 https://consumer.fda.gov.tw/Food/TFND.aspx?nodeID=178 ; 整合編號=R5300402 (樣品基本資料)
加工調理食品及其他類,熱狗,,Pork: hot dog,R5300501,257.0,13.3,18.1,10.2,衛生福利部食品藥物管理署 台灣食品成分資料庫(食品營養成分資料庫)開放資料; 下載自 https://data.fda.gov.tw/data/opendata/export/20/csv (政府資料開放平臺 data.gov.tw dataset id 8543 / TFDA opendata InfoId=20); 查詢頁 https://consumer.fda.gov.tw/Food/TFND.aspx?nodeID=178 ; 整合編號=R5300501 (樣品基本資料)
加工調理食品及其他類,德國香腸,,"Pork: German sausage, bratwurst",R5300601,275.0,15.9,21.4,4.6,衛生福利部食品藥物管理署 台灣食品成分資料庫(食品營養成分資料庫)開放資料; 下載自 https://data.fda.gov.tw/data/opendata/export/20/csv (政府資料開放平臺 data.gov.tw dataset id 8543 / TFDA opendata InfoId=20); 查詢頁 https://consumer.fda.gov.tw/Food/TFND.aspx?nodeID=178 ; 整合編號=R5300601 (樣品基本資料)
加工調理食品及其他類,冷凍小香腸,,Sausage,R5300701,249.0,14.8,17.8,7.4,衛生福利部食品藥物管理署 台灣食品成分資料庫(食品營養成分資料庫)開放資料; 下載自 https://data.fda.gov.tw/data/opendata/export/20/csv (政府資料開放平臺 data.gov.tw dataset id 8543 / TFDA opendata InfoId=20); 查詢頁 https://consumer.fda.gov.tw/Food/TFND.aspx?nodeID=178 ; 整合編號=R5300701 (樣品基本資料)
加工調理食品及其他類,冷凍珍珠丸,,,R5400101,225.0,9.5,11.5,20.9,衛生福利部食品藥物管理署 台灣食品成分資料庫(食品營養成分資料庫)開放資料; 下載自 https://data.fda.gov.tw/data/opendata/export/20/csv (政府資料開放平臺 data.gov.tw dataset id 8543 / TFDA opendata InfoId=20); 查詢頁 https://consumer.fda.gov.tw/Food/TFND.aspx?nodeID=178 ; 整合編號=R5400101 (樣品基本資料)
加工調理食品及其他類,冷凍貢丸,,Meatball,R5400201,244.0,16.6,20.3,0.0,衛生福利部食品藥物管理署 台灣食品成分資料庫(食品營養成分資料庫)開放資料; 下載自 https://data.fda.gov.tw/data/opendata/export/20/csv (政府資料開放平臺 data.gov.tw dataset id 8543 / TFDA opendata InfoId=20); 查詢頁 https://consumer.fda.gov.tw/Food/TFND.aspx?nodeID=178 ; 整合編號=R5400201 (樣品基本資料)
加工調理食品及其他類,冷凍雞肉丸,,,R5400301,202.0,10.5,12.3,12.3,衛生福利部食品藥物管理署 台灣食品成分資料庫(食品營養成分資料庫)開放資料; 下載自 https://data.fda.gov.tw/data/opendata/export/20/csv (政府資料開放平臺 data.gov.tw dataset id 8543 / TFDA opendata InfoId=20); 查詢頁 https://consumer.fda.gov.tw/Food/TFND.aspx?nodeID=178 ; 整合編號=R5400301 (樣品基本資料)
加工調理食品及其他類,冷凍牛肉漢堡肉,,,R5500101,249.0,14.4,18.5,6.3,衛生福利部食品藥物管理署 台灣食品成分資料庫(食品營養成分資料庫)開放資料; 下載自 https://data.fda.gov.tw/data/opendata/export/20/csv (政府資料開放平臺 data.gov.tw dataset id 8543 / TFDA opendata InfoId=20); 查詢頁 https://consumer.fda.gov.tw/Food/TFND.aspx?nodeID=178 ; 整合編號=R5500101 (樣品基本資料)
加工調理食品及其他類,冷凍雞塊,,Chicken nugget,R5500201,228.0,15.3,12.9,12.6,衛生福利部食品藥物管理署 台灣食品成分資料庫(食品營養成分資料庫)開放資料; 下載自 https://data.fda.gov.tw/data/opendata/export/20/csv (政府資料開放平臺 data.gov.tw dataset id 8543 / TFDA opendata InfoId=20); 查詢頁 https://consumer.fda.gov.tw/Food/TFND.aspx?nodeID=178 ; 整合編號=R5500201 (樣品基本資料)
加工調理食品及其他類,豬肉脯,豬肉絨,Pork: dried and crushed,R5600101,441.0,33.4,25.1,20.3,衛生福利部食品藥物管理署 台灣食品成分資料庫(食品營養成分資料庫)開放資料; 下載自 https://data.fda.gov.tw/data/opendata/export/20/csv (政府資料開放平臺 data.gov.tw dataset id 8543 / TFDA opendata InfoId=20); 查詢頁 https://consumer.fda.gov.tw/Food/TFND.aspx?nodeID=178 ; 整合編號=R5600101 (樣品基本資料)
加工調理食品及其他類,豬肉酥,豬肉鬆,Pork: dried and crushed,R5600201,513.0,33.0,28.3,31.6,衛生福利部食品藥物管理署 台灣食品成分資料庫(食品營養成分資料庫)開放資料; 下載自 https://data.fda.gov.tw/data/opendata/export/20/csv (政府資料開放平臺 data.gov.tw dataset id 8543 / TFDA opendata InfoId=20); 查詢頁 https://consumer.fda.gov.tw/Food/TFND.aspx?nodeID=178 ; 整合編號=R5600201 (樣品基本資料)
加工調理食品及其他類,雞肉酥,雞肉鬆,"Chicken: dried, crushed",R5600301,451.0,26.7,14.6,53.2,衛生福利部食品藥物管理署 台灣食品成分資料庫(食品營養成分資料庫)開放資料; 下載自 https://data.fda.gov.tw/data/opendata/export/20/csv (政府資料開放平臺 data.gov.tw dataset id 8543 / TFDA opendata InfoId=20); 查詢頁 https://consumer.fda.gov.tw/Food/TFND.aspx?nodeID=178 ; 整合編號=R5600301 (樣品基本資料)
加工調理食品及其他類,肉羹,,,R5900101,247.0,9.7,14.7,18.9,衛生福利部食品藥物管理署 台灣食品成分資料庫(食品營養成分資料庫)開放資料; 下載自 https://data.fda.gov.tw/data/opendata/export/20/csv (政府資料開放平臺 data.gov.tw dataset id 8543 / TFDA opendata InfoId=20); 查詢頁 https://consumer.fda.gov.tw/Food/TFND.aspx?nodeID=178 ; 整合編號=R5900101 (樣品基本資料)
加工調理食品及其他類,冷凍咕咾肉,,,R5900201,184.0,6.4,9.5,18.3,衛生福利部食品藥物管理署 台灣食品成分資料庫(食品營養成分資料庫)開放資料; 下載自 https://data.fda.gov.tw/data/opendata/export/20/csv (政府資料開放平臺 data.gov.tw dataset id 8543 / TFDA opendata InfoId=20); 查詢頁 https://consumer.fda.gov.tw/Food/TFND.aspx?nodeID=178 ; 整合編號=R5900201 (樣品基本資料)
加工調理食品及其他類,豬腳凍,,,R5900301,145.0,16.6,7.8,2.0,衛生福利部食品藥物管理署 台灣食品成分資料庫(食品營養成分資料庫)開放資料; 下載自 https://data.fda.gov.tw/data/opendata/export/20/csv (政府資料開放平臺 data.gov.tw dataset id 8543 / TFDA opendata InfoId=20); 查詢頁 https://consumer.fda.gov.tw/Food/TFND.aspx?nodeID=178 ; 整合編號=R5900301 (樣品基本資料)
加工調理食品及其他類,冷凍花枝丸,,,R6100101,166.0,12.7,7.0,13.0,衛生福利部食品藥物管理署 台灣食品成分資料庫(食品營養成分資料庫)開放資料; 下載自 https://data.fda.gov.tw/data/opendata/export/20/csv (政府資料開放平臺 data.gov.tw dataset id 8543 / TFDA opendata InfoId=20); 查詢頁 https://consumer.fda.gov.tw/Food/TFND.aspx?nodeID=178 ; 整合編號=R6100101 (樣品基本資料)
加工調理食品及其他類,冷凍虱目魚丸,,Milkfish ball,R6100201,206.0,13.7,11.9,11.0,衛生福利部食品藥物管理署 台灣食品成分資料庫(食品營養成分資料庫)開放資料; 下載自 https://data.fda.gov.tw/data/opendata/export/20/csv (政府資料開放平臺 data.gov.tw dataset id 8543 / TFDA opendata InfoId=20); 查詢頁 https://consumer.fda.gov.tw/Food/TFND.aspx?nodeID=178 ; 整合編號=R6100201 (樣品基本資料)
加工調理食品及其他類,冷凍文蛤丸,,Clam ball,R6100301,211.0,16.2,9.2,15.8,衛生福利部食品藥物管理署 台灣食品成分資料庫(食品營養成分資料庫)開放資料; 下載自 https://data.fda.gov.tw/data/opendata/export/20/csv (政府資料開放平臺 data.gov.tw dataset id 8543 / TFDA opendata InfoId=20); 查詢頁 https://consumer.fda.gov.tw/Food/TFND.aspx?nodeID=178 ; 整合編號=R6100301 (樣品基本資料)
加工調理食品及其他類,冷凍旗魚丸,,Swordfish ball,R6100401,160.0,12.8,6.7,12.0,衛生福利部食品藥物管理署 台灣食品成分資料庫(食品營養成分資料庫)開放資料; 下載自 https://data.fda.gov.tw/data/opendata/export/20/csv (政府資料開放平臺 data.gov.tw dataset id 8543 / TFDA opendata InfoId=20); 查詢頁 https://consumer.fda.gov.tw/Food/TFND.aspx?nodeID=178 ; 整合編號=R6100401 (樣品基本資料)
加工調理食品及其他類,冷凍鱈魚丸,,Codfish ball,R6100501,99.0,8.5,2.4,10.7,衛生福利部食品藥物管理署 台灣食品成分資料庫(食品營養成分資料庫)開放資料; 下載自 https://data.fda.gov.tw/data/opendata/export/20/csv (政府資料開放平臺 data.gov.tw dataset id 8543 / TFDA opendata InfoId=20); 查詢頁 https://consumer.fda.gov.tw/Food/TFND.aspx?nodeID=178 ; 整合編號=R6100501 (樣品基本資料)
加工調理食品及其他類,冷凍蝦丸,,Shrimp ball,R6100601,123.0,10.8,2.3,14.7,衛生福利部食品藥物管理署 台灣食品成分資料庫(食品營養成分資料庫)開放資料; 下載自 https://data.fda.gov.tw/data/opendata/export/20/csv (政府資料開放平臺 data.gov.tw dataset id 8543 / TFDA opendata InfoId=20); 查詢頁 https://consumer.fda.gov.tw/Food/TFND.aspx?nodeID=178 ; 整合編號=R6100601 (樣品基本資料)
加工調理食品及其他類,冷凍花枝排,,,R6200201,187.0,5.5,7.3,24.9,衛生福利部食品藥物管理署 台灣食品成分資料庫(食品營養成分資料庫)開放資料; 下載自 https://data.fda.gov.tw/data/opendata/export/20/csv (政府資料開放平臺 data.gov.tw dataset id 8543 / TFDA opendata InfoId=20); 查詢頁 https://consumer.fda.gov.tw/Food/TFND.aspx?nodeID=178 ; 整合編號=R6200201 (樣品基本資料)
加工調理食品及其他類,冷凍鮪排,,,R6200301,143.0,13.4,0.9,20.4,衛生福利部食品藥物管理署 台灣食品成分資料庫(食品營養成分資料庫)開放資料; 下載自 https://data.fda.gov.tw/data/opendata/export/20/csv (政府資料開放平臺 data.gov.tw dataset id 8543 / TFDA opendata InfoId=20); 查詢頁 https://consumer.fda.gov.tw/Food/TFND.aspx?nodeID=178 ; 整合編號=R6200301 (樣品基本資料)
加工調理食品及其他類,冷凍蝦餅,,Shrimp croquette,R6200401,127.0,9.6,2.1,17.3,衛生福利部食品藥物管理署 台灣食品成分資料庫(食品營養成分資料庫)開放資料; 下載自 https://data.fda.gov.tw/data/opendata/export/20/csv (政府資料開放平臺 data.gov.tw dataset id 8543 / TFDA opendata InfoId=20); 查詢頁 https://consumer.fda.gov.tw/Food/TFND.aspx?nodeID=178 ; 整合編號=R6200401 (樣品基本資料)
加工調理食品及其他類,冷凍干貝酥,,,R6300301,146.0,8.3,0.2,27.7,衛生福利部食品藥物管理署 台灣食品成分資料庫(食品營養成分資料庫)開放資料; 下載自 https://data.fda.gov.tw/data/opendata/export/20/csv (政府資料開放平臺 data.gov.tw dataset id 8543 / TFDA opendata InfoId=20); 查詢頁 https://consumer.fda.gov.tw/Food/TFND.aspx?nodeID=178 ; 整合編號=R6300301 (樣品基本資料)
加工調理食品及其他類,冷凍花枝塊,,,R6300401,180.0,11.3,7.5,17.0,衛生福利部食品藥物管理署 台灣食品成分資料庫(食品營養成分資料庫)開放資料; 下載自 https://data.fda.gov.tw/data/opendata/export/20/csv (政府資料開放平臺 data.gov.tw dataset id 8543 / TFDA opendata InfoId=20); 查詢頁 https://consumer.fda.gov.tw/Food/TFND.aspx?nodeID=178 ; 整合編號=R6300401 (樣品基本資料)
加工調理食品及其他類,冷凍旗魚塊,,,R6300501,178.0,15.3,6.5,14.7,衛生福利部食品藥物管理署 台灣食品成分資料庫(食品營養成分資料庫)開放資料; 下載自 https://data.fda.gov.tw/data/opendata/export/20/csv (政府資料開放平臺 data.gov.tw dataset id 8543 / TFDA opendata InfoId=20); 查詢頁 https://consumer.fda.gov.tw/Food/TFND.aspx?nodeID=178 ; 整合編號=R6300501 (樣品基本資料)
加工調理食品及其他類,冷凍蚵捲,,,R6400101,213.0,6.9,17.5,7.0,衛生福利部食品藥物管理署 台灣食品成分資料庫(食品營養成分資料庫)開放資料; 下載自 https://data.fda.gov.tw/data/opendata/export/20/csv (政府資料開放平臺 data.gov.tw dataset id 8543 / TFDA opendata InfoId=20); 查詢頁 https://consumer.fda.gov.tw/Food/TFND.aspx?nodeID=178 ; 整合編號=R6400101 (樣品基本資料)
加工調理食品及其他類,冷凍魚捲,,,R6400201,126.0,13.8,0.3,17.1,衛生福利部食品藥物管理署 台灣食品成分資料庫(食品營養成分資料庫)開放資料; 下載自 https://data.fda.gov.tw/data/opendata/export/20/csv (政府資料開放平臺 data.gov.tw dataset id 8543 / TFDA opendata InfoId=20); 查詢頁 https://consumer.fda.gov.tw/Food/TFND.aspx?nodeID=178 ; 整合編號=R6400201 (樣品基本資料)
加工調理食品及其他類,冷凍蝦捲,,,R6400301,156.0,10.3,5.7,16.0,衛生福利部食品藥物管理署 台灣食品成分資料庫(食品營養成分資料庫)開放資料; 下載自 https://data.fda.gov.tw/data/opendata/export/20/csv (政府資料開放平臺 data.gov.tw dataset id 8543 / TFDA opendata InfoId=20); 查詢頁 https://consumer.fda.gov.tw/Food/TFND.aspx?nodeID=178 ; 整合編號=R6400301 (樣品基本資料)
加工調理食品及其他類,冷凍魷魚圈,,Squid ring,R6500101,143.0,15.7,0.4,19.2,衛生福利部食品藥物管理署 台灣食品成分資料庫(食品營養成分資料庫)開放資料; 下載自 https://data.fda.gov.tw/data/opendata/export/20/csv (政府資料開放平臺 data.gov.tw dataset id 8543 / TFDA opendata InfoId=20); 查詢頁 https://consumer.fda.gov.tw/Food/TFND.aspx?nodeID=178 ; 整合編號=R6500101 (樣品基本資料)
加工調理食品及其他類,冷凍花枝餃,,,R6600101,177.0,12.4,5.6,19.2,衛生福利部食品藥物管理署 台灣食品成分資料庫(食品營養成分資料庫)開放資料; 下載自 https://data.fda.gov.tw/data/opendata/export/20/csv (政府資料開放平臺 data.gov.tw dataset id 8543 / TFDA opendata InfoId=20); 查詢頁 https://consumer.fda.gov.tw/Food/TFND.aspx?nodeID=178 ; 整合編號=R6600101 (樣品基本資料)
加工調理食品及其他類,冷凍香菇餃,,,R6600201,233.0,12.3,15.3,11.5,衛生福利部食品藥物管理署 台灣食品成分資料庫(食品營養成分資料庫)開放資料; 下載自 https://data.fda.gov.tw/data/opendata/export/20/csv (政府資料開放平臺 data.gov.tw dataset id 8543 / TFDA opendata InfoId=20); 查詢頁 https://consumer.fda.gov.tw/Food/TFND.aspx?nodeID=178 ; 整合編號=R6600201 (樣品基本資料)
加工調理食品及其他類,冷凍蛋餃,,,R6600301,183.0,12.1,14.1,2.1,衛生福利部食品藥物管理署 台灣食品成分資料庫(食品營養成分資料庫)開放資料; 下載自 https://data.fda.gov.tw/data/opendata/export/20/csv (政府資料開放平臺 data.gov.tw dataset id 8543 / TFDA opendata InfoId=20); 查詢頁 https://consumer.fda.gov.tw/Food/TFND.aspx?nodeID=178 ; 整合編號=R6600301 (樣品基本資料)
加工調理食品及其他類,冷凍雪螺餃,,,R6600401,204.0,11.6,10.0,16.7,衛生福利部食品藥物管理署 台灣食品成分資料庫(食品營養成分資料庫)開放資料; 下載自 https://data.fda.gov.tw/data/opendata/export/20/csv (政府資料開放平臺 data.gov.tw dataset id 8543 / TFDA opendata InfoId=20); 查詢頁 https://consumer.fda.gov.tw/Food/TFND.aspx?nodeID=178 ; 整合編號=R6600401 (樣品基本資料)
加工調理食品及其他類,冷凍魚餃,,,R6600501,277.0,12.5,19.5,12.9,衛生福利部食品藥物管理署 台灣食品成分資料庫(食品營養成分資料庫)開放資料; 下載自 https://data.fda.gov.tw/data/opendata/export/20/csv (政府資料開放平臺 data.gov.tw dataset id 8543 / TFDA opendata InfoId=20); 查詢頁 https://consumer.fda.gov.tw/Food/TFND.aspx?nodeID=178 ; 整合編號=R6600501 (樣品基本資料)
加工調理食品及其他類,冷凍蝦餃,,,R6600601,273.0,11.4,19.3,13.5,衛生福利部食品藥物管理署 台灣食品成分資料庫(食品營養成分資料庫)開放資料; 下載自 https://data.fda.gov.tw/data/opendata/export/20/csv (政府資料開放平臺 data.gov.tw dataset id 8543 / TFDA opendata InfoId=20); 查詢頁 https://consumer.fda.gov.tw/Food/TFND.aspx?nodeID=178 ; 整合編號=R6600601 (樣品基本資料)
加工調理食品及其他類,冷凍燕餃,,,R6600701,321.0,12.8,23.6,14.5,衛生福利部食品藥物管理署 台灣食品成分資料庫(食品營養成分資料庫)開放資料; 下載自 https://data.fda.gov.tw/data/opendata/export/20/csv (政府資料開放平臺 data.gov.tw dataset id 8543 / TFDA opendata InfoId=20); 查詢頁 https://consumer.fda.gov.tw/Food/TFND.aspx?nodeID=178 ; 整合編號=R6600701 (樣品基本資料)
加工調理食品及其他類,冷凍蟹味棒,蟹肉棒,,R6700101,118.0,9.3,0.7,18.6,衛生福利部食品藥物管理署 台灣食品成分資料庫(食品營養成分資料庫)開放資料; 下載自 https://data.fda.gov.tw/data/opendata/export/20/csv (政府資料開放平臺 data.gov.tw dataset id 8543 / TFDA opendata InfoId=20); 查詢頁 https://consumer.fda.gov.tw/Food/TFND.aspx?nodeID=178 ; 整合編號=R6700101 (樣品基本資料)
加工調理食品及其他類,冷凍魚卵卷,,Fish roe roll,R6700201,115.0,12.9,0.2,15.5,衛生福利部食品藥物管理署 台灣食品成分資料庫(食品營養成分資料庫)開放資料; 下載自 https://data.fda.gov.tw/data/opendata/export/20/csv (政府資料開放平臺 data.gov.tw dataset id 8543 / TFDA opendata InfoId=20); 查詢頁 https://consumer.fda.gov.tw/Food/TFND.aspx?nodeID=178 ; 整合編號=R6700201 (樣品基本資料)
加工調理食品及其他類,魚板,,,R6700301,128.0,10.0,2.0,17.6,衛生福利部食品藥物管理署 台灣食品成分資料庫(食品營養成分資料庫)開放資料; 下載自 https://data.fda.gov.tw/data/opendata/export/20/csv (政府資料開放平臺 data.gov.tw dataset id 8543 / TFDA opendata InfoId=20); 查詢頁 https://consumer.fda.gov.tw/Food/TFND.aspx?nodeID=178 ; 整合編號=R6700301 (樣品基本資料)
加工調理食品及其他類,天婦羅,甜不辣,Tempura,R6700401,176.0,12.4,4.7,21.0,衛生福利部食品藥物管理署 台灣食品成分資料庫(食品營養成分資料庫)開放資料; 下載自 https://data.fda.gov.tw/data/opendata/export/20/csv (政府資料開放平臺 data.gov.tw dataset id 8543 / TFDA opendata InfoId=20); 查詢頁 https://consumer.fda.gov.tw/Food/TFND.aspx?nodeID=178 ; 整合編號=R6700401 (樣品基本資料)
加工調理食品及其他類,冷凍花枝漿,,,R6700501,227.0,11.2,12.6,17.1,衛生福利部食品藥物管理署 台灣食品成分資料庫(食品營養成分資料庫)開放資料; 下載自 https://data.fda.gov.tw/data/opendata/export/20/csv (政府資料開放平臺 data.gov.tw dataset id 8543 / TFDA opendata InfoId=20); 查詢頁 https://consumer.fda.gov.tw/Food/TFND.aspx?nodeID=178 ; 整合編號=R6700501 (樣品基本資料)
加工調理食品及其他類,冷凍花枝羹,,Cuttlefish potage,R6700601,126.0,11.4,4.7,9.4,衛生福利部食品藥物管理署 台灣食品成分資料庫(食品營養成分資料庫)開放資料; 下載自 https://data.fda.gov.tw/data/opendata/export/20/csv (政府資料開放平臺 data.gov.tw dataset id 8543 / TFDA opendata InfoId=20); 查詢頁 https://consumer.fda.gov.tw/Food/TFND.aspx?nodeID=178 ; 整合編號=R6700601 (樣品基本資料)
加工調理食品及其他類,魚肉脯,,Stir fried shredded fish floss,R6800101,104.0,21.9,1.7,0.2,衛生福利部食品藥物管理署 台灣食品成分資料庫(食品營養成分資料庫)開放資料; 下載自 https://data.fda.gov.tw/data/opendata/export/20/csv (政府資料開放平臺 data.gov.tw dataset id 8543 / TFDA opendata InfoId=20); 查詢頁 https://consumer.fda.gov.tw/Food/TFND.aspx?nodeID=178 ; 整合編號=R6800101 (樣品基本資料)
加工調理食品及其他類,鯖魚肉脯,,Stir fried mackerel fish floss,R6800201,685.0,33.8,60.4,1.5,衛生福利部食品藥物管理署 台灣食品成分資料庫(食品營養成分資料庫)開放資料; 下載自 https://data.fda.gov.tw/data/opendata/export/20/csv (政府資料開放平臺 data.gov.tw dataset id 8543 / TFDA opendata InfoId=20); 查詢頁 https://consumer.fda.gov.tw/Food/TFND.aspx?nodeID=178 ; 整合編號=R6800201 (樣品基本資料)
加工調理食品及其他類,魚肉鬆,魚肉酥,Stir fried fish floss,R6800301,470.0,28.2,20.2,43.8,衛生福利部食品藥物管理署 台灣食品成分資料庫(食品營養成分資料庫)開放資料; 下載自 https://data.fda.gov.tw/data/opendata/export/20/csv (政府資料開放平臺 data.gov.tw dataset id 8543 / TFDA opendata InfoId=20); 查詢頁 https://consumer.fda.gov.tw/Food/TFND.aspx?nodeID=178 ; 整合編號=R6800301 (樣品基本資料)
加工調理食品及其他類,旗魚鬆,,Stir fried marlin fish floss,R6800401,481.0,31.3,22.9,37.4,衛生福利部食品藥物管理署 台灣食品成分資料庫(食品營養成分資料庫)開放資料; 下載自 https://data.fda.gov.tw/data/opendata/export/20/csv (政府資料開放平臺 data.gov.tw dataset id 8543 / TFDA opendata InfoId=20); 查詢頁 https://consumer.fda.gov.tw/Food/TFND.aspx?nodeID=178 ; 整合編號=R6800401 (樣品基本資料)
加工調理食品及其他類,鮭魚鬆,,Stir fried salmon fish floss,R6800501,452.0,29.0,21.6,35.3,衛生福利部食品藥物管理署 台灣食品成分資料庫(食品營養成分資料庫)開放資料; 下載自 https://data.fda.gov.tw/data/opendata/export/20/csv (政府資料開放平臺 data.gov.tw dataset id 8543 / TFDA opendata InfoId=20); 查詢頁 https://consumer.fda.gov.tw/Food/TFND.aspx?nodeID=178 ; 整合編號=R6800501 (樣品基本資料)
加工調理食品及其他類,香筍鮪魚罐頭,,,R6900101,261.0,10.0,24.1,0.9,衛生福利部食品藥物管理署 台灣食品成分資料庫(食品營養成分資料庫)開放資料; 下載自 https://data.fda.gov.tw/data/opendata/export/20/csv (政府資料開放平臺 data.gov.tw dataset id 8543 / TFDA opendata InfoId=20); 查詢頁 https://consumer.fda.gov.tw/Food/TFND.aspx?nodeID=178 ; 整合編號=R6900101 (樣品基本資料)
加工調理食品及其他類,茄汁鯖魚罐頭,,,R6900201,116.0,17.6,3.8,2.8,衛生福利部食品藥物管理署 台灣食品成分資料庫(食品營養成分資料庫)開放資料; 下載自 https://data.fda.gov.tw/data/opendata/export/20/csv (政府資料開放平臺 data.gov.tw dataset id 8543 / TFDA opendata InfoId=20); 查詢頁 https://consumer.fda.gov.tw/Food/TFND.aspx?nodeID=178 ; 整合編號=R6900201 (樣品基本資料)
加工調理食品及其他類,蒜味甘扁桃仁,蒜味杏仁果,Garlic Almonds,R7100101,648.0,23.3,53.6,18.0,衛生福利部食品藥物管理署 台灣食品成分資料庫(食品營養成分資料庫)開放資料; 下載自 https://data.fda.gov.tw/data/opendata/export/20/csv (政府資料開放平臺 data.gov.tw dataset id 8543 / TFDA opendata InfoId=20); 查詢頁 https://consumer.fda.gov.tw/Food/TFND.aspx?nodeID=178 ; 整合編號=R7100101 (樣品基本資料)
加工調理食品及其他類,杏仁霜,"杏仁粉,杏仁茶",Apricot Kernel powder,R7100201,554.0,9.7,36.4,47.1,衛生福利部食品藥物管理署 台灣食品成分資料庫(食品營養成分資料庫)開放資料; 下載自 https://data.fda.gov.tw/data/opendata/export/20/csv (政府資料開放平臺 data.gov.tw dataset id 8543 / TFDA opendata InfoId=20); 查詢頁 https://consumer.fda.gov.tw/Food/TFND.aspx?nodeID=178 ; 整合編號=R7100201 (樣品基本資料)
加工調理食品及其他類,蜜汁松子仁,,Pine-seed: honey roasted,R7100301,697.0,14.9,62.4,19.0,衛生福利部食品藥物管理署 台灣食品成分資料庫(食品營養成分資料庫)開放資料; 下載自 https://data.fda.gov.tw/data/opendata/export/20/csv (政府資料開放平臺 data.gov.tw dataset id 8543 / TFDA opendata InfoId=20); 查詢頁 https://consumer.fda.gov.tw/Food/TFND.aspx?nodeID=178 ; 整合編號=R7100301 (樣品基本資料)
加工調理食品及其他類,鹽酥夏威夷豆,夏威夷火山豆,Hawaii nut; Macadamia nut,R7100401,773.0,9.4,76.3,12.0,衛生福利部食品藥物管理署 台灣食品成分資料庫(食品營養成分資料庫)開放資料; 下載自 https://data.fda.gov.tw/data/opendata/export/20/csv (政府資料開放平臺 data.gov.tw dataset id 8543 / TFDA opendata InfoId=20); 查詢頁 https://consumer.fda.gov.tw/Food/TFND.aspx?nodeID=178 ; 整合編號=R7100401 (樣品基本資料)
加工調理食品及其他類,甜核桃,,Walnut,R7100501,723.0,14.4,67.4,14.7,衛生福利部食品藥物管理署 台灣食品成分資料庫(食品營養成分資料庫)開放資料; 下載自 https://data.fda.gov.tw/data/opendata/export/20/csv (政府資料開放平臺 data.gov.tw dataset id 8543 / TFDA opendata InfoId=20); 查詢頁 https://consumer.fda.gov.tw/Food/TFND.aspx?nodeID=178 ; 整合編號=R7100501 (樣品基本資料)
加工調理食品及其他類,糖炒栗子,,Chestnut: parch w/ sugar; Marron glace,R7100601,209.0,4.2,0.8,46.3,衛生福利部食品藥物管理署 台灣食品成分資料庫(食品營養成分資料庫)開放資料; 下載自 https://data.fda.gov.tw/data/opendata/export/20/csv (政府資料開放平臺 data.gov.tw dataset id 8543 / TFDA opendata InfoId=20); 查詢頁 https://consumer.fda.gov.tw/Food/TFND.aspx?nodeID=178 ; 整合編號=R7100601 (樣品基本資料)
加工調理食品及其他類,蜜汁腰果,,Cashew nuts: honey roasted,R7100701,600.0,17.6,43.6,34.3,衛生福利部食品藥物管理署 台灣食品成分資料庫(食品營養成分資料庫)開放資料; 下載自 https://data.fda.gov.tw/data/opendata/export/20/csv (政府資料開放平臺 data.gov.tw dataset id 8543 / TFDA opendata InfoId=20); 查詢頁 https://consumer.fda.gov.tw/Food/TFND.aspx?nodeID=178 ; 整合編號=R7100701 (樣品基本資料)
加工調理食品及其他類,玉桂西瓜子,,"Watermelon seeds: spiced, cooked",R7100801,529.0,31.1,34.4,23.8,衛生福利部食品藥物管理署 台灣食品成分資料庫(食品營養成分資料庫)開放資料; 下載自 https://data.fda.gov.tw/data/opendata/export/20/csv (政府資料開放平臺 data.gov.tw dataset id 8543 / TFDA opendata InfoId=20); 查詢頁 https://consumer.fda.gov.tw/Food/TFND.aspx?nodeID=178 ; 整合編號=R7100801 (樣品基本資料)
加工調理食品及其他類,醬油西瓜子,,Watermelon seed: soysauce seasoned,R7100901,547.0,29.5,37.7,22.5,衛生福利部食品藥物管理署 台灣食品成分資料庫(食品營養成分資料庫)開放資料; 下載自 https://data.fda.gov.tw/data/opendata/export/20/csv (政府資料開放平臺 data.gov.tw dataset id 8543 / TFDA opendata InfoId=20); 查詢頁 https://consumer.fda.gov.tw/Food/TFND.aspx?nodeID=178 ; 整合編號=R7100901 (樣品基本資料)
加工調理食品及其他類,鹽酥帶殼花生(熟),"土豆,長生果,落花生",Peanut with shell,R7101001,568.0,28.2,38.1,28.1,衛生福利部食品藥物管理署 台灣食品成分資料庫(食品營養成分資料庫)開放資料; 下載自 https://data.fda.gov.tw/data/opendata/export/20/csv (政府資料開放平臺 data.gov.tw dataset id 8543 / TFDA opendata InfoId=20); 查詢頁 https://consumer.fda.gov.tw/Food/TFND.aspx?nodeID=178 ; 整合編號=R7101001 (樣品基本資料)
加工調理食品及其他類,醃漬花生仁,"土豆,長生果,落花生",Peanut: pickled,R7101101,288.0,10.6,26.0,2.9,衛生福利部食品藥物管理署 台灣食品成分資料庫(食品營養成分資料庫)開放資料; 下載自 https://data.fda.gov.tw/data/opendata/export/20/csv (政府資料開放平臺 data.gov.tw dataset id 8543 / TFDA opendata InfoId=20); 查詢頁 https://consumer.fda.gov.tw/Food/TFND.aspx?nodeID=178 ; 整合編號=R7101101 (樣品基本資料)
加工調理食品及其他類,糖漬花生仁,"土豆,長生果,落花生",Peanut,R7101201,382.0,14.2,23.3,28.8,衛生福利部食品藥物管理署 台灣食品成分資料庫(食品營養成分資料庫)開放資料; 下載自 https://data.fda.gov.tw/data/opendata/export/20/csv (政府資料開放平臺 data.gov.tw dataset id 8543 / TFDA opendata InfoId=20); 查詢頁 https://consumer.fda.gov.tw/Food/TFND.aspx?nodeID=178 ; 整合編號=R7101201 (樣品基本資料)
加工調理食品及其他類,油炸花生仁,"土豆,長生果,落花生",Peanut: fried,R7101301,623.0,28.9,48.4,18.0,衛生福利部食品藥物管理署 台灣食品成分資料庫(食品營養成分資料庫)開放資料; 下載自 https://data.fda.gov.tw/data/opendata/export/20/csv (政府資料開放平臺 data.gov.tw dataset id 8543 / TFDA opendata InfoId=20); 查詢頁 https://consumer.fda.gov.tw/Food/TFND.aspx?nodeID=178 ; 整合編號=R7101301 (樣品基本資料)
加工調理食品及其他類,蛋酥花生仁,"土豆,長生果,落花生",Peanut,R7101401,606.0,21.1,43.8,31.8,衛生福利部食品藥物管理署 台灣食品成分資料庫(食品營養成分資料庫)開放資料; 下載自 https://data.fda.gov.tw/data/opendata/export/20/csv (政府資料開放平臺 data.gov.tw dataset id 8543 / TFDA opendata InfoId=20); 查詢頁 https://consumer.fda.gov.tw/Food/TFND.aspx?nodeID=178 ; 整合編號=R7101401 (樣品基本資料)
加工調理食品及其他類,鹽酥花生仁,"土豆,長生果,落花生",Peanut:salted,R7101501,557.0,28.8,35.9,29.6,衛生福利部食品藥物管理署 台灣食品成分資料庫(食品營養成分資料庫)開放資料; 下載自 https://data.fda.gov.tw/data/opendata/export/20/csv (政府資料開放平臺 data.gov.tw dataset id 8543 / TFDA opendata InfoId=20); 查詢頁 https://consumer.fda.gov.tw/Food/TFND.aspx?nodeID=178 ; 整合編號=R7101501 (樣品基本資料)
加工調理食品及其他類,調味南瓜子(去殼),白瓜子,"Pumpkin seeds: spiced, cooked",R7101601,607.0,30.4,47.9,13.5,衛生福利部食品藥物管理署 台灣食品成分資料庫(食品營養成分資料庫)開放資料; 下載自 https://data.fda.gov.tw/data/opendata/export/20/csv (政府資料開放平臺 data.gov.tw dataset id 8543 / TFDA opendata InfoId=20); 查詢頁 https://consumer.fda.gov.tw/Food/TFND.aspx?nodeID=178 ; 整合編號=R7101601 (樣品基本資料)
加工調理食品及其他類,調味南瓜子(帶殼),白瓜子,"Pumpkin seeds: spiced, cooked",R7101602,607.0,25.9,47.2,19.5,衛生福利部食品藥物管理署 台灣食品成分資料庫(食品營養成分資料庫)開放資料; 下載自 https://data.fda.gov.tw/data/opendata/export/20/csv (政府資料開放平臺 data.gov.tw dataset id 8543 / TFDA opendata InfoId=20); 查詢頁 https://consumer.fda.gov.tw/Food/TFND.aspx?nodeID=178 ; 整合編號=R7101602 (樣品基本資料)
加工調理食品及其他類,甘草葵瓜子(帶殼),,"Sunflower seeds: spiced, cooked",R7101701,564.0,26.8,39.3,25.8,衛生福利部食品藥物管理署 台灣食品成分資料庫(食品營養成分資料庫)開放資料; 下載自 https://data.fda.gov.tw/data/opendata/export/20/csv (政府資料開放平臺 data.gov.tw dataset id 8543 / TFDA opendata InfoId=20); 查詢頁 https://consumer.fda.gov.tw/Food/TFND.aspx?nodeID=178 ; 整合編號=R7101701 (樣品基本資料)
加工調理食品及其他類,鹽酥葵瓜子(帶殼),,Salted sunflower seed,R7101801,619.0,25.9,49.3,17.8,衛生福利部食品藥物管理署 台灣食品成分資料庫(食品營養成分資料庫)開放資料; 下載自 https://data.fda.gov.tw/data/opendata/export/20/csv (政府資料開放平臺 data.gov.tw dataset id 8543 / TFDA opendata InfoId=20); 查詢頁 https://consumer.fda.gov.tw/Food/TFND.aspx?nodeID=178 ; 整合編號=R7101801 (樣品基本資料)
加工調理食品及其他類,糖漬蓮子,,Lotus nut; Lotus seed,R7101901,230.0,5.7,0.1,51.4,衛生福利部食品藥物管理署 台灣食品成分資料庫(食品營養成分資料庫)開放資料; 下載自 https://data.fda.gov.tw/data/opendata/export/20/csv (政府資料開放平臺 data.gov.tw dataset id 8543 / TFDA opendata InfoId=20); 查詢頁 https://consumer.fda.gov.tw/Food/TFND.aspx?nodeID=178 ; 整合編號=R7101901 (樣品基本資料)
加工調理食品及其他類,烤雞,手扒雞,"Chicken: roasted, whole",R7300101,233.0,22.8,14.2,3.6,衛生福利部食品藥物管理署 台灣食品成分資料庫(食品營養成分資料庫)開放資料; 下載自 https://data.fda.gov.tw/data/opendata/export/20/csv (政府資料開放平臺 data.gov.tw dataset id 8543 / TFDA opendata InfoId=20); 查詢頁 https://consumer.fda.gov.tw/Food/TFND.aspx?nodeID=178 ; 整合編號=R7300101 (樣品基本資料)
加工調理食品及其他類,冷凍烤雞翅,,"Chicken: wing, frozen, roasted",R7300201,217.0,18.8,14.2,3.6,衛生福利部食品藥物管理署 台灣食品成分資料庫(食品營養成分資料庫)開放資料; 下載自 https://data.fda.gov.tw/data/opendata/export/20/csv (政府資料開放平臺 data.gov.tw dataset id 8543 / TFDA opendata InfoId=20); 查詢頁 https://consumer.fda.gov.tw/Food/TFND.aspx?nodeID=178 ; 整合編號=R7300201 (樣品基本資料)
加工調理食品及其他類,鴨賞,,Duck: smoked,R7300301,304.0,31.1,17.6,5.3,衛生福利部食品藥物管理署 台灣食品成分資料庫(食品營養成分資料庫)開放資料; 下載自 https://data.fda.gov.tw/data/opendata/export/20/csv (政府資料開放平臺 data.gov.tw dataset id 8543 / TFDA opendata InfoId=20); 查詢頁 https://consumer.fda.gov.tw/Food/TFND.aspx?nodeID=178 ; 整合編號=R7300301 (樣品基本資料)
加工調理食品及其他類,茶鵝,,,R7300401,352.0,15.6,32.6,0.0,衛生福利部食品藥物管理署 台灣食品成分資料庫(食品營養成分資料庫)開放資料; 下載自 https://data.fda.gov.tw/data/opendata/export/20/csv (政府資料開放平臺 data.gov.tw dataset id 8543 / TFDA opendata InfoId=20); 查詢頁 https://consumer.fda.gov.tw/Food/TFND.aspx?nodeID=178 ; 整合編號=R7300401 (樣品基本資料)
加工調理食品及其他類,熟鵝腿肉,,"Goose: whole legs, cooked",R7300501,285.0,18.5,23.6,0.0,衛生福利部食品藥物管理署 台灣食品成分資料庫(食品營養成分資料庫)開放資料; 下載自 https://data.fda.gov.tw/data/opendata/export/20/csv (政府資料開放平臺 data.gov.tw dataset id 8543 / TFDA opendata InfoId=20); 查詢頁 https://consumer.fda.gov.tw/Food/TFND.aspx?nodeID=178 ; 整合編號=R7300501 (樣品基本資料)
加工調理食品及其他類,鯊魚煙,,,R7500101,68.0,22.3,0.4,0.0,衛生福利部食品藥物管理署 台灣食品成分資料庫(食品營養成分資料庫)開放資料; 下載自 https://data.fda.gov.tw/data/opendata/export/20/csv (政府資料開放平臺 data.gov.tw dataset id 8543 / TFDA opendata InfoId=20); 查詢頁 https://consumer.fda.gov.tw/Food/TFND.aspx?nodeID=178 ; 整合編號=R7500101 (樣品基本資料)
加工調理食品及其他類,日本鰻鱺魚片(蒲燒),"白鰻,日本鰻,正鰻,白鱔,鰻鱺,土鰻(澎湖),淡水鰻(澎湖) ",Japanese eel; Freshwater eel; Eel ,R7500201,272.0,25.0,18.7,0.9,衛生福利部食品藥物管理署 台灣食品成分資料庫(食品營養成分資料庫)開放資料; 下載自 https://data.fda.gov.tw/data/opendata/export/20/csv (政府資料開放平臺 data.gov.tw dataset id 8543 / TFDA opendata InfoId=20); 查詢頁 https://consumer.fda.gov.tw/Food/TFND.aspx?nodeID=178 ; 整合編號=R7500201 (樣品基本資料)
加工調理食品及其他類,鹽漬小鱗脂眼鯡(鹹馧仔),"臭肉鰮,鰮仔,圓眼仔,鰮魚,鰮仔魚,圓仔魚(幼魚),脂眼鯡,臭肉,臭肉魚/肉鰮(澎湖) ",Round herring,R7500301,224.0,17.4,17.0,0.3,衛生福利部食品藥物管理署 台灣食品成分資料庫(食品營養成分資料庫)開放資料; 下載自 https://data.fda.gov.tw/data/opendata/export/20/csv (政府資料開放平臺 data.gov.tw dataset id 8543 / TFDA opendata InfoId=20); 查詢頁 https://consumer.fda.gov.tw/Food/TFND.aspx?nodeID=178 ; 整合編號=R7500301 (樣品基本資料)
加工調理食品及其他類,鯖魚(醃製),鹹鯖魚,Mackerel,R7500401,281.0,14.9,24.0,1.3,衛生福利部食品藥物管理署 台灣食品成分資料庫(食品營養成分資料庫)開放資料; 下載自 https://data.fda.gov.tw/data/opendata/export/20/csv (政府資料開放平臺 data.gov.tw dataset id 8543 / TFDA opendata InfoId=20); 查詢頁 https://consumer.fda.gov.tw/Food/TFND.aspx?nodeID=178 ; 整合編號=R7500401 (樣品基本資料)
加工調理食品及其他類,鯖魚(醃製)(2022年取樣),鹹鯖魚,"Mackerel, salted",R7500402,296.0,17.0,21.0,9.8,衛生福利部食品藥物管理署 台灣食品成分資料庫(食品營養成分資料庫)開放資料; 下載自 https://data.fda.gov.tw/data/opendata/export/20/csv (政府資料開放平臺 data.gov.tw dataset id 8543 / TFDA opendata InfoId=20); 查詢頁 https://consumer.fda.gov.tw/Food/TFND.aspx?nodeID=178 ; 整合編號=R7500402 (樣品基本資料)
加工調理食品及其他類,毛鱗魚(柳葉魚)(裹粉未炸),柳葉魚,,R7500501,171.0,12.9,4.9,19.0,衛生福利部食品藥物管理署 台灣食品成分資料庫(食品營養成分資料庫)開放資料; 下載自 https://data.fda.gov.tw/data/opendata/export/20/csv (政府資料開放平臺 data.gov.tw dataset id 8543 / TFDA opendata InfoId=20); 查詢頁 https://consumer.fda.gov.tw/Food/TFND.aspx?nodeID=178 ; 整合編號=R7500501 (樣品基本資料)
加工調理食品及其他類,油魚卵(加工),油魚子,Escolar roe,R7500601,416.0,46.6,27.3,0.0,衛生福利部食品藥物管理署 台灣食品成分資料庫(食品營養成分資料庫)開放資料; 下載自 https://data.fda.gov.tw/data/opendata/export/20/csv (政府資料開放平臺 data.gov.tw dataset id 8543 / TFDA opendata InfoId=20); 查詢頁 https://consumer.fda.gov.tw/Food/TFND.aspx?nodeID=178 ; 整合編號=R7500601 (樣品基本資料)
加工調理食品及其他類,圓鱈魚卵(加工),,Toothfish roe,R7500701,84.0,11.2,4.4,0.0,衛生福利部食品藥物管理署 台灣食品成分資料庫(食品營養成分資料庫)開放資料; 下載自 https://data.fda.gov.tw/data/opendata/export/20/csv (政府資料開放平臺 data.gov.tw dataset id 8543 / TFDA opendata InfoId=20); 查詢頁 https://consumer.fda.gov.tw/Food/TFND.aspx?nodeID=178 ; 整合編號=R7500701 (樣品基本資料)
加工調理食品及其他類,鯔魚卵(加工),"烏魚卵,烏魚子",Mullet roe,R7500801,297.0,36.6,8.5,18.7,衛生福利部食品藥物管理署 台灣食品成分資料庫(食品營養成分資料庫)開放資料; 下載自 https://data.fda.gov.tw/data/opendata/export/20/csv (政府資料開放平臺 data.gov.tw dataset id 8543 / TFDA opendata InfoId=20); 查詢頁 https://consumer.fda.gov.tw/Food/TFND.aspx?nodeID=178 ; 整合編號=R7500801 (樣品基本資料)
加工調理食品及其他類,鯔魚卵(加工)(2022年取樣),"烏魚卵,烏魚子",Mullet roe,R7500802,431.0,38.9,28.7,4.4,衛生福利部食品藥物管理署 台灣食品成分資料庫(食品營養成分資料庫)開放資料; 下載自 https://data.fda.gov.tw/data/opendata/export/20/csv (政府資料開放平臺 data.gov.tw dataset id 8543 / TFDA opendata InfoId=20); 查詢頁 https://consumer.fda.gov.tw/Food/TFND.aspx?nodeID=178 ; 整合編號=R7500802 (樣品基本資料)
加工調理食品及其他類,醃漬鮭魚卵,,,R7500901,218.0,24.9,10.2,6.7,衛生福利部食品藥物管理署 台灣食品成分資料庫(食品營養成分資料庫)開放資料; 下載自 https://data.fda.gov.tw/data/opendata/export/20/csv (政府資料開放平臺 data.gov.tw dataset id 8543 / TFDA opendata InfoId=20); 查詢頁 https://consumer.fda.gov.tw/Food/TFND.aspx?nodeID=178 ; 整合編號=R7500901 (樣品基本資料)
加工調理食品及其他類,香魚片,,Dried sweetfish,R7501001,307.0,36.1,0.7,39.1,衛生福利部食品藥物管理署 台灣食品成分資料庫(食品營養成分資料庫)開放資料; 下載自 https://data.fda.gov.tw/data/opendata/export/20/csv (政府資料開放平臺 data.gov.tw dataset id 8543 / TFDA opendata InfoId=20); 查詢頁 https://consumer.fda.gov.tw/Food/TFND.aspx?nodeID=178 ; 整合編號=R7501001 (樣品基本資料)
加工調理食品及其他類,龍蝦卵(調味),,Lobster egg,R7501101,64.0,6.7,1.8,5.2,衛生福利部食品藥物管理署 台灣食品成分資料庫(食品營養成分資料庫)開放資料; 下載自 https://data.fda.gov.tw/data/opendata/export/20/csv (政府資料開放平臺 data.gov.tw dataset id 8543 / TFDA opendata InfoId=20); 查詢頁 https://consumer.fda.gov.tw/Food/TFND.aspx?nodeID=178 ; 整合編號=R7501101 (樣品基本資料)
加工調理食品及其他類,蠑螺(加工),,Turban shell,R7501201,105.0,14.8,0.2,11.0,衛生福利部食品藥物管理署 台灣食品成分資料庫(食品營養成分資料庫)開放資料; 下載自 https://data.fda.gov.tw/data/opendata/export/20/csv (政府資料開放平臺 data.gov.tw dataset id 8543 / TFDA opendata InfoId=20); 查詢頁 https://consumer.fda.gov.tw/Food/TFND.aspx?nodeID=178 ; 整合編號=R7501201 (樣品基本資料)
加工調理食品及其他類,鹹小卷,"鹹鎖管,鹽漬小卷",Loligo; Neritic squid,R7501301,100.0,20.1,1.3,1.9,衛生福利部食品藥物管理署 台灣食品成分資料庫(食品營養成分資料庫)開放資料; 下載自 https://data.fda.gov.tw/data/opendata/export/20/csv (政府資料開放平臺 data.gov.tw dataset id 8543 / TFDA opendata InfoId=20); 查詢頁 https://consumer.fda.gov.tw/Food/TFND.aspx?nodeID=178 ; 整合編號=R7501301 (樣品基本資料)
加工調理食品及其他類,沖泡濃湯(海鮮),,,R8100101,355.0,11.2,6.9,62.0,衛生福利部食品藥物管理署 台灣食品成分資料庫(食品營養成分資料庫)開放資料; 下載自 https://data.fda.gov.tw/data/opendata/export/20/csv (政府資料開放平臺 data.gov.tw dataset id 8543 / TFDA opendata InfoId=20); 查詢頁 https://consumer.fda.gov.tw/Food/TFND.aspx?nodeID=178 ; 整合編號=R8100101 (樣品基本資料)
加工調理食品及其他類,玉米濃湯調理包,,,R8100201,369.0,4.4,5.9,74.7,衛生福利部食品藥物管理署 台灣食品成分資料庫(食品營養成分資料庫)開放資料; 下載自 https://data.fda.gov.tw/data/opendata/export/20/csv (政府資料開放平臺 data.gov.tw dataset id 8543 / TFDA opendata InfoId=20); 查詢頁 https://consumer.fda.gov.tw/Food/TFND.aspx?nodeID=178 ; 整合編號=R8100201 (樣品基本資料)
加工調理食品及其他類,麥片沖泡包(三合一),,,R8100301,409.0,11.0,7.5,74.3,衛生福利部食品藥物管理署 台灣食品成分資料庫(食品營養成分資料庫)開放資料; 下載自 https://data.fda.gov.tw/data/opendata/export/20/csv (政府資料開放平臺 data.gov.tw dataset id 8543 / TFDA opendata InfoId=20); 查詢頁 https://consumer.fda.gov.tw/Food/TFND.aspx?nodeID=178 ; 整合編號=R8100301 (樣品基本資料)
加工調理食品及其他類,三合一麥片(野菜蘑菇),,,R8100401,399.0,6.8,9.0,72.7,衛生福利部食品藥物管理署 台灣食品成分資料庫(食品營養成分資料庫)開放資料; 下載自 https://data.fda.gov.tw/data/opendata/export/20/csv (政府資料開放平臺 data.gov.tw dataset id 8543 / TFDA opendata InfoId=20); 查詢頁 https://consumer.fda.gov.tw/Food/TFND.aspx?nodeID=178 ; 整合編號=R8100401 (樣品基本資料)
加工調理食品及其他類,糙米麩,,,R8100501,387.0,7.8,3.3,81.4,衛生福利部食品藥物管理署 台灣食品成分資料庫(食品營養成分資料庫)開放資料; 下載自 https://data.fda.gov.tw/data/opendata/export/20/csv (政府資料開放平臺 data.gov.tw dataset id 8543 / TFDA opendata InfoId=20); 查詢頁 https://consumer.fda.gov.tw/Food/TFND.aspx?nodeID=178 ; 整合編號=R8100501 (樣品基本資料)
加工調理食品及其他類,麵茶粉,,Seasoned millet mush,R8100601,423.0,7.2,7.0,82.9,衛生福利部食品藥物管理署 台灣食品成分資料庫(食品營養成分資料庫)開放資料; 下載自 https://data.fda.gov.tw/data/opendata/export/20/csv (政府資料開放平臺 data.gov.tw dataset id 8543 / TFDA opendata InfoId=20); 查詢頁 https://consumer.fda.gov.tw/Food/TFND.aspx?nodeID=178 ; 整合編號=R8100601 (樣品基本資料)
加工調理食品及其他類,植物燕麥奶粉(營養強化),,,R8100701,437.0,12.0,13.2,67.5,衛生福利部食品藥物管理署 台灣食品成分資料庫(食品營養成分資料庫)開放資料; 下載自 https://data.fda.gov.tw/data/opendata/export/20/csv (政府資料開放平臺 data.gov.tw dataset id 8543 / TFDA opendata InfoId=20); 查詢頁 https://consumer.fda.gov.tw/Food/TFND.aspx?nodeID=178 ; 整合編號=R8100701 (樣品基本資料)
加工調理食品及其他類,杏仁茶沖泡包,綜合堅果穀粉,,R8100801,399.0,3.5,5.2,84.7,衛生福利部食品藥物管理署 台灣食品成分資料庫(食品營養成分資料庫)開放資料; 下載自 https://data.fda.gov.tw/data/opendata/export/20/csv (政府資料開放平臺 data.gov.tw dataset id 8543 / TFDA opendata InfoId=20); 查詢頁 https://consumer.fda.gov.tw/Food/TFND.aspx?nodeID=178 ; 整合編號=R8100801 (樣品基本資料)
加工調理食品及其他類,芝麻糊沖泡包,,Seasame paste ,R8100901,458.0,9.3,15.4,70.7,衛生福利部食品藥物管理署 台灣食品成分資料庫(食品營養成分資料庫)開放資料; 下載自 https://data.fda.gov.tw/data/opendata/export/20/csv (政府資料開放平臺 data.gov.tw dataset id 8543 / TFDA opendata InfoId=20); 查詢頁 https://consumer.fda.gov.tw/Food/TFND.aspx?nodeID=178 ; 整合編號=R8100901 (樣品基本資料)
加工調理食品及其他類,綜合堅果穀物沖泡包,,,R8101001,453.0,13.3,15.4,65.4,衛生福利部食品藥物管理署 台灣食品成分資料庫(食品營養成分資料庫)開放資料; 下載自 https://data.fda.gov.tw/data/opendata/export/20/csv (政府資料開放平臺 data.gov.tw dataset id 8543 / TFDA opendata InfoId=20); 查詢頁 https://consumer.fda.gov.tw/Food/TFND.aspx?nodeID=178 ; 整合編號=R8101001 (樣品基本資料)
加工調理食品及其他類,寒天脆藻,水晶脆藻,,R8200101,11.0,0.0,0.0,2.5,衛生福利部食品藥物管理署 台灣食品成分資料庫(食品營養成分資料庫)開放資料; 下載自 https://data.fda.gov.tw/data/opendata/export/20/csv (政府資料開放平臺 data.gov.tw dataset id 8543 / TFDA opendata InfoId=20); 查詢頁 https://consumer.fda.gov.tw/Food/TFND.aspx?nodeID=178 ; 整合編號=R8200101 (樣品基本資料)
加工調理食品及其他類,生啤酒,,Draught beer; Draft beer,R9900101,50.0,0.4,0.0,8.2,衛生福利部食品藥物管理署 台灣食品成分資料庫(食品營養成分資料庫)開放資料; 下載自 https://data.fda.gov.tw/data/opendata/export/20/csv (政府資料開放平臺 data.gov.tw dataset id 8543 / TFDA opendata InfoId=20); 查詢頁 https://consumer.fda.gov.tw/Food/TFND.aspx?nodeID=178 ; 整合編號=R9900101 (樣品基本資料)
加工調理食品及其他類,啤酒,,Beer,R9900102,49.0,,0.0,8.9,衛生福利部食品藥物管理署 台灣食品成分資料庫(食品營養成分資料庫)開放資料; 下載自 https://data.fda.gov.tw/data/opendata/export/20/csv (政府資料開放平臺 data.gov.tw dataset id 8543 / TFDA opendata InfoId=20); 查詢頁 https://consumer.fda.gov.tw/Food/TFND.aspx?nodeID=178 ; 整合編號=R9900102 (樣品基本資料)
加工調理食品及其他類,陳年紹興酒,,Shaohsiug wine,R9900201,133.0,1.8,0.0,19.1,衛生福利部食品藥物管理署 台灣食品成分資料庫(食品營養成分資料庫)開放資料; 下載自 https://data.fda.gov.tw/data/opendata/export/20/csv (政府資料開放平臺 data.gov.tw dataset id 8543 / TFDA opendata InfoId=20); 查詢頁 https://consumer.fda.gov.tw/Food/TFND.aspx?nodeID=178 ; 整合編號=R9900201 (樣品基本資料)
加工調理食品及其他類,白葡萄酒,,White grape wine,R9900301,90.0,0.1,0.0,14.2,衛生福利部食品藥物管理署 台灣食品成分資料庫(食品營養成分資料庫)開放資料; 下載自 https://data.fda.gov.tw/data/opendata/export/20/csv (政府資料開放平臺 data.gov.tw dataset id 8543 / TFDA opendata InfoId=20); 查詢頁 https://consumer.fda.gov.tw/Food/TFND.aspx?nodeID=178 ; 整合編號=R9900301 (樣品基本資料)
加工調理食品及其他類,紅葡萄酒,,Red grape wine,R9900302,93.0,0.1,0.0,14.8,衛生福利部食品藥物管理署 台灣食品成分資料庫(食品營養成分資料庫)開放資料; 下載自 https://data.fda.gov.tw/data/opendata/export/20/csv (政府資料開放平臺 data.gov.tw dataset id 8543 / TFDA opendata InfoId=20); 查詢頁 https://consumer.fda.gov.tw/Food/TFND.aspx?nodeID=178 ; 整合編號=R9900302 (樣品基本資料)
加工調理食品及其他類,雞精,,,R9901101,34.0,8.6,0.0,0.0,衛生福利部食品藥物管理署 台灣食品成分資料庫(食品營養成分資料庫)開放資料; 下載自 https://data.fda.gov.tw/data/opendata/export/20/csv (政府資料開放平臺 data.gov.tw dataset id 8543 / TFDA opendata InfoId=20); 查詢頁 https://consumer.fda.gov.tw/Food/TFND.aspx?nodeID=178 ; 整合編號=R9901101 (樣品基本資料)
堅果及種子類,甘扁桃仁片(生),杏仁片(生),Almond Slices (Raw),C0105101,564.0,27.3,47.8,17.0,衛生福利部食品藥物管理署 台灣食品成分資料庫(食品營養成分資料庫)開放資料; 下載自 https://data.fda.gov.tw/data/opendata/export/20/csv (政府資料開放平臺 data.gov.tw dataset id 8543 / TFDA opendata InfoId=20); 查詢頁 https://consumer.fda.gov.tw/Food/TFND.aspx?nodeID=178 ; 整合編號=C0105101 (樣品基本資料)
堅果及種子類,甘扁桃仁片(熟),杏仁片(熟),Almond Slices  (Cooked),C0110101,618.0,23.4,56.9,14.8,衛生福利部食品藥物管理署 台灣食品成分資料庫(食品營養成分資料庫)開放資料; 下載自 https://data.fda.gov.tw/data/opendata/export/20/csv (政府資料開放平臺 data.gov.tw dataset id 8543 / TFDA opendata InfoId=20); 查詢頁 https://consumer.fda.gov.tw/Food/TFND.aspx?nodeID=178 ; 整合編號=C0110101 (樣品基本資料)
堅果及種子類,甘扁桃仁(熟),杏仁果(熟),Almonds (Cooked),C0110201,588.0,21.9,49.8,23.2,衛生福利部食品藥物管理署 台灣食品成分資料庫(食品營養成分資料庫)開放資料; 下載自 https://data.fda.gov.tw/data/opendata/export/20/csv (政府資料開放平臺 data.gov.tw dataset id 8543 / TFDA opendata InfoId=20); 查詢頁 https://consumer.fda.gov.tw/Food/TFND.aspx?nodeID=178 ; 整合編號=C0110201 (樣品基本資料)
堅果及種子類,松子仁(生),,Pine-seed: raw,C0205101,678.0,16.6,69.5,9.4,衛生福利部食品藥物管理署 台灣食品成分資料庫(食品營養成分資料庫)開放資料; 下載自 https://data.fda.gov.tw/data/opendata/export/20/csv (政府資料開放平臺 data.gov.tw dataset id 8543 / TFDA opendata InfoId=20); 查詢頁 https://consumer.fda.gov.tw/Food/TFND.aspx?nodeID=178 ; 整合編號=C0205101 (樣品基本資料)
堅果及種子類,原味松子仁,,Pine-seed,C0210101,680.0,14.5,69.0,13.0,衛生福利部食品藥物管理署 台灣食品成分資料庫(食品營養成分資料庫)開放資料; 下載自 https://data.fda.gov.tw/data/opendata/export/20/csv (政府資料開放平臺 data.gov.tw dataset id 8543 / TFDA opendata InfoId=20); 查詢頁 https://consumer.fda.gov.tw/Food/TFND.aspx?nodeID=178 ; 整合編號=C0210101 (樣品基本資料)
堅果及種子類,原味夏威夷豆,夏威夷火山豆,Hawaii nut; Macadamia nut,C0310101,700.0,7.5,71.6,18.2,衛生福利部食品藥物管理署 台灣食品成分資料庫(食品營養成分資料庫)開放資料; 下載自 https://data.fda.gov.tw/data/opendata/export/20/csv (政府資料開放平臺 data.gov.tw dataset id 8543 / TFDA opendata InfoId=20); 查詢頁 https://consumer.fda.gov.tw/Food/TFND.aspx?nodeID=178 ; 整合編號=C0310101 (樣品基本資料)
堅果及種子類,生核桃,,Walnut: raw,C0405101,667.0,15.4,67.9,11.2,衛生福利部食品藥物管理署 台灣食品成分資料庫(食品營養成分資料庫)開放資料; 下載自 https://data.fda.gov.tw/data/opendata/export/20/csv (政府資料開放平臺 data.gov.tw dataset id 8543 / TFDA opendata InfoId=20); 查詢頁 https://consumer.fda.gov.tw/Food/TFND.aspx?nodeID=178 ; 整合編號=C0405101 (樣品基本資料)
堅果及種子類,栗子(生),,Chestnut: raw,C0500101,186.0,3.5,0.6,41.5,衛生福利部食品藥物管理署 台灣食品成分資料庫(食品營養成分資料庫)開放資料; 下載自 https://data.fda.gov.tw/data/opendata/export/20/csv (政府資料開放平臺 data.gov.tw dataset id 8543 / TFDA opendata InfoId=20); 查詢頁 https://consumer.fda.gov.tw/Food/TFND.aspx?nodeID=178 ; 整合編號=C0500101 (樣品基本資料)
堅果及種子類,栗子仁(生),,Chestnut: raw,C0500202,176.0,3.7,0.7,38.7,衛生福利部食品藥物管理署 台灣食品成分資料庫(食品營養成分資料庫)開放資料; 下載自 https://data.fda.gov.tw/data/opendata/export/20/csv (政府資料開放平臺 data.gov.tw dataset id 8543 / TFDA opendata InfoId=20); 查詢頁 https://consumer.fda.gov.tw/Food/TFND.aspx?nodeID=178 ; 整合編號=C0500202 (樣品基本資料)
堅果及種子類,開心果,,Pistachios,C0710101,601.0,22.4,52.7,20.1,衛生福利部食品藥物管理署 台灣食品成分資料庫(食品營養成分資料庫)開放資料; 下載自 https://data.fda.gov.tw/data/opendata/export/20/csv (政府資料開放平臺 data.gov.tw dataset id 8543 / TFDA opendata InfoId=20); 查詢頁 https://consumer.fda.gov.tw/Food/TFND.aspx?nodeID=178 ; 整合編號=C0710101 (樣品基本資料)
堅果及種子類,腰果(生),,Cashew nuts: raw,C0805101,568.0,18.3,45.5,30.3,衛生福利部食品藥物管理署 台灣食品成分資料庫(食品營養成分資料庫)開放資料; 下載自 https://data.fda.gov.tw/data/opendata/export/20/csv (政府資料開放平臺 data.gov.tw dataset id 8543 / TFDA opendata InfoId=20); 查詢頁 https://consumer.fda.gov.tw/Food/TFND.aspx?nodeID=178 ; 整合編號=C0805101 (樣品基本資料)
堅果及種子類,原味腰果,,Cashew nuts,C0810101,566.0,16.4,43.7,35.2,衛生福利部食品藥物管理署 台灣食品成分資料庫(食品營養成分資料庫)開放資料; 下載自 https://data.fda.gov.tw/data/opendata/export/20/csv (政府資料開放平臺 data.gov.tw dataset id 8543 / TFDA opendata InfoId=20); 查詢頁 https://consumer.fda.gov.tw/Food/TFND.aspx?nodeID=178 ; 整合編號=C0810101 (樣品基本資料)
堅果及種子類,原味榛果,,,C0905101,672.0,13.0,66.5,17.2,衛生福利部食品藥物管理署 台灣食品成分資料庫(食品營養成分資料庫)開放資料; 下載自 https://data.fda.gov.tw/data/opendata/export/20/csv (政府資料開放平臺 data.gov.tw dataset id 8543 / TFDA opendata InfoId=20); 查詢頁 https://consumer.fda.gov.tw/Food/TFND.aspx?nodeID=178 ; 整合編號=C0905101 (樣品基本資料)
堅果及種子類,山粉圓,,,C1005101,400.0,16.3,12.8,58.0,衛生福利部食品藥物管理署 台灣食品成分資料庫(食品營養成分資料庫)開放資料; 下載自 https://data.fda.gov.tw/data/opendata/export/20/csv (政府資料開放平臺 data.gov.tw dataset id 8543 / TFDA opendata InfoId=20); 查詢頁 https://consumer.fda.gov.tw/Food/TFND.aspx?nodeID=178 ; 整合編號=C1005101 (樣品基本資料)
堅果及種子類,亞麻仁籽,,Flex seed,C1305101,524.0,20.8,40.3,28.1,衛生福利部食品藥物管理署 台灣食品成分資料庫(食品營養成分資料庫)開放資料; 下載自 https://data.fda.gov.tw/data/opendata/export/20/csv (政府資料開放平臺 data.gov.tw dataset id 8543 / TFDA opendata InfoId=20); 查詢頁 https://consumer.fda.gov.tw/Food/TFND.aspx?nodeID=178 ; 整合編號=C1305101 (樣品基本資料)
堅果及種子類,亞麻仁籽粉,,Flex seed powder,C1320101,557.0,21.7,43.6,28.6,衛生福利部食品藥物管理署 台灣食品成分資料庫(食品營養成分資料庫)開放資料; 下載自 https://data.fda.gov.tw/data/opendata/export/20/csv (政府資料開放平臺 data.gov.tw dataset id 8543 / TFDA opendata InfoId=20); 查詢頁 https://consumer.fda.gov.tw/Food/TFND.aspx?nodeID=178 ; 整合編號=C1320101 (樣品基本資料)
堅果及種子類,咖啡豆(曼特寧),,Coffee bean: Mandeling,C1410101,437.0,13.9,14.9,65.1,衛生福利部食品藥物管理署 台灣食品成分資料庫(食品營養成分資料庫)開放資料; 下載自 https://data.fda.gov.tw/data/opendata/export/20/csv (政府資料開放平臺 data.gov.tw dataset id 8543 / TFDA opendata InfoId=20); 查詢頁 https://consumer.fda.gov.tw/Food/TFND.aspx?nodeID=178 ; 整合編號=C1410101 (樣品基本資料)
堅果及種子類,奇亞子,,Chia seed,C1505101,483.0,21.7,31.8,34.8,衛生福利部食品藥物管理署 台灣食品成分資料庫(食品營養成分資料庫)開放資料; 下載自 https://data.fda.gov.tw/data/opendata/export/20/csv (政府資料開放平臺 data.gov.tw dataset id 8543 / TFDA opendata InfoId=20); 查詢頁 https://consumer.fda.gov.tw/Food/TFND.aspx?nodeID=178 ; 整合編號=C1505101 (樣品基本資料)
堅果及種子類,白芝麻(生),,White seasame seed,C1605101,598.0,22.3,54.9,15.0,衛生福利部食品藥物管理署 台灣食品成分資料庫(食品營養成分資料庫)開放資料; 下載自 https://data.fda.gov.tw/data/opendata/export/20/csv (政府資料開放平臺 data.gov.tw dataset id 8543 / TFDA opendata InfoId=20); 查詢頁 https://consumer.fda.gov.tw/Food/TFND.aspx?nodeID=178 ; 整合編號=C1605101 (樣品基本資料)
堅果及種子類,黑芝麻(生),,Black seasame seed,C1605102,551.0,22.2,48.1,17.6,衛生福利部食品藥物管理署 台灣食品成分資料庫(食品營養成分資料庫)開放資料; 下載自 https://data.fda.gov.tw/data/opendata/export/20/csv (政府資料開放平臺 data.gov.tw dataset id 8543 / TFDA opendata InfoId=20); 查詢頁 https://consumer.fda.gov.tw/Food/TFND.aspx?nodeID=178 ; 整合編號=C1605102 (樣品基本資料)
堅果及種子類,白芝麻(熟),, Sesame: white,C1610101,626.0,20.3,58.7,15.7,衛生福利部食品藥物管理署 台灣食品成分資料庫(食品營養成分資料庫)開放資料; 下載自 https://data.fda.gov.tw/data/opendata/export/20/csv (政府資料開放平臺 data.gov.tw dataset id 8543 / TFDA opendata InfoId=20); 查詢頁 https://consumer.fda.gov.tw/Food/TFND.aspx?nodeID=178 ; 整合編號=C1610101 (樣品基本資料)
堅果及種子類,白芝麻(熟)2022年取樣),,Sesame: white,C1610102,601.0,21.7,52.4,21.2,衛生福利部食品藥物管理署 台灣食品成分資料庫(食品營養成分資料庫)開放資料; 下載自 https://data.fda.gov.tw/data/opendata/export/20/csv (政府資料開放平臺 data.gov.tw dataset id 8543 / TFDA opendata InfoId=20); 查詢頁 https://consumer.fda.gov.tw/Food/TFND.aspx?nodeID=178 ; 整合編號=C1610102 (樣品基本資料)
堅果及種子類,黑芝麻(熟),,Sesame: black,C1610201,599.0,17.3,54.4,20.6,衛生福利部食品藥物管理署 台灣食品成分資料庫(食品營養成分資料庫)開放資料; 下載自 https://data.fda.gov.tw/data/opendata/export/20/csv (政府資料開放平臺 data.gov.tw dataset id 8543 / TFDA opendata InfoId=20); 查詢頁 https://consumer.fda.gov.tw/Food/TFND.aspx?nodeID=178 ; 整合編號=C1610201 (樣品基本資料)
堅果及種子類,黑芝麻(熟)(2022年取樣),,Sesame: black,C1610202,591.0,20.7,51.8,21.1,衛生福利部食品藥物管理署 台灣食品成分資料庫(食品營養成分資料庫)開放資料; 下載自 https://data.fda.gov.tw/data/opendata/export/20/csv (政府資料開放平臺 data.gov.tw dataset id 8543 / TFDA opendata InfoId=20); 查詢頁 https://consumer.fda.gov.tw/Food/TFND.aspx?nodeID=178 ; 整合編號=C1610202 (樣品基本資料)
堅果及種子類,黑芝麻粉,,Black sesame powder,C1620101,601.0,15.7,55.2,20.8,衛生福利部食品藥物管理署 台灣食品成分資料庫(食品營養成分資料庫)開放資料; 下載自 https://data.fda.gov.tw/data/opendata/export/20/csv (政府資料開放平臺 data.gov.tw dataset id 8543 / TFDA opendata InfoId=20); 查詢頁 https://consumer.fda.gov.tw/Food/TFND.aspx?nodeID=178 ; 整合編號=C1620101 (樣品基本資料)
堅果及種子類,帶殼花生(生),"土豆,長生果,落花生",Peanut,C1700101,331.0,15.3,27.2,12.2,衛生福利部食品藥物管理署 台灣食品成分資料庫(食品營養成分資料庫)開放資料; 下載自 https://data.fda.gov.tw/data/opendata/export/20/csv (政府資料開放平臺 data.gov.tw dataset id 8543 / TFDA opendata InfoId=20); 查詢頁 https://consumer.fda.gov.tw/Food/TFND.aspx?nodeID=178 ; 整合編號=C1700101 (樣品基本資料)
堅果及種子類,冷凍帶殼花生(熟),"土豆,長生果,落花生",Peanut,C1700201,344.0,17.2,27.4,13.3,衛生福利部食品藥物管理署 台灣食品成分資料庫(食品營養成分資料庫)開放資料; 下載自 https://data.fda.gov.tw/data/opendata/export/20/csv (政府資料開放平臺 data.gov.tw dataset id 8543 / TFDA opendata InfoId=20); 查詢頁 https://consumer.fda.gov.tw/Food/TFND.aspx?nodeID=178 ; 整合編號=C1700201 (樣品基本資料)
堅果及種子類,黑金剛花生(生),"花生,土豆,長壽果",Peanut,C1700301,553.0,27.6,46.6,16.6,衛生福利部食品藥物管理署 台灣食品成分資料庫(食品營養成分資料庫)開放資料; 下載自 https://data.fda.gov.tw/data/opendata/export/20/csv (政府資料開放平臺 data.gov.tw dataset id 8543 / TFDA opendata InfoId=20); 查詢頁 https://consumer.fda.gov.tw/Food/TFND.aspx?nodeID=178 ; 整合編號=C1700301 (樣品基本資料)
堅果及種子類,帶膜花生仁(生)(1995年之前取樣),"土豆,長生果,落花生",Peanut: raw,C1705101,506.0,28.8,38.5,20.6,衛生福利部食品藥物管理署 台灣食品成分資料庫(食品營養成分資料庫)開放資料; 下載自 https://data.fda.gov.tw/data/opendata/export/20/csv (政府資料開放平臺 data.gov.tw dataset id 8543 / TFDA opendata InfoId=20); 查詢頁 https://consumer.fda.gov.tw/Food/TFND.aspx?nodeID=178 ; 整合編號=C1705101 (樣品基本資料)
堅果及種子類,去膜花生仁(生),"土豆,長生果,落花生",Peanut,C1705201,558.0,28.8,45.4,19.1,衛生福利部食品藥物管理署 台灣食品成分資料庫(食品營養成分資料庫)開放資料; 下載自 https://data.fda.gov.tw/data/opendata/export/20/csv (政府資料開放平臺 data.gov.tw dataset id 8543 / TFDA opendata InfoId=20); 查詢頁 https://consumer.fda.gov.tw/Food/TFND.aspx?nodeID=178 ; 整合編號=C1705201 (樣品基本資料)
堅果及種子類,帶膜花生仁(生)(2004年取樣),"土豆,長生果,落花生",Raw peanut: dry,C1705301,516.0,23.6,38.1,28.4,衛生福利部食品藥物管理署 台灣食品成分資料庫(食品營養成分資料庫)開放資料; 下載自 https://data.fda.gov.tw/data/opendata/export/20/csv (政府資料開放平臺 data.gov.tw dataset id 8543 / TFDA opendata InfoId=20); 查詢頁 https://consumer.fda.gov.tw/Food/TFND.aspx?nodeID=178 ; 整合編號=C1705301 (樣品基本資料)
堅果及種子類,紅土帶殼花生(熟),"土豆,長生果,落花生",Peanut,C1710101,555.0,31.2,43.9,19.5,衛生福利部食品藥物管理署 台灣食品成分資料庫(食品營養成分資料庫)開放資料; 下載自 https://data.fda.gov.tw/data/opendata/export/20/csv (政府資料開放平臺 data.gov.tw dataset id 8543 / TFDA opendata InfoId=20); 查詢頁 https://consumer.fda.gov.tw/Food/TFND.aspx?nodeID=178 ; 整合編號=C1710101 (樣品基本資料)
堅果及種子類,花生粉,,Peanut powder,C1720101,516.0,28.5,33.8,33.0,衛生福利部食品藥物管理署 台灣食品成分資料庫(食品營養成分資料庫)開放資料; 下載自 https://data.fda.gov.tw/data/opendata/export/20/csv (政府資料開放平臺 data.gov.tw dataset id 8543 / TFDA opendata InfoId=20); 查詢頁 https://consumer.fda.gov.tw/Food/TFND.aspx?nodeID=178 ; 整合編號=C1720101 (樣品基本資料)
堅果及種子類,芡實,"雞頭米,雞頭",,C1800101,343.0,9.9,0.1,75.4,衛生福利部食品藥物管理署 台灣食品成分資料庫(食品營養成分資料庫)開放資料; 下載自 https://data.fda.gov.tw/data/opendata/export/20/csv (政府資料開放平臺 data.gov.tw dataset id 8543 / TFDA opendata InfoId=20); 查詢頁 https://consumer.fda.gov.tw/Food/TFND.aspx?nodeID=178 ; 整合編號=C1800101 (樣品基本資料)
堅果及種子類,愛玉子,"愛玉,草子仔,草枳子,天拋藤,玉枳,枳子,天拋,風不動",Awkeotsang; Jelly-fig; Moraceae,C2005101,407.0,12.2,12.5,63.7,衛生福利部食品藥物管理署 台灣食品成分資料庫(食品營養成分資料庫)開放資料; 下載自 https://data.fda.gov.tw/data/opendata/export/20/csv (政府資料開放平臺 data.gov.tw dataset id 8543 / TFDA opendata InfoId=20); 查詢頁 https://consumer.fda.gov.tw/Food/TFND.aspx?nodeID=178 ; 整合編號=C2005101 (樣品基本資料)
堅果及種子類,原味葵瓜子(去殼),,Sunflower seeds,C2110101,586.0,22.0,51.9,18.7,衛生福利部食品藥物管理署 台灣食品成分資料庫(食品營養成分資料庫)開放資料; 下載自 https://data.fda.gov.tw/data/opendata/export/20/csv (政府資料開放平臺 data.gov.tw dataset id 8543 / TFDA opendata InfoId=20); 查詢頁 https://consumer.fda.gov.tw/Food/TFND.aspx?nodeID=178 ; 整合編號=C2110101 (樣品基本資料)
堅果及種子類,銀杏果,"白果,銀杏核,公孫樹子,鴨腳樹子,靈眼",Gingko nuts; Ginkgo Seed,C2200101,142.0,4.1,1.2,28.9,衛生福利部食品藥物管理署 台灣食品成分資料庫(食品營養成分資料庫)開放資料; 下載自 https://data.fda.gov.tw/data/opendata/export/20/csv (政府資料開放平臺 data.gov.tw dataset id 8543 / TFDA opendata InfoId=20); 查詢頁 https://consumer.fda.gov.tw/Food/TFND.aspx?nodeID=178 ; 整合編號=C2200101 (樣品基本資料)
堅果及種子類,蓮子,,Lotus nut; Lotus seed,C2300101,141.0,9.3,0.5,25.6,衛生福利部食品藥物管理署 台灣食品成分資料庫(食品營養成分資料庫)開放資料; 下載自 https://data.fda.gov.tw/data/opendata/export/20/csv (政府資料開放平臺 data.gov.tw dataset id 8543 / TFDA opendata InfoId=20); 查詢頁 https://consumer.fda.gov.tw/Food/TFND.aspx?nodeID=178 ; 整合編號=C2300101 (樣品基本資料)
堅果及種子類,蓮子(乾),,Lotus nut; Lotus seed,C2305101,334.0,21.8,1.2,60.9,衛生福利部食品藥物管理署 台灣食品成分資料庫(食品營養成分資料庫)開放資料; 下載自 https://data.fda.gov.tw/data/opendata/export/20/csv (政府資料開放平臺 data.gov.tw dataset id 8543 / TFDA opendata InfoId=20); 查詢頁 https://consumer.fda.gov.tw/Food/TFND.aspx?nodeID=178 ; 整合編號=C2305101 (樣品基本資料)
水果類,山竹,"鳳果,都捻子,倒稔子,羅漢果,莽吉柿,果中之后",Mangosteen; Mangostan,D0100101,69.0,0.6,0.3,18.1,衛生福利部食品藥物管理署 台灣食品成分資料庫(食品營養成分資料庫)開放資料; 下載自 https://data.fda.gov.tw/data/opendata/export/20/csv (政府資料開放平臺 data.gov.tw dataset id 8543 / TFDA opendata InfoId=20); 查詢頁 https://consumer.fda.gov.tw/Food/TFND.aspx?nodeID=178 ; 整合編號=D0100101 (樣品基本資料)
水果類,木瓜平均值,"番木瓜,番瓜",Papaya; Pawpaw,D02001,38.0,0.6,0.1,9.9,衛生福利部食品藥物管理署 台灣食品成分資料庫(食品營養成分資料庫)開放資料; 下載自 https://data.fda.gov.tw/data/opendata/export/20/csv (政府資料開放平臺 data.gov.tw dataset id 8543 / TFDA opendata InfoId=20); 查詢頁 https://consumer.fda.gov.tw/Food/TFND.aspx?nodeID=178 ; 整合編號=D02001 (樣品平均值)
水果類,木瓜(2月取樣),"番木瓜,番瓜",Papaya; Pawpaw,D0200101,31.0,0.7,0.1,7.7,衛生福利部食品藥物管理署 台灣食品成分資料庫(食品營養成分資料庫)開放資料; 下載自 https://data.fda.gov.tw/data/opendata/export/20/csv (政府資料開放平臺 data.gov.tw dataset id 8543 / TFDA opendata InfoId=20); 查詢頁 https://consumer.fda.gov.tw/Food/TFND.aspx?nodeID=178 ; 整合編號=D0200101 (樣品基本資料)
水果類,木瓜(5月取樣),"番木瓜,番瓜",Papaya; Pawpaw,D0200102,44.0,0.7,0.1,11.3,衛生福利部食品藥物管理署 台灣食品成分資料庫(食品營養成分資料庫)開放資料; 下載自 https://data.fda.gov.tw/data/opendata/export/20/csv (政府資料開放平臺 data.gov.tw dataset id 8543 / TFDA opendata InfoId=20); 查詢頁 https://consumer.fda.gov.tw/Food/TFND.aspx?nodeID=178 ; 整合編號=D0200102 (樣品基本資料)
水果類,木瓜(8月取樣),"番木瓜,番瓜",Papaya; Pawpaw,D0200103,33.0,0.5,0.0,8.8,衛生福利部食品藥物管理署 台灣食品成分資料庫(食品營養成分資料庫)開放資料; 下載自 https://data.fda.gov.tw/data/opendata/export/20/csv (政府資料開放平臺 data.gov.tw dataset id 8543 / TFDA opendata InfoId=20); 查詢頁 https://consumer.fda.gov.tw/Food/TFND.aspx?nodeID=178 ; 整合編號=D0200103 (樣品基本資料)
水果類,木瓜(11月取樣),"番木瓜,番瓜",Papaya; Pawpaw,D0200104,44.0,0.4,0.1,11.8,衛生福利部食品藥物管理署 台灣食品成分資料庫(食品營養成分資料庫)開放資料; 下載自 https://data.fda.gov.tw/data/opendata/export/20/csv (政府資料開放平臺 data.gov.tw dataset id 8543 / TFDA opendata InfoId=20); 查詢頁 https://consumer.fda.gov.tw/Food/TFND.aspx?nodeID=178 ; 整合編號=D0200104 (樣品基本資料)
水果類,青木瓜,"青番木瓜,青番瓜",Papaya; Pawpaw,D0200201,29.0,0.6,0.1,7.2,衛生福利部食品藥物管理署 台灣食品成分資料庫(食品營養成分資料庫)開放資料; 下載自 https://data.fda.gov.tw/data/opendata/export/20/csv (政府資料開放平臺 data.gov.tw dataset id 8543 / TFDA opendata InfoId=20); 查詢頁 https://consumer.fda.gov.tw/Food/TFND.aspx?nodeID=178 ; 整合編號=D0200201 (樣品基本資料)
水果類,安石榴,"石榴, 榭榴, 謝榴, 樹榴","Pomegranate, Delima",D0300101,67.0,1.7,0.1,16.8,衛生福利部食品藥物管理署 台灣食品成分資料庫(食品營養成分資料庫)開放資料; 下載自 https://data.fda.gov.tw/data/opendata/export/20/csv (政府資料開放平臺 data.gov.tw dataset id 8543 / TFDA opendata InfoId=20); 查詢頁 https://consumer.fda.gov.tw/Food/TFND.aspx?nodeID=178 ; 整合編號=D0300101 (樣品基本資料)
水果類,百香果(台農一號),"時計果,西番果",Passion fruit,D0400101,102.0,2.0,2.2,21.3,衛生福利部食品藥物管理署 台灣食品成分資料庫(食品營養成分資料庫)開放資料; 下載自 https://data.fda.gov.tw/data/opendata/export/20/csv (政府資料開放平臺 data.gov.tw dataset id 8543 / TFDA opendata InfoId=20); 查詢頁 https://consumer.fda.gov.tw/Food/TFND.aspx?nodeID=178 ; 整合編號=D0400101 (樣品基本資料)
水果類,百香果汁,"時計果汁,西番果汁,西番蓮汁,美里瓜汁",Passion fruit juice,D0430101,73.0,0.9,0.4,18.6,衛生福利部食品藥物管理署 台灣食品成分資料庫(食品營養成分資料庫)開放資料; 下載自 https://data.fda.gov.tw/data/opendata/export/20/csv (政府資料開放平臺 data.gov.tw dataset id 8543 / TFDA opendata InfoId=20); 查詢頁 https://consumer.fda.gov.tw/Food/TFND.aspx?nodeID=178 ; 整合編號=D0430101 (樣品基本資料)
水果類,金黃奇異果,"彌猴桃,猴桃,猴梨,藤梨,毛桃,羊桃,紅藤梨,金桃,楊桃",Kiwi fruit; Chinese gooseberry,D0500101,59.0,0.8,0.3,15.0,衛生福利部食品藥物管理署 台灣食品成分資料庫(食品營養成分資料庫)開放資料; 下載自 https://data.fda.gov.tw/data/opendata/export/20/csv (政府資料開放平臺 data.gov.tw dataset id 8543 / TFDA opendata InfoId=20); 查詢頁 https://consumer.fda.gov.tw/Food/TFND.aspx?nodeID=178 ; 整合編號=D0500101 (樣品基本資料)
水果類,奇異果,"彌猴桃,猴桃,猴梨,藤梨,毛桃,羊桃,紅藤梨,金桃,楊桃",Kiwi fruit; Chinese gooseberry,D0500201,56.0,1.1,0.3,14.0,衛生福利部食品藥物管理署 台灣食品成分資料庫(食品營養成分資料庫)開放資料; 下載自 https://data.fda.gov.tw/data/opendata/export/20/csv (政府資料開放平臺 data.gov.tw dataset id 8543 / TFDA opendata InfoId=20); 查詢頁 https://consumer.fda.gov.tw/Food/TFND.aspx?nodeID=178 ; 整合編號=D0500201 (樣品基本資料)
水果類,紅毛丹,"韶子,毛龍眼,毛荔枝",Tanjong Rambutan ,D0600101,73.0,1.0,0.7,17.9,衛生福利部食品藥物管理署 台灣食品成分資料庫(食品營養成分資料庫)開放資料; 下載自 https://data.fda.gov.tw/data/opendata/export/20/csv (政府資料開放平臺 data.gov.tw dataset id 8543 / TFDA opendata InfoId=20); 查詢頁 https://consumer.fda.gov.tw/Food/TFND.aspx?nodeID=178 ; 整合編號=D0600101 (樣品基本資料)
水果類,紅龍果(白肉),"火龍果,仙蜜果",Pitaya; Dragon fruit,D0700101,51.0,0.9,0.4,12.4,衛生福利部食品藥物管理署 台灣食品成分資料庫(食品營養成分資料庫)開放資料; 下載自 https://data.fda.gov.tw/data/opendata/export/20/csv (政府資料開放平臺 data.gov.tw dataset id 8543 / TFDA opendata InfoId=20); 查詢頁 https://consumer.fda.gov.tw/Food/TFND.aspx?nodeID=178 ; 整合編號=D0700101 (樣品基本資料)
水果類,紅龍果(紅肉),"火龍果,仙蜜果",Pitaya; Dragon fruit,D0700201,50.0,1.1,0.2,12.3,衛生福利部食品藥物管理署 台灣食品成分資料庫(食品營養成分資料庫)開放資料; 下載自 https://data.fda.gov.tw/data/opendata/export/20/csv (政府資料開放平臺 data.gov.tw dataset id 8543 / TFDA opendata InfoId=20); 查詢頁 https://consumer.fda.gov.tw/Food/TFND.aspx?nodeID=178 ; 整合編號=D0700201 (樣品基本資料)
水果類,北蕉平均值,"香蕉,芎蕉,弓蕉,甘蕉",Banana,D08001,85.0,1.5,0.1,22.1,衛生福利部食品藥物管理署 台灣食品成分資料庫(食品營養成分資料庫)開放資料; 下載自 https://data.fda.gov.tw/data/opendata/export/20/csv (政府資料開放平臺 data.gov.tw dataset id 8543 / TFDA opendata InfoId=20); 查詢頁 https://consumer.fda.gov.tw/Food/TFND.aspx?nodeID=178 ; 整合編號=D08001 (樣品平均值)
水果類,北蕉(2月取樣),"香蕉,芎蕉,弓蕉,甘蕉",Banana,D0800101,93.0,1.3,0.0,24.6,衛生福利部食品藥物管理署 台灣食品成分資料庫(食品營養成分資料庫)開放資料; 下載自 https://data.fda.gov.tw/data/opendata/export/20/csv (政府資料開放平臺 data.gov.tw dataset id 8543 / TFDA opendata InfoId=20); 查詢頁 https://consumer.fda.gov.tw/Food/TFND.aspx?nodeID=178 ; 整合編號=D0800101 (樣品基本資料)
水果類,北蕉(5月取樣),"香蕉,芎蕉,弓蕉,甘蕉",Banana,D0800102,92.0,1.6,0.2,23.7,衛生福利部食品藥物管理署 台灣食品成分資料庫(食品營養成分資料庫)開放資料; 下載自 https://data.fda.gov.tw/data/opendata/export/20/csv (政府資料開放平臺 data.gov.tw dataset id 8543 / TFDA opendata InfoId=20); 查詢頁 https://consumer.fda.gov.tw/Food/TFND.aspx?nodeID=178 ; 整合編號=D0800102 (樣品基本資料)
水果類,北蕉(9月取樣),"香蕉,芎蕉,弓蕉,甘蕉",Banana,D0800103,65.0,1.3,0.0,16.6,衛生福利部食品藥物管理署 台灣食品成分資料庫(食品營養成分資料庫)開放資料; 下載自 https://data.fda.gov.tw/data/opendata/export/20/csv (政府資料開放平臺 data.gov.tw dataset id 8543 / TFDA opendata InfoId=20); 查詢頁 https://consumer.fda.gov.tw/Food/TFND.aspx?nodeID=178 ; 整合編號=D0800103 (樣品基本資料)
水果類,北蕉(11月取樣),"香蕉,芎蕉,弓蕉,甘蕉",Banana,D0800104,90.0,1.6,0.1,23.4,衛生福利部食品藥物管理署 台灣食品成分資料庫(食品營養成分資料庫)開放資料; 下載自 https://data.fda.gov.tw/data/opendata/export/20/csv (政府資料開放平臺 data.gov.tw dataset id 8543 / TFDA opendata InfoId=20); 查詢頁 https://consumer.fda.gov.tw/Food/TFND.aspx?nodeID=178 ; 整合編號=D0800104 (樣品基本資料)
水果類,"北蕉(0天,綠皮)","香蕉,芎蕉,弓蕉,甘蕉",Banana,D0800201,90.0,1.3,0.3,23.3,衛生福利部食品藥物管理署 台灣食品成分資料庫(食品營養成分資料庫)開放資料; 下載自 https://data.fda.gov.tw/data/opendata/export/20/csv (政府資料開放平臺 data.gov.tw dataset id 8543 / TFDA opendata InfoId=20); 查詢頁 https://consumer.fda.gov.tw/Food/TFND.aspx?nodeID=178 ; 整合編號=D0800201 (樣品基本資料)
水果類,北蕉(1天),"香蕉,芎蕉,弓蕉,甘蕉",Banana,D0800301,87.0,1.4,0.3,22.2,衛生福利部食品藥物管理署 台灣食品成分資料庫(食品營養成分資料庫)開放資料; 下載自 https://data.fda.gov.tw/data/opendata/export/20/csv (政府資料開放平臺 data.gov.tw dataset id 8543 / TFDA opendata InfoId=20); 查詢頁 https://consumer.fda.gov.tw/Food/TFND.aspx?nodeID=178 ; 整合編號=D0800301 (樣品基本資料)
水果類,北蕉(3天),"香蕉,芎蕉,弓蕉,甘蕉",Banana,D0800401,84.0,1.4,0.3,21.3,衛生福利部食品藥物管理署 台灣食品成分資料庫(食品營養成分資料庫)開放資料; 下載自 https://data.fda.gov.tw/data/opendata/export/20/csv (政府資料開放平臺 data.gov.tw dataset id 8543 / TFDA opendata InfoId=20); 查詢頁 https://consumer.fda.gov.tw/Food/TFND.aspx?nodeID=178 ; 整合編號=D0800401 (樣品基本資料)
水果類,北蕉(7天),"香蕉,芎蕉,弓蕉,甘蕉",Banana,D0800501,68.0,1.3,0.2,17.1,衛生福利部食品藥物管理署 台灣食品成分資料庫(食品營養成分資料庫)開放資料; 下載自 https://data.fda.gov.tw/data/opendata/export/20/csv (政府資料開放平臺 data.gov.tw dataset id 8543 / TFDA opendata InfoId=20); 查詢頁 https://consumer.fda.gov.tw/Food/TFND.aspx?nodeID=178 ; 整合編號=D0800501 (樣品基本資料)
水果類,李林蕉(2007年取樣),"香蕉,芎蕉,弓蕉,甘蕉(牛角蕉,佛手蕉,美人蕉,樹蕉)",,D0800601,102.0,1.4,0.3,26.3,衛生福利部食品藥物管理署 台灣食品成分資料庫(食品營養成分資料庫)開放資料; 下載自 https://data.fda.gov.tw/data/opendata/export/20/csv (政府資料開放平臺 data.gov.tw dataset id 8543 / TFDA opendata InfoId=20); 查詢頁 https://consumer.fda.gov.tw/Food/TFND.aspx?nodeID=178 ; 整合編號=D0800601 (樣品基本資料)
水果類,李林蕉(2012年取樣),"香蕉,芎蕉,弓蕉,甘蕉(牛角蕉,佛手蕉,美人蕉,樹蕉)",,D0800602,111.0,1.5,0.1,29.2,衛生福利部食品藥物管理署 台灣食品成分資料庫(食品營養成分資料庫)開放資料; 下載自 https://data.fda.gov.tw/data/opendata/export/20/csv (政府資料開放平臺 data.gov.tw dataset id 8543 / TFDA opendata InfoId=20); 查詢頁 https://consumer.fda.gov.tw/Food/TFND.aspx?nodeID=178 ; 整合編號=D0800602 (樣品基本資料)
水果類,南華蕉,"香蕉,芎蕉,弓蕉,甘蕉(芭蕉)",Plantain,D0800701,124.0,1.1,0.1,33.2,衛生福利部食品藥物管理署 台灣食品成分資料庫(食品營養成分資料庫)開放資料; 下載自 https://data.fda.gov.tw/data/opendata/export/20/csv (政府資料開放平臺 data.gov.tw dataset id 8543 / TFDA opendata InfoId=20); 查詢頁 https://consumer.fda.gov.tw/Food/TFND.aspx?nodeID=178 ; 整合編號=D0800701 (樣品基本資料)
水果類,紅皮蕉(2004年取樣),"香蕉,芎蕉,弓蕉,甘蕉,蘋果蕉",Banana; ,D0800801,93.0,1.3,0.3,24.0,衛生福利部食品藥物管理署 台灣食品成分資料庫(食品營養成分資料庫)開放資料; 下載自 https://data.fda.gov.tw/data/opendata/export/20/csv (政府資料開放平臺 data.gov.tw dataset id 8543 / TFDA opendata InfoId=20); 查詢頁 https://consumer.fda.gov.tw/Food/TFND.aspx?nodeID=178 ; 整合編號=D0800801 (樣品基本資料)
水果類,紅皮蕉(2012年取樣),"香蕉,芎蕉,弓蕉,甘蕉,蘋果蕉",banana,D0800802,98.0,1.3,0.2,25.5,衛生福利部食品藥物管理署 台灣食品成分資料庫(食品營養成分資料庫)開放資料; 下載自 https://data.fda.gov.tw/data/opendata/export/20/csv (政府資料開放平臺 data.gov.tw dataset id 8543 / TFDA opendata InfoId=20); 查詢頁 https://consumer.fda.gov.tw/Food/TFND.aspx?nodeID=178 ; 整合編號=D0800802 (樣品基本資料)
水果類,蛋蕉(2023年取樣),"旦蕉, 一口蕉","Banana,Kluai Khai(泰)",D0801101,87.0,1.1,0.0,23.3,衛生福利部食品藥物管理署 台灣食品成分資料庫(食品營養成分資料庫)開放資料; 下載自 https://data.fda.gov.tw/data/opendata/export/20/csv (政府資料開放平臺 data.gov.tw dataset id 8543 / TFDA opendata InfoId=20); 查詢頁 https://consumer.fda.gov.tw/Food/TFND.aspx?nodeID=178 ; 整合編號=D0801101 (樣品基本資料)
水果類,酪梨(綠皮),"牛油果(梨),黃油果(梨),油梨,鰐(鱷)梨,幸福果,樂天果",Avocado; Aligator-pear; Avocado pear,D0900101,65.0,1.6,3.7,7.9,衛生福利部食品藥物管理署 台灣食品成分資料庫(食品營養成分資料庫)開放資料; 下載自 https://data.fda.gov.tw/data/opendata/export/20/csv (政府資料開放平臺 data.gov.tw dataset id 8543 / TFDA opendata InfoId=20); 查詢頁 https://consumer.fda.gov.tw/Food/TFND.aspx?nodeID=178 ; 整合編號=D0900101 (樣品基本資料)
水果類,酪梨(室溫存放0天),"牛油果(梨),黃油果(梨),油梨,鰐(鱷)梨,幸福果,樂天果",Avocado; Aligator-pear; Avocado pear,D0900201,80.0,1.5,5.9,7.1,衛生福利部食品藥物管理署 台灣食品成分資料庫(食品營養成分資料庫)開放資料; 下載自 https://data.fda.gov.tw/data/opendata/export/20/csv (政府資料開放平臺 data.gov.tw dataset id 8543 / TFDA opendata InfoId=20); 查詢頁 https://consumer.fda.gov.tw/Food/TFND.aspx?nodeID=178 ; 整合編號=D0900201 (樣品基本資料)
水果類,酪梨(室溫存放3天),"牛油果(梨),黃油果(梨),油梨,鰐(鱷)梨,幸福果,樂天果",Avocado; Aligator-pear; Avocado pear,D0900301,84.0,1.4,6.8,6.3,衛生福利部食品藥物管理署 台灣食品成分資料庫(食品營養成分資料庫)開放資料; 下載自 https://data.fda.gov.tw/data/opendata/export/20/csv (政府資料開放平臺 data.gov.tw dataset id 8543 / TFDA opendata InfoId=20); 查詢頁 https://consumer.fda.gov.tw/Food/TFND.aspx?nodeID=178 ; 整合編號=D0900301 (樣品基本資料)
水果類,酪梨(室溫存放6天),"牛油果(梨),黃油果(梨),油梨,鰐(鱷)梨,幸福果,樂天果",Avocado; Aligator-pear; Avocado pear,D0900401,92.0,1.5,7.6,6.6,衛生福利部食品藥物管理署 台灣食品成分資料庫(食品營養成分資料庫)開放資料; 下載自 https://data.fda.gov.tw/data/opendata/export/20/csv (政府資料開放平臺 data.gov.tw dataset id 8543 / TFDA opendata InfoId=20); 查詢頁 https://consumer.fda.gov.tw/Food/TFND.aspx?nodeID=178 ; 整合編號=D0900401 (樣品基本資料)
水果類,榴槤,"榴蓮,流連,山韶子",Durian,D1000101,132.0,2.7,1.9,29.7,衛生福利部食品藥物管理署 台灣食品成分資料庫(食品營養成分資料庫)開放資料; 下載自 https://data.fda.gov.tw/data/opendata/export/20/csv (政府資料開放平臺 data.gov.tw dataset id 8543 / TFDA opendata InfoId=20); 查詢頁 https://consumer.fda.gov.tw/Food/TFND.aspx?nodeID=178 ; 整合編號=D1000101 (樣品基本資料)
水果類,開英種1號鳳梨,"旺來,波羅,黃萊,黃梨,王萊(開英種1號,1號仔,突目仔)",Pineapple,D1100101,56.0,0.6,0.2,14.5,衛生福利部食品藥物管理署 台灣食品成分資料庫(食品營養成分資料庫)開放資料; 下載自 https://data.fda.gov.tw/data/opendata/export/20/csv (政府資料開放平臺 data.gov.tw dataset id 8543 / TFDA opendata InfoId=20); 查詢頁 https://consumer.fda.gov.tw/Food/TFND.aspx?nodeID=178 ; 整合編號=D1100101 (樣品基本資料)
水果類,鳳梨平均值(雜交種),"鳳梨,旺來,波羅,黃萊,黃梨,王萊",Pineapple,D11002,53.0,0.7,0.1,13.6,衛生福利部食品藥物管理署 台灣食品成分資料庫(食品營養成分資料庫)開放資料; 下載自 https://data.fda.gov.tw/data/opendata/export/20/csv (政府資料開放平臺 data.gov.tw dataset id 8543 / TFDA opendata InfoId=20); 查詢頁 https://consumer.fda.gov.tw/Food/TFND.aspx?nodeID=178 ; 整合編號=D11002 (樣品平均值)
水果類,甘蔗鳳梨,"旺來,波羅,黃萊,黃梨,王萊(台農13號,冬蜜鳳梨)",Pineapple,D1100201,57.0,0.7,0.1,15.1,衛生福利部食品藥物管理署 台灣食品成分資料庫(食品營養成分資料庫)開放資料; 下載自 https://data.fda.gov.tw/data/opendata/export/20/csv (政府資料開放平臺 data.gov.tw dataset id 8543 / TFDA opendata InfoId=20); 查詢頁 https://consumer.fda.gov.tw/Food/TFND.aspx?nodeID=178 ; 整合編號=D1100201 (樣品基本資料)
水果類,甜蜜蜜鳳梨,"旺來,波羅,黃萊,黃梨,王萊(台農16號)",Pineapple,D1100202,42.0,1.0,0.1,10.6,衛生福利部食品藥物管理署 台灣食品成分資料庫(食品營養成分資料庫)開放資料; 下載自 https://data.fda.gov.tw/data/opendata/export/20/csv (政府資料開放平臺 data.gov.tw dataset id 8543 / TFDA opendata InfoId=20); 查詢頁 https://consumer.fda.gov.tw/Food/TFND.aspx?nodeID=178 ; 整合編號=D1100202 (樣品基本資料)
水果類,金鑽鳳梨,"旺來,波羅,黃萊,黃梨,王萊(台農17號,春蜜鳳梨)",Pineapple,D1100203,50.0,0.5,0.1,13.2,衛生福利部食品藥物管理署 台灣食品成分資料庫(食品營養成分資料庫)開放資料; 下載自 https://data.fda.gov.tw/data/opendata/export/20/csv (政府資料開放平臺 data.gov.tw dataset id 8543 / TFDA opendata InfoId=20); 查詢頁 https://consumer.fda.gov.tw/Food/TFND.aspx?nodeID=178 ; 整合編號=D1100203 (樣品基本資料)
水果類,牛奶鳳梨,"旺來,波羅,黃萊,黃梨,王萊(台農20號)",Pineapple,D1100204,60.0,0.8,0.3,15.4,衛生福利部食品藥物管理署 台灣食品成分資料庫(食品營養成分資料庫)開放資料; 下載自 https://data.fda.gov.tw/data/opendata/export/20/csv (政府資料開放平臺 data.gov.tw dataset id 8543 / TFDA opendata InfoId=20); 查詢頁 https://consumer.fda.gov.tw/Food/TFND.aspx?nodeID=178 ; 整合編號=D1100204 (樣品基本資料)
水果類,釋迦,"番荔枝,釋迦果,佛頭果,番梨",Sugar apple; Sweet sop; Custard apple; ,D1200101,104.0,2.2,0.1,26.6,衛生福利部食品藥物管理署 台灣食品成分資料庫(食品營養成分資料庫)開放資料; 下載自 https://data.fda.gov.tw/data/opendata/export/20/csv (政府資料開放平臺 data.gov.tw dataset id 8543 / TFDA opendata InfoId=20); 查詢頁 https://consumer.fda.gov.tw/Food/TFND.aspx?nodeID=178 ; 整合編號=D1200101 (樣品基本資料)
水果類,鳳梨釋迦,"旺來釋迦,奇美釋迦,蜜釋迦",Atemoya; custard apple,D1200201,102.0,1.5,0.4,26.0,衛生福利部食品藥物管理署 台灣食品成分資料庫(食品營養成分資料庫)開放資料; 下載自 https://data.fda.gov.tw/data/opendata/export/20/csv (政府資料開放平臺 data.gov.tw dataset id 8543 / TFDA opendata InfoId=20); 查詢頁 https://consumer.fda.gov.tw/Food/TFND.aspx?nodeID=178 ; 整合編號=D1200201 (樣品基本資料)
水果類,桑葚,"桑果,桑葚兒",Mulberry,D1300101,32.0,1.1,0.4,7.0,衛生福利部食品藥物管理署 台灣食品成分資料庫(食品營養成分資料庫)開放資料; 下載自 https://data.fda.gov.tw/data/opendata/export/20/csv (政府資料開放平臺 data.gov.tw dataset id 8543 / TFDA opendata InfoId=20); 查詢頁 https://consumer.fda.gov.tw/Food/TFND.aspx?nodeID=178 ; 整合編號=D1300101 (樣品基本資料)
水果類,桑葚汁,"桑果,桑葚兒",Mulberry juice,D1330101,25.0,0.8,0.2,5.9,衛生福利部食品藥物管理署 台灣食品成分資料庫(食品營養成分資料庫)開放資料; 下載自 https://data.fda.gov.tw/data/opendata/export/20/csv (政府資料開放平臺 data.gov.tw dataset id 8543 / TFDA opendata InfoId=20); 查詢頁 https://consumer.fda.gov.tw/Food/TFND.aspx?nodeID=178 ; 整合編號=D1330101 (樣品基本資料)
水果類,草莓,,Strawberry,D1400101,39.0,1.0,0.2,9.3,衛生福利部食品藥物管理署 台灣食品成分資料庫(食品營養成分資料庫)開放資料; 下載自 https://data.fda.gov.tw/data/opendata/export/20/csv (政府資料開放平臺 data.gov.tw dataset id 8543 / TFDA opendata InfoId=20); 查詢頁 https://consumer.fda.gov.tw/Food/TFND.aspx?nodeID=178 ; 整合編號=D1400101 (樣品基本資料)
水果類,土芭樂,"番石榴,芭樂,拔仔,扒仔,朳仔,那拔仔,藍拔",Guava,D1500101,39.0,0.7,0.1,10.0,衛生福利部食品藥物管理署 台灣食品成分資料庫(食品營養成分資料庫)開放資料; 下載自 https://data.fda.gov.tw/data/opendata/export/20/csv (政府資料開放平臺 data.gov.tw dataset id 8543 / TFDA opendata InfoId=20); 查詢頁 https://consumer.fda.gov.tw/Food/TFND.aspx?nodeID=178 ; 整合編號=D1500101 (樣品基本資料)
水果類,芭樂平均值(白肉),"番石榴,芭樂,拔仔,扒仔,朳仔,那拔仔,藍拔",Guava,D15002,40.0,0.7,0.1,10.2,衛生福利部食品藥物管理署 台灣食品成分資料庫(食品營養成分資料庫)開放資料; 下載自 https://data.fda.gov.tw/data/opendata/export/20/csv (政府資料開放平臺 data.gov.tw dataset id 8543 / TFDA opendata InfoId=20); 查詢頁 https://consumer.fda.gov.tw/Food/TFND.aspx?nodeID=178 ; 整合編號=D15002 (樣品平均值)
水果類,番石榴(珍珠拔)(有機),"牛乳芭樂,牛奶芭樂,芭樂,拔仔,扒仔,朳仔,那拔仔,藍拔",Guavas,D1500201,40.0,0.6,0.1,10.4,衛生福利部食品藥物管理署 台灣食品成分資料庫(食品營養成分資料庫)開放資料; 下載自 https://data.fda.gov.tw/data/opendata/export/20/csv (政府資料開放平臺 data.gov.tw dataset id 8543 / TFDA opendata InfoId=20); 查詢頁 https://consumer.fda.gov.tw/Food/TFND.aspx?nodeID=178 ; 整合編號=D1500201 (樣品基本資料)
水果類,世紀芭樂,"番石榴,芭樂,拔仔,扒仔,朳仔,那拔仔,藍拔",Guava,D1500202,40.0,0.7,0.1,10.3,衛生福利部食品藥物管理署 台灣食品成分資料庫(食品營養成分資料庫)開放資料; 下載自 https://data.fda.gov.tw/data/opendata/export/20/csv (政府資料開放平臺 data.gov.tw dataset id 8543 / TFDA opendata InfoId=20); 查詢頁 https://consumer.fda.gov.tw/Food/TFND.aspx?nodeID=178 ; 整合編號=D1500202 (樣品基本資料)
水果類,珍珠芭樂,"番石榴,芭樂,拔仔,扒仔,朳仔,那拔仔,藍拔",Guava,D1500203,42.0,0.7,0.2,10.6,衛生福利部食品藥物管理署 台灣食品成分資料庫(食品營養成分資料庫)開放資料; 下載自 https://data.fda.gov.tw/data/opendata/export/20/csv (政府資料開放平臺 data.gov.tw dataset id 8543 / TFDA opendata InfoId=20); 查詢頁 https://consumer.fda.gov.tw/Food/TFND.aspx?nodeID=178 ; 整合編號=D1500203 (樣品基本資料)
水果類,泰國芭樂,"番石榴,芭樂,拔仔,扒仔,朳仔,那拔仔,藍拔",Thailand guava,D1500204,38.0,0.8,0.1,9.7,衛生福利部食品藥物管理署 台灣食品成分資料庫(食品營養成分資料庫)開放資料; 下載自 https://data.fda.gov.tw/data/opendata/export/20/csv (政府資料開放平臺 data.gov.tw dataset id 8543 / TFDA opendata InfoId=20); 查詢頁 https://consumer.fda.gov.tw/Food/TFND.aspx?nodeID=178 ; 整合編號=D1500204 (樣品基本資料)
水果類,無子芭樂,"番石榴,芭樂,拔仔,扒仔,朳仔,那拔仔,藍拔",Guava: seedless,D1500205,33.0,0.7,0.0,8.6,衛生福利部食品藥物管理署 台灣食品成分資料庫(食品營養成分資料庫)開放資料; 下載自 https://data.fda.gov.tw/data/opendata/export/20/csv (政府資料開放平臺 data.gov.tw dataset id 8543 / TFDA opendata InfoId=20); 查詢頁 https://consumer.fda.gov.tw/Food/TFND.aspx?nodeID=178 ; 整合編號=D1500205 (樣品基本資料)
水果類,紅心芭樂,"番石榴,芭樂,拔仔,扒仔,朳仔,那拔仔,藍拔",Guava,D1500301,42.0,0.8,0.1,10.7,衛生福利部食品藥物管理署 台灣食品成分資料庫(食品營養成分資料庫)開放資料; 下載自 https://data.fda.gov.tw/data/opendata/export/20/csv (政府資料開放平臺 data.gov.tw dataset id 8543 / TFDA opendata InfoId=20); 查詢頁 https://consumer.fda.gov.tw/Food/TFND.aspx?nodeID=178 ; 整合編號=D1500301 (樣品基本資料)
水果類,楊桃平均值,"羊桃,洋桃,陽桃,五稜子,五斂子",Star fruit; Carambola,D16001,32.0,0.5,0.1,8.2,衛生福利部食品藥物管理署 台灣食品成分資料庫(食品營養成分資料庫)開放資料; 下載自 https://data.fda.gov.tw/data/opendata/export/20/csv (政府資料開放平臺 data.gov.tw dataset id 8543 / TFDA opendata InfoId=20); 查詢頁 https://consumer.fda.gov.tw/Food/TFND.aspx?nodeID=178 ; 整合編號=D16001 (樣品平均值)
水果類,楊桃(2月取樣),"羊桃,洋桃,陽桃,五稜子,五斂子",Star fruit; Carambola,D1600101,29.0,0.4,0.1,7.6,衛生福利部食品藥物管理署 台灣食品成分資料庫(食品營養成分資料庫)開放資料; 下載自 https://data.fda.gov.tw/data/opendata/export/20/csv (政府資料開放平臺 data.gov.tw dataset id 8543 / TFDA opendata InfoId=20); 查詢頁 https://consumer.fda.gov.tw/Food/TFND.aspx?nodeID=178 ; 整合編號=D1600101 (樣品基本資料)
水果類,楊桃(4月取樣),"羊桃,洋桃,陽桃,五稜子,五斂子",Star fruit; Carambola,D1600102,32.0,0.7,0.1,8.1,衛生福利部食品藥物管理署 台灣食品成分資料庫(食品營養成分資料庫)開放資料; 下載自 https://data.fda.gov.tw/data/opendata/export/20/csv (政府資料開放平臺 data.gov.tw dataset id 8543 / TFDA opendata InfoId=20); 查詢頁 https://consumer.fda.gov.tw/Food/TFND.aspx?nodeID=178 ; 整合編號=D1600102 (樣品基本資料)
水果類,楊桃(5月取樣),"羊桃,洋桃,陽桃,五稜子,五斂子",Star fruit; Carambola,D1600103,34.0,0.6,0.1,8.7,衛生福利部食品藥物管理署 台灣食品成分資料庫(食品營養成分資料庫)開放資料; 下載自 https://data.fda.gov.tw/data/opendata/export/20/csv (政府資料開放平臺 data.gov.tw dataset id 8543 / TFDA opendata InfoId=20); 查詢頁 https://consumer.fda.gov.tw/Food/TFND.aspx?nodeID=178 ; 整合編號=D1600103 (樣品基本資料)
水果類,楊桃(9月取樣),"羊桃,洋桃,陽桃,五稜子,五斂子",Star fruit; Carambola,D1600104,33.0,0.5,0.0,8.8,衛生福利部食品藥物管理署 台灣食品成分資料庫(食品營養成分資料庫)開放資料; 下載自 https://data.fda.gov.tw/data/opendata/export/20/csv (政府資料開放平臺 data.gov.tw dataset id 8543 / TFDA opendata InfoId=20); 查詢頁 https://consumer.fda.gov.tw/Food/TFND.aspx?nodeID=178 ; 整合編號=D1600104 (樣品基本資料)
水果類,楊桃(11月取樣),"羊桃,洋桃,陽桃,五稜子,五斂子",Star fruit; Carambola,D1600105,31.0,0.4,0.0,8.0,衛生福利部食品藥物管理署 台灣食品成分資料庫(食品營養成分資料庫)開放資料; 下載自 https://data.fda.gov.tw/data/opendata/export/20/csv (政府資料開放平臺 data.gov.tw dataset id 8543 / TFDA opendata InfoId=20); 查詢頁 https://consumer.fda.gov.tw/Food/TFND.aspx?nodeID=178 ; 整合編號=D1600105 (樣品基本資料)
水果類,美國紅葡萄,"蒲桃,蒲萄,草龍珠,蒲陶,葡桃",Grape,D1700101,69.0,0.4,0.4,17.7,衛生福利部食品藥物管理署 台灣食品成分資料庫(食品營養成分資料庫)開放資料; 下載自 https://data.fda.gov.tw/data/opendata/export/20/csv (政府資料開放平臺 data.gov.tw dataset id 8543 / TFDA opendata InfoId=20); 查詢頁 https://consumer.fda.gov.tw/Food/TFND.aspx?nodeID=178 ; 整合編號=D1700101 (樣品基本資料)
水果類,巨峰葡萄,"蒲桃,蒲萄,草龍珠,蒲陶,葡桃",Grape,D1700201,64.0,0.5,0.3,16.6,衛生福利部食品藥物管理署 台灣食品成分資料庫(食品營養成分資料庫)開放資料; 下載自 https://data.fda.gov.tw/data/opendata/export/20/csv (政府資料開放平臺 data.gov.tw dataset id 8543 / TFDA opendata InfoId=20); 查詢頁 https://consumer.fda.gov.tw/Food/TFND.aspx?nodeID=178 ; 整合編號=D1700201 (樣品基本資料)
水果類,綠葡萄平均值,"葡萄,蒲桃,蒲萄,草龍珠,蒲陶,葡桃",Grape,D17003,58.0,0.5,0.2,15.3,衛生福利部食品藥物管理署 台灣食品成分資料庫(食品營養成分資料庫)開放資料; 下載自 https://data.fda.gov.tw/data/opendata/export/20/csv (政府資料開放平臺 data.gov.tw dataset id 8543 / TFDA opendata InfoId=20); 查詢頁 https://consumer.fda.gov.tw/Food/TFND.aspx?nodeID=178 ; 整合編號=D17003 (樣品平均值)
水果類,美國綠葡萄,"蒲桃,蒲萄,草龍珠,蒲陶,葡桃(青葡萄,白葡萄)",Grape,D1700301,64.0,0.5,0.2,16.8,衛生福利部食品藥物管理署 台灣食品成分資料庫(食品營養成分資料庫)開放資料; 下載自 https://data.fda.gov.tw/data/opendata/export/20/csv (政府資料開放平臺 data.gov.tw dataset id 8543 / TFDA opendata InfoId=20); 查詢頁 https://consumer.fda.gov.tw/Food/TFND.aspx?nodeID=178 ; 整合編號=D1700301 (樣品基本資料)
水果類,意大利葡萄,"蒲桃,蒲萄,草龍珠,蒲陶,葡桃",Grape,D1700302,52.0,0.5,0.1,13.7,衛生福利部食品藥物管理署 台灣食品成分資料庫(食品營養成分資料庫)開放資料; 下載自 https://data.fda.gov.tw/data/opendata/export/20/csv (政府資料開放平臺 data.gov.tw dataset id 8543 / TFDA opendata InfoId=20); 查詢頁 https://consumer.fda.gov.tw/Food/TFND.aspx?nodeID=178 ; 整合編號=D1700302 (樣品基本資料)
水果類,美國紅葡萄(含皮),"蒲桃,蒲萄,草龍珠,蒲陶,葡桃",Grape,D1700401,61.0,0.4,0.1,16.3,衛生福利部食品藥物管理署 台灣食品成分資料庫(食品營養成分資料庫)開放資料; 下載自 https://data.fda.gov.tw/data/opendata/export/20/csv (政府資料開放平臺 data.gov.tw dataset id 8543 / TFDA opendata InfoId=20); 查詢頁 https://consumer.fda.gov.tw/Food/TFND.aspx?nodeID=178 ; 整合編號=D1700401 (樣品基本資料)
水果類,美國紫葡萄(含皮),"蒲桃,蒲萄,草龍珠,蒲陶,葡桃",Grape,D1700501,80.0,0.4,0.0,21.9,衛生福利部食品藥物管理署 台灣食品成分資料庫(食品營養成分資料庫)開放資料; 下載自 https://data.fda.gov.tw/data/opendata/export/20/csv (政府資料開放平臺 data.gov.tw dataset id 8543 / TFDA opendata InfoId=20); 查詢頁 https://consumer.fda.gov.tw/Food/TFND.aspx?nodeID=178 ; 整合編號=D1700501 (樣品基本資料)
水果類,美國黑葡萄(含皮),"蒲桃,蒲萄,草龍珠,蒲陶,葡桃",Grape,D1700601,63.0,0.6,0.2,16.4,衛生福利部食品藥物管理署 台灣食品成分資料庫(食品營養成分資料庫)開放資料; 下載自 https://data.fda.gov.tw/data/opendata/export/20/csv (政府資料開放平臺 data.gov.tw dataset id 8543 / TFDA opendata InfoId=20); 查詢頁 https://consumer.fda.gov.tw/Food/TFND.aspx?nodeID=178 ; 整合編號=D1700601 (樣品基本資料)
水果類,美國綠葡萄(含皮),"蒲桃,蒲萄,草龍珠,蒲陶,葡桃(青葡萄,白葡萄)",Grape,D1700701,87.0,0.6,0.4,22.7,衛生福利部食品藥物管理署 台灣食品成分資料庫(食品營養成分資料庫)開放資料; 下載自 https://data.fda.gov.tw/data/opendata/export/20/csv (政府資料開放平臺 data.gov.tw dataset id 8543 / TFDA opendata InfoId=20); 查詢頁 https://consumer.fda.gov.tw/Food/TFND.aspx?nodeID=178 ; 整合編號=D1700701 (樣品基本資料)
水果類,無子紅葡萄(含皮),"蒲桃,蒲萄,草龍珠,蒲陶,葡桃",Grape,D1700801,72.0,0.5,0.1,19.2,衛生福利部食品藥物管理署 台灣食品成分資料庫(食品營養成分資料庫)開放資料; 下載自 https://data.fda.gov.tw/data/opendata/export/20/csv (政府資料開放平臺 data.gov.tw dataset id 8543 / TFDA opendata InfoId=20); 查詢頁 https://consumer.fda.gov.tw/Food/TFND.aspx?nodeID=178 ; 整合編號=D1700801 (樣品基本資料)
水果類,黑美人葡萄(含皮),"蒲桃,蒲萄,草龍珠,蒲陶,葡桃",Grape,D1700901,66.0,0.5,0.1,17.4,衛生福利部食品藥物管理署 台灣食品成分資料庫(食品營養成分資料庫)開放資料; 下載自 https://data.fda.gov.tw/data/opendata/export/20/csv (政府資料開放平臺 data.gov.tw dataset id 8543 / TFDA opendata InfoId=20); 查詢頁 https://consumer.fda.gov.tw/Food/TFND.aspx?nodeID=178 ; 整合編號=D1700901 (樣品基本資料)
水果類,金香葡萄(含皮),"蒲桃,蒲萄,草龍珠,蒲陶,葡桃",Grape,D1701001,60.0,0.6,0.1,16.0,衛生福利部食品藥物管理署 台灣食品成分資料庫(食品營養成分資料庫)開放資料; 下載自 https://data.fda.gov.tw/data/opendata/export/20/csv (政府資料開放平臺 data.gov.tw dataset id 8543 / TFDA opendata InfoId=20); 查詢頁 https://consumer.fda.gov.tw/Food/TFND.aspx?nodeID=178 ; 整合編號=D1701001 (樣品基本資料)
水果類,葡萄乾,,Raisin,D1710101,306.0,3.2,1.5,78.7,衛生福利部食品藥物管理署 台灣食品成分資料庫(食品營養成分資料庫)開放資料; 下載自 https://data.fda.gov.tw/data/opendata/export/20/csv (政府資料開放平臺 data.gov.tw dataset id 8543 / TFDA opendata InfoId=20); 查詢頁 https://consumer.fda.gov.tw/Food/TFND.aspx?nodeID=178 ; 整合編號=D1710101 (樣品基本資料)
水果類,蓮霧平均值(粉紅色種),"璉霧,輦霧,洋蒲桃",Wax(Java) apple; Wax gambuor; Wax jumbo;Bell fruit,D18001,39.0,0.4,0.3,10.0,衛生福利部食品藥物管理署 台灣食品成分資料庫(食品營養成分資料庫)開放資料; 下載自 https://data.fda.gov.tw/data/opendata/export/20/csv (政府資料開放平臺 data.gov.tw dataset id 8543 / TFDA opendata InfoId=20); 查詢頁 https://consumer.fda.gov.tw/Food/TFND.aspx?nodeID=178 ; 整合編號=D18001 (樣品平均值)
水果類,蓮霧(紅寶石),"璉霧,輦霧,洋蒲桃,水蓊",Wax(Java) apple; Wax gambuor; Wax jumbo;Bell fruit,D1800101,33.0,0.3,0.3,8.1,衛生福利部食品藥物管理署 台灣食品成分資料庫(食品營養成分資料庫)開放資料; 下載自 https://data.fda.gov.tw/data/opendata/export/20/csv (政府資料開放平臺 data.gov.tw dataset id 8543 / TFDA opendata InfoId=20); 查詢頁 https://consumer.fda.gov.tw/Food/TFND.aspx?nodeID=178 ; 整合編號=D1800101 (樣品基本資料)
水果類,蓮霧(黑金剛),"璉霧,輦霧,洋蒲桃,水蓊",Wax(Java) apple; Wax gambuor; Wax jumbo;Bell fruit,D1800102,34.0,0.5,0.1,8.8,衛生福利部食品藥物管理署 台灣食品成分資料庫(食品營養成分資料庫)開放資料; 下載自 https://data.fda.gov.tw/data/opendata/export/20/csv (政府資料開放平臺 data.gov.tw dataset id 8543 / TFDA opendata InfoId=20); 查詢頁 https://consumer.fda.gov.tw/Food/TFND.aspx?nodeID=178 ; 整合編號=D1800102 (樣品基本資料)
水果類,蓮霧(黑珍珠),"璉霧,輦霧,洋蒲桃,水蓊",Wax(Java) apple; Wax gambuor; Wax jumbo;Bell fruit,D1800103,51.0,0.3,0.4,13.0,衛生福利部食品藥物管理署 台灣食品成分資料庫(食品營養成分資料庫)開放資料; 下載自 https://data.fda.gov.tw/data/opendata/export/20/csv (政府資料開放平臺 data.gov.tw dataset id 8543 / TFDA opendata InfoId=20); 查詢頁 https://consumer.fda.gov.tw/Food/TFND.aspx?nodeID=178 ; 整合編號=D1800103 (樣品基本資料)
水果類,華寶大西瓜(花蓮),"水瓜,寒瓜,夏瓜",Watermelon,D1900101,33.0,0.7,0.1,8.4,衛生福利部食品藥物管理署 台灣食品成分資料庫(食品營養成分資料庫)開放資料; 下載自 https://data.fda.gov.tw/data/opendata/export/20/csv (政府資料開放平臺 data.gov.tw dataset id 8543 / TFDA opendata InfoId=20); 查詢頁 https://consumer.fda.gov.tw/Food/TFND.aspx?nodeID=178 ; 整合編號=D1900101 (樣品基本資料)
水果類,西瓜平均值(紅肉小瓜),"水瓜,寒瓜,夏瓜",Watermelon,D19002,33.0,0.8,0.1,8.0,衛生福利部食品藥物管理署 台灣食品成分資料庫(食品營養成分資料庫)開放資料; 下載自 https://data.fda.gov.tw/data/opendata/export/20/csv (政府資料開放平臺 data.gov.tw dataset id 8543 / TFDA opendata InfoId=20); 查詢頁 https://consumer.fda.gov.tw/Food/TFND.aspx?nodeID=178 ; 整合編號=D19002 (樣品平均值)
水果類,皇宮西瓜,"水瓜,寒瓜,夏瓜",Watermelon,D1900201,32.0,0.7,0.1,8.1,衛生福利部食品藥物管理署 台灣食品成分資料庫(食品營養成分資料庫)開放資料; 下載自 https://data.fda.gov.tw/data/opendata/export/20/csv (政府資料開放平臺 data.gov.tw dataset id 8543 / TFDA opendata InfoId=20); 查詢頁 https://consumer.fda.gov.tw/Food/TFND.aspx?nodeID=178 ; 整合編號=D1900201 (樣品基本資料)
水果類,紅鈴西瓜,"水瓜,寒瓜,夏瓜",Watermelon,D1900202,34.0,0.8,0.1,8.5,衛生福利部食品藥物管理署 台灣食品成分資料庫(食品營養成分資料庫)開放資料; 下載自 https://data.fda.gov.tw/data/opendata/export/20/csv (政府資料開放平臺 data.gov.tw dataset id 8543 / TFDA opendata InfoId=20); 查詢頁 https://consumer.fda.gov.tw/Food/TFND.aspx?nodeID=178 ; 整合編號=D1900202 (樣品基本資料)
水果類,黑美人西瓜,"水瓜,寒瓜,夏瓜",Watermelon,D1900203,36.0,0.9,0.1,9.1,衛生福利部食品藥物管理署 台灣食品成分資料庫(食品營養成分資料庫)開放資料; 下載自 https://data.fda.gov.tw/data/opendata/export/20/csv (政府資料開放平臺 data.gov.tw dataset id 8543 / TFDA opendata InfoId=20); 查詢頁 https://consumer.fda.gov.tw/Food/TFND.aspx?nodeID=178 ; 整合編號=D1900203 (樣品基本資料)
水果類,鳳光西瓜,"水瓜,寒瓜,夏瓜",,D1900204,27.0,0.7,0.2,6.5,衛生福利部食品藥物管理署 台灣食品成分資料庫(食品營養成分資料庫)開放資料; 下載自 https://data.fda.gov.tw/data/opendata/export/20/csv (政府資料開放平臺 data.gov.tw dataset id 8543 / TFDA opendata InfoId=20); 查詢頁 https://consumer.fda.gov.tw/Food/TFND.aspx?nodeID=178 ; 整合編號=D1900204 (樣品基本資料)
水果類,無籽西瓜,"水瓜,寒瓜,夏瓜",Watermelon,D1900301,33.0,0.9,0.0,8.2,衛生福利部食品藥物管理署 台灣食品成分資料庫(食品營養成分資料庫)開放資料; 下載自 https://data.fda.gov.tw/data/opendata/export/20/csv (政府資料開放平臺 data.gov.tw dataset id 8543 / TFDA opendata InfoId=20); 查詢頁 https://consumer.fda.gov.tw/Food/TFND.aspx?nodeID=178 ; 整合編號=D1900301 (樣品基本資料)
水果類,西瓜平均值(黃肉小瓜),"水瓜,寒瓜,夏瓜",Watermelon,D19004,29.0,0.7,0.0,7.3,衛生福利部食品藥物管理署 台灣食品成分資料庫(食品營養成分資料庫)開放資料; 下載自 https://data.fda.gov.tw/data/opendata/export/20/csv (政府資料開放平臺 data.gov.tw dataset id 8543 / TFDA opendata InfoId=20); 查詢頁 https://consumer.fda.gov.tw/Food/TFND.aspx?nodeID=178 ; 整合編號=D19004 (樣品平均值)
水果類,小玉西瓜,"水瓜,寒瓜,夏瓜",Watermelon,D1900401,34.0,0.8,0.1,8.7,衛生福利部食品藥物管理署 台灣食品成分資料庫(食品營養成分資料庫)開放資料; 下載自 https://data.fda.gov.tw/data/opendata/export/20/csv (政府資料開放平臺 data.gov.tw dataset id 8543 / TFDA opendata InfoId=20); 查詢頁 https://consumer.fda.gov.tw/Food/TFND.aspx?nodeID=178 ; 整合編號=D1900401 (樣品基本資料)
水果類,金蘭西瓜,"水瓜,寒瓜,夏瓜",Watermelon,D1900402,24.0,0.6,0.0,6.0,衛生福利部食品藥物管理署 台灣食品成分資料庫(食品營養成分資料庫)開放資料; 下載自 https://data.fda.gov.tw/data/opendata/export/20/csv (政府資料開放平臺 data.gov.tw dataset id 8543 / TFDA opendata InfoId=20); 查詢頁 https://consumer.fda.gov.tw/Food/TFND.aspx?nodeID=178 ; 整合編號=D1900402 (樣品基本資料)
水果類,嘉寶瓜,"水瓜,寒瓜,夏瓜(嘉寶兵瓜)",,D1900501,40.0,0.8,0.2,10.0,衛生福利部食品藥物管理署 台灣食品成分資料庫(食品營養成分資料庫)開放資料; 下載自 https://data.fda.gov.tw/data/opendata/export/20/csv (政府資料開放平臺 data.gov.tw dataset id 8543 / TFDA opendata InfoId=20); 查詢頁 https://consumer.fda.gov.tw/Food/TFND.aspx?nodeID=178 ; 整合編號=D1900501 (樣品基本資料)
水果類,甜瓜平均值(光皮洋香瓜),"甜瓜,甘瓜,果瓜,香瓜,梨仔瓜,澎湖瓜,洋香瓜",Melon; Cantaloupe; Honeydew melon; Maskmelon,D20001,30.0,0.9,0.1,7.2,衛生福利部食品藥物管理署 台灣食品成分資料庫(食品營養成分資料庫)開放資料; 下載自 https://data.fda.gov.tw/data/opendata/export/20/csv (政府資料開放平臺 data.gov.tw dataset id 8543 / TFDA opendata InfoId=20); 查詢頁 https://consumer.fda.gov.tw/Food/TFND.aspx?nodeID=178 ; 整合編號=D20001 (樣品平均值)
水果類,太陽洋香瓜,"甜瓜,甘瓜,果瓜,香瓜,梨仔瓜,澎湖瓜,洋香瓜",Melon; Honeydew melon; ,D2000101,32.0,1.2,0.0,7.8,衛生福利部食品藥物管理署 台灣食品成分資料庫(食品營養成分資料庫)開放資料; 下載自 https://data.fda.gov.tw/data/opendata/export/20/csv (政府資料開放平臺 data.gov.tw dataset id 8543 / TFDA opendata InfoId=20); 查詢頁 https://consumer.fda.gov.tw/Food/TFND.aspx?nodeID=178 ; 整合編號=D2000101 (樣品基本資料)
水果類,狀元瓜,"甜瓜,甘瓜,果瓜,香瓜,梨仔瓜,澎湖瓜,洋香瓜",Melon; Honeydew melon; ,D2000102,27.0,0.7,0.1,6.6,衛生福利部食品藥物管理署 台灣食品成分資料庫(食品營養成分資料庫)開放資料; 下載自 https://data.fda.gov.tw/data/opendata/export/20/csv (政府資料開放平臺 data.gov.tw dataset id 8543 / TFDA opendata InfoId=20); 查詢頁 https://consumer.fda.gov.tw/Food/TFND.aspx?nodeID=178 ; 整合編號=D2000102 (樣品基本資料)
水果類,蜜世界洋香瓜,"甜瓜,甘瓜,果瓜,香瓜,梨仔瓜,澎湖瓜,洋香瓜",Melon; Honeydew melon; ,D2000103,29.0,0.7,0.1,7.1,衛生福利部食品藥物管理署 台灣食品成分資料庫(食品營養成分資料庫)開放資料; 下載自 https://data.fda.gov.tw/data/opendata/export/20/csv (政府資料開放平臺 data.gov.tw dataset id 8543 / TFDA opendata InfoId=20); 查詢頁 https://consumer.fda.gov.tw/Food/TFND.aspx?nodeID=178 ; 整合編號=D2000103 (樣品基本資料)
水果類,甜瓜平均值(東洋系脆瓜),"甜瓜,甘瓜,果瓜,香瓜,梨仔瓜,澎湖瓜",Melon; Cantaloupe; Honeydew melon; Maskmelon,D20002,37.0,1.0,0.2,8.9,衛生福利部食品藥物管理署 台灣食品成分資料庫(食品營養成分資料庫)開放資料; 下載自 https://data.fda.gov.tw/data/opendata/export/20/csv (政府資料開放平臺 data.gov.tw dataset id 8543 / TFDA opendata InfoId=20); 查詢頁 https://consumer.fda.gov.tw/Food/TFND.aspx?nodeID=178 ; 整合編號=D20002 (樣品平均值)
水果類,美濃瓜,"甜瓜,甘瓜,果瓜,香瓜,梨仔瓜,澎湖瓜",Melon; Honeydew melon; ,D2000201,37.0,1.1,0.2,8.8,衛生福利部食品藥物管理署 台灣食品成分資料庫(食品營養成分資料庫)開放資料; 下載自 https://data.fda.gov.tw/data/opendata/export/20/csv (政府資料開放平臺 data.gov.tw dataset id 8543 / TFDA opendata InfoId=20); 查詢頁 https://consumer.fda.gov.tw/Food/TFND.aspx?nodeID=178 ; 整合編號=D2000201 (樣品基本資料)
水果類,黃香瓜,"甜瓜,甘瓜,果瓜,香瓜,梨仔瓜,澎湖瓜",Melon; Honeydew melon; ,D2000202,30.0,0.6,0.2,7.5,衛生福利部食品藥物管理署 台灣食品成分資料庫(食品營養成分資料庫)開放資料; 下載自 https://data.fda.gov.tw/data/opendata/export/20/csv (政府資料開放平臺 data.gov.tw dataset id 8543 / TFDA opendata InfoId=20); 查詢頁 https://consumer.fda.gov.tw/Food/TFND.aspx?nodeID=178 ; 整合編號=D2000202 (樣品基本資料)
水果類,嘉玉甜瓜,"甜瓜,甘瓜,果瓜,香瓜,梨仔瓜,澎湖瓜",Melon; Honeydew melon; ,D2000203,43.0,1.3,0.1,10.4,衛生福利部食品藥物管理署 台灣食品成分資料庫(食品營養成分資料庫)開放資料; 下載自 https://data.fda.gov.tw/data/opendata/export/20/csv (政府資料開放平臺 data.gov.tw dataset id 8543 / TFDA opendata InfoId=20); 查詢頁 https://consumer.fda.gov.tw/Food/TFND.aspx?nodeID=178 ; 整合編號=D2000203 (樣品基本資料)
水果類,洋香瓜(新世紀),"網仔瓜,哈密瓜",,D2000301,39.0,0.7,0.0,10.1,衛生福利部食品藥物管理署 台灣食品成分資料庫(食品營養成分資料庫)開放資料; 下載自 https://data.fda.gov.tw/data/opendata/export/20/csv (政府資料開放平臺 data.gov.tw dataset id 8543 / TFDA opendata InfoId=20); 查詢頁 https://consumer.fda.gov.tw/Food/TFND.aspx?nodeID=178 ; 整合編號=D2000301 (樣品基本資料)
水果類,新疆哈密瓜,"網仔瓜,哈密瓜",Melon; Cantaloupe;  Musk melon,D2000302,28.0,0.7,0.1,6.9,衛生福利部食品藥物管理署 台灣食品成分資料庫(食品營養成分資料庫)開放資料; 下載自 https://data.fda.gov.tw/data/opendata/export/20/csv (政府資料開放平臺 data.gov.tw dataset id 8543 / TFDA opendata InfoId=20); 查詢頁 https://consumer.fda.gov.tw/Food/TFND.aspx?nodeID=178 ; 整合編號=D2000302 (樣品基本資料)
水果類,洋香瓜(卡蜜拉),"網仔瓜,哈密瓜",Aurora melon;Muskmelon;Cantaloupe,D2000303,38.0,0.6,0.2,9.5,衛生福利部食品藥物管理署 台灣食品成分資料庫(食品營養成分資料庫)開放資料; 下載自 https://data.fda.gov.tw/data/opendata/export/20/csv (政府資料開放平臺 data.gov.tw dataset id 8543 / TFDA opendata InfoId=20); 查詢頁 https://consumer.fda.gov.tw/Food/TFND.aspx?nodeID=178 ; 整合編號=D2000303 (樣品基本資料)
水果類,甜瓜平均值(網紋洋香瓜),"甜瓜,甘瓜,果瓜,香瓜,梨仔瓜,澎湖瓜,洋香瓜,網仔瓜,哈蜜瓜",Melon; Cantaloupe; Honeydew melon; Maskmelon,D20004,37.0,0.9,0.0,9.3,衛生福利部食品藥物管理署 台灣食品成分資料庫(食品營養成分資料庫)開放資料; 下載自 https://data.fda.gov.tw/data/opendata/export/20/csv (政府資料開放平臺 data.gov.tw dataset id 8543 / TFDA opendata InfoId=20); 查詢頁 https://consumer.fda.gov.tw/Food/TFND.aspx?nodeID=178 ; 整合編號=D20004 (樣品平均值)
水果類,七股香洋香瓜,"甜瓜,甘瓜,果瓜,香瓜,梨仔瓜,澎湖瓜,洋香瓜,網仔瓜,哈蜜瓜",Melon; Honeydew melon,D2000401,40.0,0.6,0.1,10.5,衛生福利部食品藥物管理署 台灣食品成分資料庫(食品營養成分資料庫)開放資料; 下載自 https://data.fda.gov.tw/data/opendata/export/20/csv (政府資料開放平臺 data.gov.tw dataset id 8543 / TFDA opendata InfoId=20); 查詢頁 https://consumer.fda.gov.tw/Food/TFND.aspx?nodeID=178 ; 整合編號=D2000401 (樣品基本資料)
水果類,天香洋香瓜,"甜瓜,甘瓜,果瓜,香瓜,梨仔瓜,澎湖瓜,洋香瓜,網仔瓜,哈蜜瓜",Melon; Honeydew melon; ,D2000402,44.0,0.8,0.0,11.6,衛生福利部食品藥物管理署 台灣食品成分資料庫(食品營養成分資料庫)開放資料; 下載自 https://data.fda.gov.tw/data/opendata/export/20/csv (政府資料開放平臺 data.gov.tw dataset id 8543 / TFDA opendata InfoId=20); 查詢頁 https://consumer.fda.gov.tw/Food/TFND.aspx?nodeID=178 ; 整合編號=D2000402 (樣品基本資料)
水果類,秋香洋香瓜,"甜瓜,甘瓜,果瓜,香瓜,梨仔瓜,澎湖瓜,洋香瓜,網仔瓜,哈蜜瓜",Melon; Honeydew melon; ,D2000403,34.0,1.0,0.0,8.4,衛生福利部食品藥物管理署 台灣食品成分資料庫(食品營養成分資料庫)開放資料; 下載自 https://data.fda.gov.tw/data/opendata/export/20/csv (政府資料開放平臺 data.gov.tw dataset id 8543 / TFDA opendata InfoId=20); 查詢頁 https://consumer.fda.gov.tw/Food/TFND.aspx?nodeID=178 ; 整合編號=D2000403 (樣品基本資料)
水果類,紅寶石洋香瓜,"甜瓜,甘瓜,果瓜,香瓜,梨仔瓜,澎湖瓜,洋香瓜,網仔瓜,哈蜜瓜",Melon; Honeydew melon,D2000404,39.0,1.2,0.0,9.6,衛生福利部食品藥物管理署 台灣食品成分資料庫(食品營養成分資料庫)開放資料; 下載自 https://data.fda.gov.tw/data/opendata/export/20/csv (政府資料開放平臺 data.gov.tw dataset id 8543 / TFDA opendata InfoId=20); 查詢頁 https://consumer.fda.gov.tw/Food/TFND.aspx?nodeID=178 ; 整合編號=D2000404 (樣品基本資料)
水果類,香華洋香瓜,"甜瓜,甘瓜,果瓜,香瓜,梨仔瓜,澎湖瓜,洋香瓜,網仔瓜,哈蜜瓜",Melon; Honeydew melon,D2000405,30.0,0.7,0.0,7.7,衛生福利部食品藥物管理署 台灣食品成分資料庫(食品營養成分資料庫)開放資料; 下載自 https://data.fda.gov.tw/data/opendata/export/20/csv (政府資料開放平臺 data.gov.tw dataset id 8543 / TFDA opendata InfoId=20); 查詢頁 https://consumer.fda.gov.tw/Food/TFND.aspx?nodeID=178 ; 整合編號=D2000405 (樣品基本資料)
水果類,藍寶石洋香瓜,"甜瓜,甘瓜,果瓜,香瓜,梨仔瓜,澎湖瓜,洋香瓜,網仔瓜,哈蜜瓜",Melon; Honeydew melon; ,D2000406,34.0,1.1,0.0,8.2,衛生福利部食品藥物管理署 台灣食品成分資料庫(食品營養成分資料庫)開放資料; 下載自 https://data.fda.gov.tw/data/opendata/export/20/csv (政府資料開放平臺 data.gov.tw dataset id 8543 / TFDA opendata InfoId=20); 查詢頁 https://consumer.fda.gov.tw/Food/TFND.aspx?nodeID=178 ; 整合編號=D2000406 (樣品基本資料)
水果類,土芒果,"檬果,檨仔,菴羅果(柴檨,土檨仔)",Mango,D2100101,54.0,0.6,0.3,13.8,衛生福利部食品藥物管理署 台灣食品成分資料庫(食品營養成分資料庫)開放資料; 下載自 https://data.fda.gov.tw/data/opendata/export/20/csv (政府資料開放平臺 data.gov.tw dataset id 8543 / TFDA opendata InfoId=20); 查詢頁 https://consumer.fda.gov.tw/Food/TFND.aspx?nodeID=178 ; 整合編號=D2100101 (樣品基本資料)
水果類,芒果平均值(西洋種),"檬果,檨仔,菴羅果",Mango,D21002,50.0,0.6,0.2,13.0,衛生福利部食品藥物管理署 台灣食品成分資料庫(食品營養成分資料庫)開放資料; 下載自 https://data.fda.gov.tw/data/opendata/export/20/csv (政府資料開放平臺 data.gov.tw dataset id 8543 / TFDA opendata InfoId=20); 查詢頁 https://consumer.fda.gov.tw/Food/TFND.aspx?nodeID=178 ; 整合編號=D21002 (樣品平均值)
水果類,肯特芒果,"檬果,檨仔,菴羅果",Mango,D2100201,49.0,0.5,0.2,12.7,衛生福利部食品藥物管理署 台灣食品成分資料庫(食品營養成分資料庫)開放資料; 下載自 https://data.fda.gov.tw/data/opendata/export/20/csv (政府資料開放平臺 data.gov.tw dataset id 8543 / TFDA opendata InfoId=20); 查詢頁 https://consumer.fda.gov.tw/Food/TFND.aspx?nodeID=178 ; 整合編號=D2100201 (樣品基本資料)
水果類,海頓芒果,"檬果,檨仔,菴羅果",Mango,D2100202,60.0,0.4,0.2,15.7,衛生福利部食品藥物管理署 台灣食品成分資料庫(食品營養成分資料庫)開放資料; 下載自 https://data.fda.gov.tw/data/opendata/export/20/csv (政府資料開放平臺 data.gov.tw dataset id 8543 / TFDA opendata InfoId=20); 查詢頁 https://consumer.fda.gov.tw/Food/TFND.aspx?nodeID=178 ; 整合編號=D2100202 (樣品基本資料)
水果類,凱特芒果,"檬果,檨仔,菴羅果",Mango,D2100203,50.0,1.1,0.2,12.5,衛生福利部食品藥物管理署 台灣食品成分資料庫(食品營養成分資料庫)開放資料; 下載自 https://data.fda.gov.tw/data/opendata/export/20/csv (政府資料開放平臺 data.gov.tw dataset id 8543 / TFDA opendata InfoId=20); 查詢頁 https://consumer.fda.gov.tw/Food/TFND.aspx?nodeID=178 ; 整合編號=D2100203 (樣品基本資料)
水果類,愛文芒果,"檬果,檨仔,菴羅果(蘋果芒果)",Mango,D2100204,42.0,0.4,0.2,11.0,衛生福利部食品藥物管理署 台灣食品成分資料庫(食品營養成分資料庫)開放資料; 下載自 https://data.fda.gov.tw/data/opendata/export/20/csv (政府資料開放平臺 data.gov.tw dataset id 8543 / TFDA opendata InfoId=20); 查詢頁 https://consumer.fda.gov.tw/Food/TFND.aspx?nodeID=178 ; 整合編號=D2100204 (樣品基本資料)
水果類,聖心芒果,"檬果,檨仔,菴羅果",Mango,D2100205,50.0,0.5,0.2,12.9,衛生福利部食品藥物管理署 台灣食品成分資料庫(食品營養成分資料庫)開放資料; 下載自 https://data.fda.gov.tw/data/opendata/export/20/csv (政府資料開放平臺 data.gov.tw dataset id 8543 / TFDA opendata InfoId=20); 查詢頁 https://consumer.fda.gov.tw/Food/TFND.aspx?nodeID=178 ; 整合編號=D2100205 (樣品基本資料)
水果類,黑香芒果,"檬果,檨仔,菴羅果",Mango,D2100301,66.0,0.8,0.3,16.9,衛生福利部食品藥物管理署 台灣食品成分資料庫(食品營養成分資料庫)開放資料; 下載自 https://data.fda.gov.tw/data/opendata/export/20/csv (政府資料開放平臺 data.gov.tw dataset id 8543 / TFDA opendata InfoId=20); 查詢頁 https://consumer.fda.gov.tw/Food/TFND.aspx?nodeID=178 ; 整合編號=D2100301 (樣品基本資料)
水果類,芒果平均值(新興種),"檬果,檨仔,菴羅果",Mango,D21004,56.0,0.6,0.2,14.4,衛生福利部食品藥物管理署 台灣食品成分資料庫(食品營養成分資料庫)開放資料; 下載自 https://data.fda.gov.tw/data/opendata/export/20/csv (政府資料開放平臺 data.gov.tw dataset id 8543 / TFDA opendata InfoId=20); 查詢頁 https://consumer.fda.gov.tw/Food/TFND.aspx?nodeID=178 ; 整合編號=D21004 (樣品平均值)
水果類,四季芒果,"檬果,檨仔,菴羅果(四季檨)",Mango,D2100401,60.0,0.6,0.2,15.6,衛生福利部食品藥物管理署 台灣食品成分資料庫(食品營養成分資料庫)開放資料; 下載自 https://data.fda.gov.tw/data/opendata/export/20/csv (政府資料開放平臺 data.gov.tw dataset id 8543 / TFDA opendata InfoId=20); 查詢頁 https://consumer.fda.gov.tw/Food/TFND.aspx?nodeID=178 ; 整合編號=D2100401 (樣品基本資料)
水果類,玉文芒果,"檬果,檨仔,菴羅果",Mango,D2100402,62.0,0.5,0.3,16.1,衛生福利部食品藥物管理署 台灣食品成分資料庫(食品營養成分資料庫)開放資料; 下載自 https://data.fda.gov.tw/data/opendata/export/20/csv (政府資料開放平臺 data.gov.tw dataset id 8543 / TFDA opendata InfoId=20); 查詢頁 https://consumer.fda.gov.tw/Food/TFND.aspx?nodeID=178 ; 整合編號=D2100402 (樣品基本資料)
水果類,金煌芒果,"檬果,檨仔,菴羅果",Mango,D2100403,52.0,0.8,0.2,13.0,衛生福利部食品藥物管理署 台灣食品成分資料庫(食品營養成分資料庫)開放資料; 下載自 https://data.fda.gov.tw/data/opendata/export/20/csv (政府資料開放平臺 data.gov.tw dataset id 8543 / TFDA opendata InfoId=20); 查詢頁 https://consumer.fda.gov.tw/Food/TFND.aspx?nodeID=178 ; 整合編號=D2100403 (樣品基本資料)
水果類,金蜜芒果,"檬果,檨仔,菴羅果",Mango,D2100404,64.0,0.6,0.4,16.3,衛生福利部食品藥物管理署 台灣食品成分資料庫(食品營養成分資料庫)開放資料; 下載自 https://data.fda.gov.tw/data/opendata/export/20/csv (政府資料開放平臺 data.gov.tw dataset id 8543 / TFDA opendata InfoId=20); 查詢頁 https://consumer.fda.gov.tw/Food/TFND.aspx?nodeID=178 ; 整合編號=D2100404 (樣品基本資料)
水果類,金興芒果,"檬果,檨仔,菴羅果",Mango,D2100405,41.0,0.6,0.1,10.6,衛生福利部食品藥物管理署 台灣食品成分資料庫(食品營養成分資料庫)開放資料; 下載自 https://data.fda.gov.tw/data/opendata/export/20/csv (政府資料開放平臺 data.gov.tw dataset id 8543 / TFDA opendata InfoId=20); 查詢頁 https://consumer.fda.gov.tw/Food/TFND.aspx?nodeID=178 ; 整合編號=D2100405 (樣品基本資料)
水果類,香水芒果,"檬果,檨仔,菴羅果",Mango,D2100406,65.0,0.6,0.2,17.1,衛生福利部食品藥物管理署 台灣食品成分資料庫(食品營養成分資料庫)開放資料; 下載自 https://data.fda.gov.tw/data/opendata/export/20/csv (政府資料開放平臺 data.gov.tw dataset id 8543 / TFDA opendata InfoId=20); 查詢頁 https://consumer.fda.gov.tw/Food/TFND.aspx?nodeID=178 ; 整合編號=D2100406 (樣品基本資料)
水果類,蓮花芒果,"檬果,檨仔,菴羅果",Mango,D2100407,47.0,0.4,0.2,12.2,衛生福利部食品藥物管理署 台灣食品成分資料庫(食品營養成分資料庫)開放資料; 下載自 https://data.fda.gov.tw/data/opendata/export/20/csv (政府資料開放平臺 data.gov.tw dataset id 8543 / TFDA opendata InfoId=20); 查詢頁 https://consumer.fda.gov.tw/Food/TFND.aspx?nodeID=178 ; 整合編號=D2100407 (樣品基本資料)
水果類,芒果乾,,Preserved mango: dried,D2110101,334.0,0.6,1.0,90.0,衛生福利部食品藥物管理署 台灣食品成分資料庫(食品營養成分資料庫)開放資料; 下載自 https://data.fda.gov.tw/data/opendata/export/20/csv (政府資料開放平臺 data.gov.tw dataset id 8543 / TFDA opendata InfoId=20); 查詢頁 https://consumer.fda.gov.tw/Food/TFND.aspx?nodeID=178 ; 整合編號=D2110101 (樣品基本資料)
水果類,荔枝平均值,"丹荔,荔錦,麗枝,離枝",Lychee; Lichee; Litchi,D22001,65.0,1.0,0.2,16.5,衛生福利部食品藥物管理署 台灣食品成分資料庫(食品營養成分資料庫)開放資料; 下載自 https://data.fda.gov.tw/data/opendata/export/20/csv (政府資料開放平臺 data.gov.tw dataset id 8543 / TFDA opendata InfoId=20); 查詢頁 https://consumer.fda.gov.tw/Food/TFND.aspx?nodeID=178 ; 整合編號=D22001 (樣品平均值)
水果類,玉荷苞荔枝,"丹荔,荔錦,麗枝,離枝",Lychee; Lichee; Litchi,D2200101,68.0,1.2,0.2,17.3,衛生福利部食品藥物管理署 台灣食品成分資料庫(食品營養成分資料庫)開放資料; 下載自 https://data.fda.gov.tw/data/opendata/export/20/csv (政府資料開放平臺 data.gov.tw dataset id 8543 / TFDA opendata InfoId=20); 查詢頁 https://consumer.fda.gov.tw/Food/TFND.aspx?nodeID=178 ; 整合編號=D2200101 (樣品基本資料)
水果類,黑葉仔荔枝,"丹荔,荔錦,麗枝,離枝",Lychee; Lichee; Litchi,D2200102,62.0,0.9,0.2,15.8,衛生福利部食品藥物管理署 台灣食品成分資料庫(食品營養成分資料庫)開放資料; 下載自 https://data.fda.gov.tw/data/opendata/export/20/csv (政府資料開放平臺 data.gov.tw dataset id 8543 / TFDA opendata InfoId=20); 查詢頁 https://consumer.fda.gov.tw/Food/TFND.aspx?nodeID=178 ; 整合編號=D2200102 (樣品基本資料)
水果類,冷凍荔枝,"丹荔,荔錦,麗枝,離枝",Frozen Lychee; Lichee; Litchi,D2200201,28.0,0.4,0.1,7.2,衛生福利部食品藥物管理署 台灣食品成分資料庫(食品營養成分資料庫)開放資料; 下載自 https://data.fda.gov.tw/data/opendata/export/20/csv (政府資料開放平臺 data.gov.tw dataset id 8543 / TFDA opendata InfoId=20); 查詢頁 https://consumer.fda.gov.tw/Food/TFND.aspx?nodeID=178 ; 整合編號=D2200201 (樣品基本資料)
水果類,龍眼,"桂圓,龍目,圓眼",Longan; Longana Longan,D2300101,72.0,1.1,0.4,18.0,衛生福利部食品藥物管理署 台灣食品成分資料庫(食品營養成分資料庫)開放資料; 下載自 https://data.fda.gov.tw/data/opendata/export/20/csv (政府資料開放平臺 data.gov.tw dataset id 8543 / TFDA opendata InfoId=20); 查詢頁 https://consumer.fda.gov.tw/Food/TFND.aspx?nodeID=178 ; 整合編號=D2300101 (樣品基本資料)
水果類,龍眼乾,"桂圓乾,龍目乾,圓眼乾",Longan: dried,D2310101,276.0,5.1,0.5,70.9,衛生福利部食品藥物管理署 台灣食品成分資料庫(食品營養成分資料庫)開放資料; 下載自 https://data.fda.gov.tw/data/opendata/export/20/csv (政府資料開放平臺 data.gov.tw dataset id 8543 / TFDA opendata InfoId=20); 查詢頁 https://consumer.fda.gov.tw/Food/TFND.aspx?nodeID=178 ; 整合編號=D2310101 (樣品基本資料)
水果類,帶殼龍眼乾,"桂圓乾,龍目乾,圓眼乾",Longan: dried,D2310201,278.0,4.6,0.1,72.9,衛生福利部食品藥物管理署 台灣食品成分資料庫(食品營養成分資料庫)開放資料; 下載自 https://data.fda.gov.tw/data/opendata/export/20/csv (政府資料開放平臺 data.gov.tw dataset id 8543 / TFDA opendata InfoId=20); 查詢頁 https://consumer.fda.gov.tw/Food/TFND.aspx?nodeID=178 ; 整合編號=D2310201 (樣品基本資料)
水果類,李子平均值(青皮黃肉),李子,Plum,D24001,48.0,0.7,0.4,11.7,衛生福利部食品藥物管理署 台灣食品成分資料庫(食品營養成分資料庫)開放資料; 下載自 https://data.fda.gov.tw/data/opendata/export/20/csv (政府資料開放平臺 data.gov.tw dataset id 8543 / TFDA opendata InfoId=20); 查詢頁 https://consumer.fda.gov.tw/Food/TFND.aspx?nodeID=178 ; 整合編號=D24001 (樣品平均值)
水果類,加州青李,李子,California plum,D2400101,47.0,0.6,0.2,12.0,衛生福利部食品藥物管理署 台灣食品成分資料庫(食品營養成分資料庫)開放資料; 下載自 https://data.fda.gov.tw/data/opendata/export/20/csv (政府資料開放平臺 data.gov.tw dataset id 8543 / TFDA opendata InfoId=20); 查詢頁 https://consumer.fda.gov.tw/Food/TFND.aspx?nodeID=178 ; 整合編號=D2400101 (樣品基本資料)
水果類,翡翠李,李子,Plum,D2400102,48.0,0.7,0.5,11.4,衛生福利部食品藥物管理署 台灣食品成分資料庫(食品營養成分資料庫)開放資料; 下載自 https://data.fda.gov.tw/data/opendata/export/20/csv (政府資料開放平臺 data.gov.tw dataset id 8543 / TFDA opendata InfoId=20); 查詢頁 https://consumer.fda.gov.tw/Food/TFND.aspx?nodeID=178 ; 整合編號=D2400102 (樣品基本資料)
水果類,李子平均值(紅皮紅肉),李子,Plum,D24002,39.0,0.6,0.3,9.6,衛生福利部食品藥物管理署 台灣食品成分資料庫(食品營養成分資料庫)開放資料; 下載自 https://data.fda.gov.tw/data/opendata/export/20/csv (政府資料開放平臺 data.gov.tw dataset id 8543 / TFDA opendata InfoId=20); 查詢頁 https://consumer.fda.gov.tw/Food/TFND.aspx?nodeID=178 ; 整合編號=D24002 (樣品平均值)
水果類,紅肉李(大),李子,Plum,D2400201,41.0,0.5,0.3,10.0,衛生福利部食品藥物管理署 台灣食品成分資料庫(食品營養成分資料庫)開放資料; 下載自 https://data.fda.gov.tw/data/opendata/export/20/csv (政府資料開放平臺 data.gov.tw dataset id 8543 / TFDA opendata InfoId=20); 查詢頁 https://consumer.fda.gov.tw/Food/TFND.aspx?nodeID=178 ; 整合編號=D2400201 (樣品基本資料)
水果類,紅肉李(小),李子,Plum,D2400202,38.0,0.7,0.3,9.2,衛生福利部食品藥物管理署 台灣食品成分資料庫(食品營養成分資料庫)開放資料; 下載自 https://data.fda.gov.tw/data/opendata/export/20/csv (政府資料開放平臺 data.gov.tw dataset id 8543 / TFDA opendata InfoId=20); 查詢頁 https://consumer.fda.gov.tw/Food/TFND.aspx?nodeID=178 ; 整合編號=D2400202 (樣品基本資料)
水果類,李子平均值(紅皮黃肉),李子,Plum,D24003,48.0,0.7,0.3,11.9,衛生福利部食品藥物管理署 台灣食品成分資料庫(食品營養成分資料庫)開放資料; 下載自 https://data.fda.gov.tw/data/opendata/export/20/csv (政府資料開放平臺 data.gov.tw dataset id 8543 / TFDA opendata InfoId=20); 查詢頁 https://consumer.fda.gov.tw/Food/TFND.aspx?nodeID=178 ; 整合編號=D24003 (樣品平均值)
水果類,加州紅李(台灣),李子,Plum,D2400301,45.0,0.3,0.6,10.6,衛生福利部食品藥物管理署 台灣食品成分資料庫(食品營養成分資料庫)開放資料; 下載自 https://data.fda.gov.tw/data/opendata/export/20/csv (政府資料開放平臺 data.gov.tw dataset id 8543 / TFDA opendata InfoId=20); 查詢頁 https://consumer.fda.gov.tw/Food/TFND.aspx?nodeID=178 ; 整合編號=D2400301 (樣品基本資料)
水果類,加州紅李(進口),李子,California plum,D2400302,60.0,0.8,0.3,15.3,衛生福利部食品藥物管理署 台灣食品成分資料庫(食品營養成分資料庫)開放資料; 下載自 https://data.fda.gov.tw/data/opendata/export/20/csv (政府資料開放平臺 data.gov.tw dataset id 8543 / TFDA opendata InfoId=20); 查詢頁 https://consumer.fda.gov.tw/Food/TFND.aspx?nodeID=178 ; 整合編號=D2400302 (樣品基本資料)
水果類,加州蜜李(進口),李子,California plum,D2400303,66.0,1.3,0.1,17.1,衛生福利部食品藥物管理署 台灣食品成分資料庫(食品營養成分資料庫)開放資料; 下載自 https://data.fda.gov.tw/data/opendata/export/20/csv (政府資料開放平臺 data.gov.tw dataset id 8543 / TFDA opendata InfoId=20); 查詢頁 https://consumer.fda.gov.tw/Food/TFND.aspx?nodeID=178 ; 整合編號=D2400303 (樣品基本資料)
水果類,香水李,李子,Plum,D2400304,36.0,0.7,0.3,8.8,衛生福利部食品藥物管理署 台灣食品成分資料庫(食品營養成分資料庫)開放資料; 下載自 https://data.fda.gov.tw/data/opendata/export/20/csv (政府資料開放平臺 data.gov.tw dataset id 8543 / TFDA opendata InfoId=20); 查詢頁 https://consumer.fda.gov.tw/Food/TFND.aspx?nodeID=178 ; 整合編號=D2400304 (樣品基本資料)
水果類,桃接李(大),李子,Plum,D2400305,38.0,0.6,0.3,9.2,衛生福利部食品藥物管理署 台灣食品成分資料庫(食品營養成分資料庫)開放資料; 下載自 https://data.fda.gov.tw/data/opendata/export/20/csv (政府資料開放平臺 data.gov.tw dataset id 8543 / TFDA opendata InfoId=20); 查詢頁 https://consumer.fda.gov.tw/Food/TFND.aspx?nodeID=178 ; 整合編號=D2400305 (樣品基本資料)
水果類,桃接李(小),李子,Plum,D2400306,36.0,0.7,0.3,8.6,衛生福利部食品藥物管理署 台灣食品成分資料庫(食品營養成分資料庫)開放資料; 下載自 https://data.fda.gov.tw/data/opendata/export/20/csv (政府資料開放平臺 data.gov.tw dataset id 8543 / TFDA opendata InfoId=20); 查詢頁 https://consumer.fda.gov.tw/Food/TFND.aspx?nodeID=178 ; 整合編號=D2400306 (樣品基本資料)
水果類,蜜棗李(進口),李子,Prune,D2400307,53.0,0.6,0.2,13.6,衛生福利部食品藥物管理署 台灣食品成分資料庫(食品營養成分資料庫)開放資料; 下載自 https://data.fda.gov.tw/data/opendata/export/20/csv (政府資料開放平臺 data.gov.tw dataset id 8543 / TFDA opendata InfoId=20); 查詢頁 https://consumer.fda.gov.tw/Food/TFND.aspx?nodeID=178 ; 整合編號=D2400307 (樣品基本資料)
水果類,黃肉李,李子,Plum,D2400401,35.0,0.4,0.2,8.9,衛生福利部食品藥物管理署 台灣食品成分資料庫(食品營養成分資料庫)開放資料; 下載自 https://data.fda.gov.tw/data/opendata/export/20/csv (政府資料開放平臺 data.gov.tw dataset id 8543 / TFDA opendata InfoId=20); 查詢頁 https://consumer.fda.gov.tw/Food/TFND.aspx?nodeID=178 ; 整合編號=D2400401 (樣品基本資料)
水果類,黑李,李子,California plum,D2400501,57.0,0.7,0.2,14.7,衛生福利部食品藥物管理署 台灣食品成分資料庫(食品營養成分資料庫)開放資料; 下載自 https://data.fda.gov.tw/data/opendata/export/20/csv (政府資料開放平臺 data.gov.tw dataset id 8543 / TFDA opendata InfoId=20); 查詢頁 https://consumer.fda.gov.tw/Food/TFND.aspx?nodeID=178 ; 整合編號=D2400501 (樣品基本資料)
水果類,枇杷,琶琵果,Loquat,D2500101,38.0,0.3,0.2,9.8,衛生福利部食品藥物管理署 台灣食品成分資料庫(食品營養成分資料庫)開放資料; 下載自 https://data.fda.gov.tw/data/opendata/export/20/csv (政府資料開放平臺 data.gov.tw dataset id 8543 / TFDA opendata InfoId=20); 查詢頁 https://consumer.fda.gov.tw/Food/TFND.aspx?nodeID=178 ; 整合編號=D2500101 (樣品基本資料)
水果類,筆柿,"柿子,柹,香柿(長柿,珍寶柿,筆干柿)",Persimmon,D2600101,69.0,0.6,0.1,18.3,衛生福利部食品藥物管理署 台灣食品成分資料庫(食品營養成分資料庫)開放資料; 下載自 https://data.fda.gov.tw/data/opendata/export/20/csv (政府資料開放平臺 data.gov.tw dataset id 8543 / TFDA opendata InfoId=20); 查詢頁 https://consumer.fda.gov.tw/Food/TFND.aspx?nodeID=178 ; 整合編號=D2600101 (樣品基本資料)
水果類,甜柿平均值,"柿子,柹,香柿",Persimmon,D27002,57.0,0.5,0.1,15.2,衛生福利部食品藥物管理署 台灣食品成分資料庫(食品營養成分資料庫)開放資料; 下載自 https://data.fda.gov.tw/data/opendata/export/20/csv (政府資料開放平臺 data.gov.tw dataset id 8543 / TFDA opendata InfoId=20); 查詢頁 https://consumer.fda.gov.tw/Food/TFND.aspx?nodeID=178 ; 整合編號=D27002 (樣品平均值)
水果類,富有甜柿(大雪山),"柿子,柹,香柿",Persimmon,D2700201,57.0,0.4,0.1,15.1,衛生福利部食品藥物管理署 台灣食品成分資料庫(食品營養成分資料庫)開放資料; 下載自 https://data.fda.gov.tw/data/opendata/export/20/csv (政府資料開放平臺 data.gov.tw dataset id 8543 / TFDA opendata InfoId=20); 查詢頁 https://consumer.fda.gov.tw/Food/TFND.aspx?nodeID=178 ; 整合編號=D2700201 (樣品基本資料)
水果類,甜柿(進口),"柿子,柹,香柿",Persimmon,D2700202,57.0,0.6,0.1,15.3,衛生福利部食品藥物管理署 台灣食品成分資料庫(食品營養成分資料庫)開放資料; 下載自 https://data.fda.gov.tw/data/opendata/export/20/csv (政府資料開放平臺 data.gov.tw dataset id 8543 / TFDA opendata InfoId=20); 查詢頁 https://consumer.fda.gov.tw/Food/TFND.aspx?nodeID=178 ; 整合編號=D2700202 (樣品基本資料)
水果類,國產甜柿,"柿子,柹,香柿",Persimmon,D2700203,47.0,0.4,0.1,12.7,衛生福利部食品藥物管理署 台灣食品成分資料庫(食品營養成分資料庫)開放資料; 下載自 https://data.fda.gov.tw/data/opendata/export/20/csv (政府資料開放平臺 data.gov.tw dataset id 8543 / TFDA opendata InfoId=20); 查詢頁 https://consumer.fda.gov.tw/Food/TFND.aspx?nodeID=178 ; 整合編號=D2700203 (樣品基本資料)
水果類,牛心柿,"柿子,柹,香柿(水柿,浸柿,硬柿,脆柿)",Persimmon,D2700301,62.0,0.5,0.2,16.5,衛生福利部食品藥物管理署 台灣食品成分資料庫(食品營養成分資料庫)開放資料; 下載自 https://data.fda.gov.tw/data/opendata/export/20/csv (政府資料開放平臺 data.gov.tw dataset id 8543 / TFDA opendata InfoId=20); 查詢頁 https://consumer.fda.gov.tw/Food/TFND.aspx?nodeID=178 ; 整合編號=D2700301 (樣品基本資料)
水果類,四周柿,"柿子,柹,香柿(紅柿,軟柿)",Persimmon,D2700401,66.0,0.5,0.1,17.6,衛生福利部食品藥物管理署 台灣食品成分資料庫(食品營養成分資料庫)開放資料; 下載自 https://data.fda.gov.tw/data/opendata/export/20/csv (政府資料開放平臺 data.gov.tw dataset id 8543 / TFDA opendata InfoId=20); 查詢頁 https://consumer.fda.gov.tw/Food/TFND.aspx?nodeID=178 ; 整合編號=D2700401 (樣品基本資料)
水果類,柿餅,,Persimmon,D2700501,196.0,1.7,0.2,52.2,衛生福利部食品藥物管理署 台灣食品成分資料庫(食品營養成分資料庫)開放資料; 下載自 https://data.fda.gov.tw/data/opendata/export/20/csv (政府資料開放平臺 data.gov.tw dataset id 8543 / TFDA opendata InfoId=20); 查詢頁 https://consumer.fda.gov.tw/Food/TFND.aspx?nodeID=178 ; 整合編號=D2700501 (樣品基本資料)
水果類,水蜜桃平均值,"毛桃,白桃",Peach,D28001,39.0,0.9,0.2,9.7,衛生福利部食品藥物管理署 台灣食品成分資料庫(食品營養成分資料庫)開放資料; 下載自 https://data.fda.gov.tw/data/opendata/export/20/csv (政府資料開放平臺 data.gov.tw dataset id 8543 / TFDA opendata InfoId=20); 查詢頁 https://consumer.fda.gov.tw/Food/TFND.aspx?nodeID=178 ; 整合編號=D28001 (樣品平均值)
水果類,水蜜桃,"毛桃,白桃",Peach,D2800101,40.0,0.9,0.1,9.9,衛生福利部食品藥物管理署 台灣食品成分資料庫(食品營養成分資料庫)開放資料; 下載自 https://data.fda.gov.tw/data/opendata/export/20/csv (政府資料開放平臺 data.gov.tw dataset id 8543 / TFDA opendata InfoId=20); 查詢頁 https://consumer.fda.gov.tw/Food/TFND.aspx?nodeID=178 ; 整合編號=D2800101 (樣品基本資料)
水果類,甜蜜桃,"毛桃,白桃",Peach,D2800102,39.0,0.9,0.2,9.6,衛生福利部食品藥物管理署 台灣食品成分資料庫(食品營養成分資料庫)開放資料; 下載自 https://data.fda.gov.tw/data/opendata/export/20/csv (政府資料開放平臺 data.gov.tw dataset id 8543 / TFDA opendata InfoId=20); 查詢頁 https://consumer.fda.gov.tw/Food/TFND.aspx?nodeID=178 ; 整合編號=D2800102 (樣品基本資料)
水果類,脆桃平均值,"桃子,甜桃",,D28002,44.0,0.9,0.1,11.1,衛生福利部食品藥物管理署 台灣食品成分資料庫(食品營養成分資料庫)開放資料; 下載自 https://data.fda.gov.tw/data/opendata/export/20/csv (政府資料開放平臺 data.gov.tw dataset id 8543 / TFDA opendata InfoId=20); 查詢頁 https://consumer.fda.gov.tw/Food/TFND.aspx?nodeID=178 ; 整合編號=D28002 (樣品平均值)
水果類,白油桃,"桃子,脆桃,甜桃",Peach,D2800201,37.0,0.6,0.1,9.3,衛生福利部食品藥物管理署 台灣食品成分資料庫(食品營養成分資料庫)開放資料; 下載自 https://data.fda.gov.tw/data/opendata/export/20/csv (政府資料開放平臺 data.gov.tw dataset id 8543 / TFDA opendata InfoId=20); 查詢頁 https://consumer.fda.gov.tw/Food/TFND.aspx?nodeID=178 ; 整合編號=D2800201 (樣品基本資料)
水果類,玫瑰桃,"桃子,脆桃,甜桃",Peach,D2800202,51.0,1.2,0.1,12.8,衛生福利部食品藥物管理署 台灣食品成分資料庫(食品營養成分資料庫)開放資料; 下載自 https://data.fda.gov.tw/data/opendata/export/20/csv (政府資料開放平臺 data.gov.tw dataset id 8543 / TFDA opendata InfoId=20); 查詢頁 https://consumer.fda.gov.tw/Food/TFND.aspx?nodeID=178 ; 整合編號=D2800202 (樣品基本資料)
水果類,福壽桃,"桃子,脆桃,甜桃",Peach,D2800203,47.0,0.9,0.2,11.9,衛生福利部食品藥物管理署 台灣食品成分資料庫(食品營養成分資料庫)開放資料; 下載自 https://data.fda.gov.tw/data/opendata/export/20/csv (政府資料開放平臺 data.gov.tw dataset id 8543 / TFDA opendata InfoId=20); 查詢頁 https://consumer.fda.gov.tw/Food/TFND.aspx?nodeID=178 ; 整合編號=D2800203 (樣品基本資料)
水果類,鶯哥桃,"桃子,脆桃,甜桃",Peach,D2800204,42.0,1.0,0.2,10.5,衛生福利部食品藥物管理署 台灣食品成分資料庫(食品營養成分資料庫)開放資料; 下載自 https://data.fda.gov.tw/data/opendata/export/20/csv (政府資料開放平臺 data.gov.tw dataset id 8543 / TFDA opendata InfoId=20); 查詢頁 https://consumer.fda.gov.tw/Food/TFND.aspx?nodeID=178 ; 整合編號=D2800204 (樣品基本資料)
水果類,蟠桃,餅桃,Peach,D2800301,45.0,0.9,0.2,11.3,衛生福利部食品藥物管理署 台灣食品成分資料庫(食品營養成分資料庫)開放資料; 下載自 https://data.fda.gov.tw/data/opendata/export/20/csv (政府資料開放平臺 data.gov.tw dataset id 8543 / TFDA opendata InfoId=20); 查詢頁 https://consumer.fda.gov.tw/Food/TFND.aspx?nodeID=178 ; 整合編號=D2800301 (樣品基本資料)
水果類,青梅(胭脂梅),梅子,Yentsu Mei; Japanese Apricot,D2900101,35.0,0.5,0.1,8.8,衛生福利部食品藥物管理署 台灣食品成分資料庫(食品營養成分資料庫)開放資料; 下載自 https://data.fda.gov.tw/data/opendata/export/20/csv (政府資料開放平臺 data.gov.tw dataset id 8543 / TFDA opendata InfoId=20); 查詢頁 https://consumer.fda.gov.tw/Food/TFND.aspx?nodeID=178 ; 整合編號=D2900101 (樣品基本資料)
水果類,西洋梨平均值,"梨子,水梨,山褵,快果,果宗",Pear,D30001,53.0,0.3,0.2,14.1,衛生福利部食品藥物管理署 台灣食品成分資料庫(食品營養成分資料庫)開放資料; 下載自 https://data.fda.gov.tw/data/opendata/export/20/csv (政府資料開放平臺 data.gov.tw dataset id 8543 / TFDA opendata InfoId=20); 查詢頁 https://consumer.fda.gov.tw/Food/TFND.aspx?nodeID=178 ; 整合編號=D30001 (樣品平均值)
水果類,西洋梨(青皮),"梨子,水梨,山褵,快果,果宗",Pear,D3000101,62.0,0.3,0.2,16.5,衛生福利部食品藥物管理署 台灣食品成分資料庫(食品營養成分資料庫)開放資料; 下載自 https://data.fda.gov.tw/data/opendata/export/20/csv (政府資料開放平臺 data.gov.tw dataset id 8543 / TFDA opendata InfoId=20); 查詢頁 https://consumer.fda.gov.tw/Food/TFND.aspx?nodeID=178 ; 整合編號=D3000101 (樣品基本資料)
水果類,西洋梨(紅皮),"梨子,水梨,山褵,快果,果宗",Pear,D3000102,53.0,0.3,0.2,13.9,衛生福利部食品藥物管理署 台灣食品成分資料庫(食品營養成分資料庫)開放資料; 下載自 https://data.fda.gov.tw/data/opendata/export/20/csv (政府資料開放平臺 data.gov.tw dataset id 8543 / TFDA opendata InfoId=20); 查詢頁 https://consumer.fda.gov.tw/Food/TFND.aspx?nodeID=178 ; 整合編號=D3000102 (樣品基本資料)
水果類,西洋梨(黃皮),"梨子,水梨,山褵,快果,果宗",Pear,D3000103,44.0,0.2,0.1,11.8,衛生福利部食品藥物管理署 台灣食品成分資料庫(食品營養成分資料庫)開放資料; 下載自 https://data.fda.gov.tw/data/opendata/export/20/csv (政府資料開放平臺 data.gov.tw dataset id 8543 / TFDA opendata InfoId=20); 查詢頁 https://consumer.fda.gov.tw/Food/TFND.aspx?nodeID=178 ; 整合編號=D3000103 (樣品基本資料)
水果類,幸水梨,"梨子,水梨,山褵,快果,果宗",Pear,D3000201,34.0,0.4,0.0,9.0,衛生福利部食品藥物管理署 台灣食品成分資料庫(食品營養成分資料庫)開放資料; 下載自 https://data.fda.gov.tw/data/opendata/export/20/csv (政府資料開放平臺 data.gov.tw dataset id 8543 / TFDA opendata InfoId=20); 查詢頁 https://consumer.fda.gov.tw/Food/TFND.aspx?nodeID=178 ; 整合編號=D3000201 (樣品基本資料)
水果類,大雪梨,"梨子,水梨,山褵,快果,果宗",Pear,D3000202,42.0,0.3,0.1,11.1,衛生福利部食品藥物管理署 台灣食品成分資料庫(食品營養成分資料庫)開放資料; 下載自 https://data.fda.gov.tw/data/opendata/export/20/csv (政府資料開放平臺 data.gov.tw dataset id 8543 / TFDA opendata InfoId=20); 查詢頁 https://consumer.fda.gov.tw/Food/TFND.aspx?nodeID=178 ; 整合編號=D3000202 (樣品基本資料)
水果類,新世紀梨,"梨子,水梨,山褵,快果,果宗",Pear,D3000203,42.0,0.4,0.2,10.7,衛生福利部食品藥物管理署 台灣食品成分資料庫(食品營養成分資料庫)開放資料; 下載自 https://data.fda.gov.tw/data/opendata/export/20/csv (政府資料開放平臺 data.gov.tw dataset id 8543 / TFDA opendata InfoId=20); 查詢頁 https://consumer.fda.gov.tw/Food/TFND.aspx?nodeID=178 ; 整合編號=D3000203 (樣品基本資料)
水果類,新興梨,"梨子,水梨,山褵,快果,果宗",Pear,D3000204,44.0,0.2,0.1,11.9,衛生福利部食品藥物管理署 台灣食品成分資料庫(食品營養成分資料庫)開放資料; 下載自 https://data.fda.gov.tw/data/opendata/export/20/csv (政府資料開放平臺 data.gov.tw dataset id 8543 / TFDA opendata InfoId=20); 查詢頁 https://consumer.fda.gov.tw/Food/TFND.aspx?nodeID=178 ; 整合編號=D3000204 (樣品基本資料)
水果類,橫山梨,"梨子,水梨,山褵,快果,果宗(三灣冬梨,粗梨)",Pear,D3000205,47.0,0.4,0.1,12.4,衛生福利部食品藥物管理署 台灣食品成分資料庫(食品營養成分資料庫)開放資料; 下載自 https://data.fda.gov.tw/data/opendata/export/20/csv (政府資料開放平臺 data.gov.tw dataset id 8543 / TFDA opendata InfoId=20); 查詢頁 https://consumer.fda.gov.tw/Food/TFND.aspx?nodeID=178 ; 整合編號=D3000205 (樣品基本資料)
水果類,豐水梨,"梨子,水梨,山褵,快果,果宗",Pear,D3000206,36.0,0.5,0.1,9.4,衛生福利部食品藥物管理署 台灣食品成分資料庫(食品營養成分資料庫)開放資料; 下載自 https://data.fda.gov.tw/data/opendata/export/20/csv (政府資料開放平臺 data.gov.tw dataset id 8543 / TFDA opendata InfoId=20); 查詢頁 https://consumer.fda.gov.tw/Food/TFND.aspx?nodeID=178 ; 整合編號=D3000206 (樣品基本資料)
水果類,將軍蜜梨,"梨子,水梨,山褵,快果,果宗(三星上將梨)",Pear,D3000301,50.0,0.4,0.1,13.3,衛生福利部食品藥物管理署 台灣食品成分資料庫(食品營養成分資料庫)開放資料; 下載自 https://data.fda.gov.tw/data/opendata/export/20/csv (政府資料開放平臺 data.gov.tw dataset id 8543 / TFDA opendata InfoId=20); 查詢頁 https://consumer.fda.gov.tw/Food/TFND.aspx?nodeID=178 ; 整合編號=D3000301 (樣品基本資料)
水果類,梨山蜜梨,"梨子,水梨,山褵,快果,果宗",Pear,D3000302,47.0,0.3,0.0,12.7,衛生福利部食品藥物管理署 台灣食品成分資料庫(食品營養成分資料庫)開放資料; 下載自 https://data.fda.gov.tw/data/opendata/export/20/csv (政府資料開放平臺 data.gov.tw dataset id 8543 / TFDA opendata InfoId=20); 查詢頁 https://consumer.fda.gov.tw/Food/TFND.aspx?nodeID=178 ; 整合編號=D3000302 (樣品基本資料)
水果類,蜜棗平均值(大),"棗子,棗仔",Indian jujube,D31001,43.0,1.1,0.1,10.7,衛生福利部食品藥物管理署 台灣食品成分資料庫(食品營養成分資料庫)開放資料; 下載自 https://data.fda.gov.tw/data/opendata/export/20/csv (政府資料開放平臺 data.gov.tw dataset id 8543 / TFDA opendata InfoId=20); 查詢頁 https://consumer.fda.gov.tw/Food/TFND.aspx?nodeID=178 ; 整合編號=D31001 (樣品平均值)
水果類,蜜棗(長形),"棗子,棗仔",Indian jujube,D3100101,43.0,1.2,0.2,10.4,衛生福利部食品藥物管理署 台灣食品成分資料庫(食品營養成分資料庫)開放資料; 下載自 https://data.fda.gov.tw/data/opendata/export/20/csv (政府資料開放平臺 data.gov.tw dataset id 8543 / TFDA opendata InfoId=20); 查詢頁 https://consumer.fda.gov.tw/Food/TFND.aspx?nodeID=178 ; 整合編號=D3100101 (樣品基本資料)
水果類,蜜棗(圓形),"棗子,棗仔(蜜絲棗)",Indian jujube,D3100102,44.0,0.9,0.1,11.0,衛生福利部食品藥物管理署 台灣食品成分資料庫(食品營養成分資料庫)開放資料; 下載自 https://data.fda.gov.tw/data/opendata/export/20/csv (政府資料開放平臺 data.gov.tw dataset id 8543 / TFDA opendata InfoId=20); 查詢頁 https://consumer.fda.gov.tw/Food/TFND.aspx?nodeID=178 ; 整合編號=D3100102 (樣品基本資料)
水果類,珍珠蜜棗,"棗子,棗仔",Indian jujube,D3100201,46.0,1.1,0.0,11.7,衛生福利部食品藥物管理署 台灣食品成分資料庫(食品營養成分資料庫)開放資料; 下載自 https://data.fda.gov.tw/data/opendata/export/20/csv (政府資料開放平臺 data.gov.tw dataset id 8543 / TFDA opendata InfoId=20); 查詢頁 https://consumer.fda.gov.tw/Food/TFND.aspx?nodeID=178 ; 整合編號=D3100201 (樣品基本資料)
水果類,國產紅棗,紅棗,Chinese jujube,D3100301,87.0,0.9,0.1,23.1,衛生福利部食品藥物管理署 台灣食品成分資料庫(食品營養成分資料庫)開放資料; 下載自 https://data.fda.gov.tw/data/opendata/export/20/csv (政府資料開放平臺 data.gov.tw dataset id 8543 / TFDA opendata InfoId=20); 查詢頁 https://consumer.fda.gov.tw/Food/TFND.aspx?nodeID=178 ; 整合編號=D3100301 (樣品基本資料)
水果類,紅棗(乾),"大棗,棗仔",Chinese jujube,D3100401,227.0,3.2,0.3,59.5,衛生福利部食品藥物管理署 台灣食品成分資料庫(食品營養成分資料庫)開放資料; 下載自 https://data.fda.gov.tw/data/opendata/export/20/csv (政府資料開放平臺 data.gov.tw dataset id 8543 / TFDA opendata InfoId=20); 查詢頁 https://consumer.fda.gov.tw/Food/TFND.aspx?nodeID=178 ; 整合編號=D3100401 (樣品基本資料)
水果類,黑棗(乾),"大棗,棗仔",Chinese jujube: smoked,D3100402,230.0,2.7,0.2,60.9,衛生福利部食品藥物管理署 台灣食品成分資料庫(食品營養成分資料庫)開放資料; 下載自 https://data.fda.gov.tw/data/opendata/export/20/csv (政府資料開放平臺 data.gov.tw dataset id 8543 / TFDA opendata InfoId=20); 查詢頁 https://consumer.fda.gov.tw/Food/TFND.aspx?nodeID=178 ; 整合編號=D3100402 (樣品基本資料)
水果類,蘋果平均值(青皮),"柰,林檎",Apple,D32001,50.0,0.3,0.2,13.1,衛生福利部食品藥物管理署 台灣食品成分資料庫(食品營養成分資料庫)開放資料; 下載自 https://data.fda.gov.tw/data/opendata/export/20/csv (政府資料開放平臺 data.gov.tw dataset id 8543 / TFDA opendata InfoId=20); 查詢頁 https://consumer.fda.gov.tw/Food/TFND.aspx?nodeID=178 ; 整合編號=D32001 (樣品平均值)
水果類,青龍蘋果,"柰,林檎,青蘋果",Apple,D3200101,54.0,0.3,0.3,14.0,衛生福利部食品藥物管理署 台灣食品成分資料庫(食品營養成分資料庫)開放資料; 下載自 https://data.fda.gov.tw/data/opendata/export/20/csv (政府資料開放平臺 data.gov.tw dataset id 8543 / TFDA opendata InfoId=20); 查詢頁 https://consumer.fda.gov.tw/Food/TFND.aspx?nodeID=178 ; 整合編號=D3200101 (樣品基本資料)
水果類,翠玉青蘋果,"柰,林檎,青蘋果(翡翠,青玉,史蜜斯)",Apple,D3200102,46.0,0.3,0.1,12.2,衛生福利部食品藥物管理署 台灣食品成分資料庫(食品營養成分資料庫)開放資料; 下載自 https://data.fda.gov.tw/data/opendata/export/20/csv (政府資料開放平臺 data.gov.tw dataset id 8543 / TFDA opendata InfoId=20); 查詢頁 https://consumer.fda.gov.tw/Food/TFND.aspx?nodeID=178 ; 整合編號=D3200102 (樣品基本資料)
水果類,翠玉青蘋果(帶皮),"柰,林檎,青蘋果(翡翠,青玉,史蜜斯)",Apple,D3200201,54.0,0.4,0.2,14.1,衛生福利部食品藥物管理署 台灣食品成分資料庫(食品營養成分資料庫)開放資料; 下載自 https://data.fda.gov.tw/data/opendata/export/20/csv (政府資料開放平臺 data.gov.tw dataset id 8543 / TFDA opendata InfoId=20); 查詢頁 https://consumer.fda.gov.tw/Food/TFND.aspx?nodeID=178 ; 整合編號=D3200201 (樣品基本資料)
水果類,美國五爪蘋果,"柰,林檎,紅蘋果(元帥)",Apple,D3200301,51.0,0.2,0.1,13.8,衛生福利部食品藥物管理署 台灣食品成分資料庫(食品營養成分資料庫)開放資料; 下載自 https://data.fda.gov.tw/data/opendata/export/20/csv (政府資料開放平臺 data.gov.tw dataset id 8543 / TFDA opendata InfoId=20); 查詢頁 https://consumer.fda.gov.tw/Food/TFND.aspx?nodeID=178 ; 整合編號=D3200301 (樣品基本資料)
水果類,蘋果平均值(混色),"柰,林檎",Apple,D32004,51.0,0.2,0.1,13.9,衛生福利部食品藥物管理署 台灣食品成分資料庫(食品營養成分資料庫)開放資料; 下載自 https://data.fda.gov.tw/data/opendata/export/20/csv (政府資料開放平臺 data.gov.tw dataset id 8543 / TFDA opendata InfoId=20); 查詢頁 https://consumer.fda.gov.tw/Food/TFND.aspx?nodeID=178 ; 整合編號=D32004 (樣品平均值)
水果類,加拉蘋果,"柰,林檎",Apple: Gala,D3200401,55.0,0.2,0.1,15.0,衛生福利部食品藥物管理署 台灣食品成分資料庫(食品營養成分資料庫)開放資料; 下載自 https://data.fda.gov.tw/data/opendata/export/20/csv (政府資料開放平臺 data.gov.tw dataset id 8543 / TFDA opendata InfoId=20); 查詢頁 https://consumer.fda.gov.tw/Food/TFND.aspx?nodeID=178 ; 整合編號=D3200401 (樣品基本資料)
水果類,津輕蜜蘋果,"柰,林檎",Apple,D3200402,56.0,0.2,0.2,15.1,衛生福利部食品藥物管理署 台灣食品成分資料庫(食品營養成分資料庫)開放資料; 下載自 https://data.fda.gov.tw/data/opendata/export/20/csv (政府資料開放平臺 data.gov.tw dataset id 8543 / TFDA opendata InfoId=20); 查詢頁 https://consumer.fda.gov.tw/Food/TFND.aspx?nodeID=178 ; 整合編號=D3200402 (樣品基本資料)
水果類,秋香蘋果,"柰,林檎",Apple,D3200403,45.0,0.3,0.0,12.3,衛生福利部食品藥物管理署 台灣食品成分資料庫(食品營養成分資料庫)開放資料; 下載自 https://data.fda.gov.tw/data/opendata/export/20/csv (政府資料開放平臺 data.gov.tw dataset id 8543 / TFDA opendata InfoId=20); 查詢頁 https://consumer.fda.gov.tw/Food/TFND.aspx?nodeID=178 ; 整合編號=D3200403 (樣品基本資料)
水果類,富士蘋果,"柰,林檎",Fu-Ji apple,D3200404,49.0,0.2,0.1,13.1,衛生福利部食品藥物管理署 台灣食品成分資料庫(食品營養成分資料庫)開放資料; 下載自 https://data.fda.gov.tw/data/opendata/export/20/csv (政府資料開放平臺 data.gov.tw dataset id 8543 / TFDA opendata InfoId=20); 查詢頁 https://consumer.fda.gov.tw/Food/TFND.aspx?nodeID=178 ; 整合編號=D3200404 (樣品基本資料)
水果類,富士蘋果(帶皮),"柰,林檎",Fu-Ji apple,D3200501,45.0,0.2,0.1,11.9,衛生福利部食品藥物管理署 台灣食品成分資料庫(食品營養成分資料庫)開放資料; 下載自 https://data.fda.gov.tw/data/opendata/export/20/csv (政府資料開放平臺 data.gov.tw dataset id 8543 / TFDA opendata InfoId=20); 查詢頁 https://consumer.fda.gov.tw/Food/TFND.aspx?nodeID=178 ; 整合編號=D3200501 (樣品基本資料)
水果類,金冠蘋果,"柰,林檎,黃蘋果(黃元帥)",Apple,D3200601,49.0,0.4,0.1,13.0,衛生福利部食品藥物管理署 台灣食品成分資料庫(食品營養成分資料庫)開放資料; 下載自 https://data.fda.gov.tw/data/opendata/export/20/csv (政府資料開放平臺 data.gov.tw dataset id 8543 / TFDA opendata InfoId=20); 查詢頁 https://consumer.fda.gov.tw/Food/TFND.aspx?nodeID=178 ; 整合編號=D3200601 (樣品基本資料)
水果類,櫻桃,"中國櫻桃又稱鶯桃,荊桃",Cherry; ,D3300101,75.0,1.2,0.3,19.1,衛生福利部食品藥物管理署 台灣食品成分資料庫(食品營養成分資料庫)開放資料; 下載自 https://data.fda.gov.tw/data/opendata/export/20/csv (政府資料開放平臺 data.gov.tw dataset id 8543 / TFDA opendata InfoId=20); 查詢頁 https://consumer.fda.gov.tw/Food/TFND.aspx?nodeID=178 ; 整合編號=D3300101 (樣品基本資料)
水果類,白櫻桃,"中國櫻桃又稱鶯桃,荊桃",Cherry; ,D3300201,69.0,0.7,0.1,18.4,衛生福利部食品藥物管理署 台灣食品成分資料庫(食品營養成分資料庫)開放資料; 下載自 https://data.fda.gov.tw/data/opendata/export/20/csv (政府資料開放平臺 data.gov.tw dataset id 8543 / TFDA opendata InfoId=20); 查詢頁 https://consumer.fda.gov.tw/Food/TFND.aspx?nodeID=178 ; 整合編號=D3300201 (樣品基本資料)
水果類,椪柑,"橘子,蘆柑,壼柑,凸柑,乳柑,潮州柑",Tangerine; Ponkan ,D3400101,40.0,0.8,0.2,10.0,衛生福利部食品藥物管理署 台灣食品成分資料庫(食品營養成分資料庫)開放資料; 下載自 https://data.fda.gov.tw/data/opendata/export/20/csv (政府資料開放平臺 data.gov.tw dataset id 8543 / TFDA opendata InfoId=20); 查詢頁 https://consumer.fda.gov.tw/Food/TFND.aspx?nodeID=178 ; 整合編號=D3400101 (樣品基本資料)
水果類,紅柑,"美人(女)柑,明尼吉柚,葡萄蜜柑,迷你葡萄柚",Tangerine,D3400201,42.0,0.8,0.1,10.6,衛生福利部食品藥物管理署 台灣食品成分資料庫(食品營養成分資料庫)開放資料; 下載自 https://data.fda.gov.tw/data/opendata/export/20/csv (政府資料開放平臺 data.gov.tw dataset id 8543 / TFDA opendata InfoId=20); 查詢頁 https://consumer.fda.gov.tw/Food/TFND.aspx?nodeID=178 ; 整合編號=D3400201 (樣品基本資料)
水果類,茂谷柑,柑,Murcott; Honey tangerine; Honey murcott,D3400202,44.0,0.6,0.1,11.5,衛生福利部食品藥物管理署 台灣食品成分資料庫(食品營養成分資料庫)開放資料; 下載自 https://data.fda.gov.tw/data/opendata/export/20/csv (政府資料開放平臺 data.gov.tw dataset id 8543 / TFDA opendata InfoId=20); 查詢頁 https://consumer.fda.gov.tw/Food/TFND.aspx?nodeID=178 ; 整合編號=D3400202 (樣品基本資料)
水果類,海梨桶柑,"年柑,草山柑,焦柑,蜜桶,漳柑,草山桔(海梨)",Tankan; Tankan orange,D3400203,44.0,0.9,0.2,11.0,衛生福利部食品藥物管理署 台灣食品成分資料庫(食品營養成分資料庫)開放資料; 下載自 https://data.fda.gov.tw/data/opendata/export/20/csv (政府資料開放平臺 data.gov.tw dataset id 8543 / TFDA opendata InfoId=20); 查詢頁 https://consumer.fda.gov.tw/Food/TFND.aspx?nodeID=178 ; 整合編號=D3400203 (樣品基本資料)
水果類,高牆桶柑,"年柑,草山柑,焦柑,蜜桶,漳柑,草山桔(桶柑)",Tankan; Tankan orange,D3400204,45.0,0.8,0.0,11.8,衛生福利部食品藥物管理署 台灣食品成分資料庫(食品營養成分資料庫)開放資料; 下載自 https://data.fda.gov.tw/data/opendata/export/20/csv (政府資料開放平臺 data.gov.tw dataset id 8543 / TFDA opendata InfoId=20); 查詢頁 https://consumer.fda.gov.tw/Food/TFND.aspx?nodeID=178 ; 整合編號=D3400204 (樣品基本資料)
水果類,檸檬柑,"三寶柑,甜檸檬",Citrus sulcata Hort. ex Takahashi,D3400205,48.0,1.1,0.1,12.2,衛生福利部食品藥物管理署 台灣食品成分資料庫(食品營養成分資料庫)開放資料; 下載自 https://data.fda.gov.tw/data/opendata/export/20/csv (政府資料開放平臺 data.gov.tw dataset id 8543 / TFDA opendata InfoId=20); 查詢頁 https://consumer.fda.gov.tw/Food/TFND.aspx?nodeID=178 ; 整合編號=D3400205 (樣品基本資料)
水果類,砂糖橘,"十月桔,沙糖桔,沙糖橘,砂糖桔",Shatangju;Mandarin,D3400206,50.0,0.7,0.3,12.6,衛生福利部食品藥物管理署 台灣食品成分資料庫(食品營養成分資料庫)開放資料; 下載自 https://data.fda.gov.tw/data/opendata/export/20/csv (政府資料開放平臺 data.gov.tw dataset id 8543 / TFDA opendata InfoId=20); 查詢頁 https://consumer.fda.gov.tw/Food/TFND.aspx?nodeID=178 ; 整合編號=D3400206 (樣品基本資料)
水果類,長果金柑,"金棗,羅浮柑",Kumquat; Oval kumquat  ,D3400301,56.0,1.0,0.2,14.1,衛生福利部食品藥物管理署 台灣食品成分資料庫(食品營養成分資料庫)開放資料; 下載自 https://data.fda.gov.tw/data/opendata/export/20/csv (政府資料開放平臺 data.gov.tw dataset id 8543 / TFDA opendata InfoId=20); 查詢頁 https://consumer.fda.gov.tw/Food/TFND.aspx?nodeID=178 ; 整合編號=D3400301 (樣品基本資料)
水果類,圓果金柑,"金桔,金橘,桔子",Kumquat; Round kumquat,D3400302,32.0,0.7,0.2,7.6,衛生福利部食品藥物管理署 台灣食品成分資料庫(食品營養成分資料庫)開放資料; 下載自 https://data.fda.gov.tw/data/opendata/export/20/csv (政府資料開放平臺 data.gov.tw dataset id 8543 / TFDA opendata InfoId=20); 查詢頁 https://consumer.fda.gov.tw/Food/TFND.aspx?nodeID=178 ; 整合編號=D3400302 (樣品基本資料)
水果類,圓果金柑汁(綠皮),"金桔,金橘,桔子",Kumquat juice; Round kumquat juice,D3400303,32.0,0.9,0.1,8.0,衛生福利部食品藥物管理署 台灣食品成分資料庫(食品營養成分資料庫)開放資料; 下載自 https://data.fda.gov.tw/data/opendata/export/20/csv (政府資料開放平臺 data.gov.tw dataset id 8543 / TFDA opendata InfoId=20); 查詢頁 https://consumer.fda.gov.tw/Food/TFND.aspx?nodeID=178 ; 整合編號=D3400303 (樣品基本資料)
水果類,文旦,"柚子,內紫,朱欒,香欒,座凡,拋,欒",Shaddocks; Pomelo; Pummelo,D3500101,34.0,0.7,0.1,8.8,衛生福利部食品藥物管理署 台灣食品成分資料庫(食品營養成分資料庫)開放資料; 下載自 https://data.fda.gov.tw/data/opendata/export/20/csv (政府資料開放平臺 data.gov.tw dataset id 8543 / TFDA opendata InfoId=20); 查詢頁 https://consumer.fda.gov.tw/Food/TFND.aspx?nodeID=178 ; 整合編號=D3500101 (樣品基本資料)
水果類,文旦(2023年取樣),"麻豆文旦,文旦柚","Pummelo,Pomelo, Shaddock",D3500102,48.0,0.6,0.0,12.7,衛生福利部食品藥物管理署 台灣食品成分資料庫(食品營養成分資料庫)開放資料; 下載自 https://data.fda.gov.tw/data/opendata/export/20/csv (政府資料開放平臺 data.gov.tw dataset id 8543 / TFDA opendata InfoId=20); 查詢頁 https://consumer.fda.gov.tw/Food/TFND.aspx?nodeID=178 ; 整合編號=D3500102 (樣品基本資料)
水果類,白柚,"柚子,內紫,朱欒,香欒,座凡,拋,欒",White shaddocks; White pummelo,D3500201,37.0,0.6,0.1,9.6,衛生福利部食品藥物管理署 台灣食品成分資料庫(食品營養成分資料庫)開放資料; 下載自 https://data.fda.gov.tw/data/opendata/export/20/csv (政府資料開放平臺 data.gov.tw dataset id 8543 / TFDA opendata InfoId=20); 查詢頁 https://consumer.fda.gov.tw/Food/TFND.aspx?nodeID=178 ; 整合編號=D3500201 (樣品基本資料)
水果類,西施蜜柚,"柚子,內紫,朱欒,香欒,座凡,拋,欒(西施柚)",Shaddocks; Pomelo; Pummelo,D3500301,40.0,0.8,0.2,10.1,衛生福利部食品藥物管理署 台灣食品成分資料庫(食品營養成分資料庫)開放資料; 下載自 https://data.fda.gov.tw/data/opendata/export/20/csv (政府資料開放平臺 data.gov.tw dataset id 8543 / TFDA opendata InfoId=20); 查詢頁 https://consumer.fda.gov.tw/Food/TFND.aspx?nodeID=178 ; 整合編號=D3500301 (樣品基本資料)
水果類,甜橙平均值(普遍系),"甜橙,柳橙,柳丁,印子柑,廣柑",Mandarin orange; Sweet orange; Lin-cheng (orange);,D36001,46.0,0.8,0.2,11.3,衛生福利部食品藥物管理署 台灣食品成分資料庫(食品營養成分資料庫)開放資料; 下載自 https://data.fda.gov.tw/data/opendata/export/20/csv (政府資料開放平臺 data.gov.tw dataset id 8543 / TFDA opendata InfoId=20); 查詢頁 https://consumer.fda.gov.tw/Food/TFND.aspx?nodeID=178 ; 整合編號=D36001 (樣品平均值)
水果類,柳橙,"甜橙,柳橙,柳丁,印子柑,廣柑",Orange,D3600101,44.0,0.8,0.1,11.0,衛生福利部食品藥物管理署 台灣食品成分資料庫(食品營養成分資料庫)開放資料; 下載自 https://data.fda.gov.tw/data/opendata/export/20/csv (政府資料開放平臺 data.gov.tw dataset id 8543 / TFDA opendata InfoId=20); 查詢頁 https://consumer.fda.gov.tw/Food/TFND.aspx?nodeID=178 ; 整合編號=D3600101 (樣品基本資料)
水果類,香吉士(進口),"甜橙,柳橙,柳丁,印子柑,廣柑",Orange: Sunkist; ,D3600102,47.0,0.7,0.5,11.4,衛生福利部食品藥物管理署 台灣食品成分資料庫(食品營養成分資料庫)開放資料; 下載自 https://data.fda.gov.tw/data/opendata/export/20/csv (政府資料開放平臺 data.gov.tw dataset id 8543 / TFDA opendata InfoId=20); 查詢頁 https://consumer.fda.gov.tw/Food/TFND.aspx?nodeID=178 ; 整合編號=D3600102 (樣品基本資料)
水果類,澳洲甜橙(進口),"甜橙,柳橙,柳丁,印子柑,廣柑",Orange: Australia ,D3600103,46.0,0.9,0.1,11.6,衛生福利部食品藥物管理署 台灣食品成分資料庫(食品營養成分資料庫)開放資料; 下載自 https://data.fda.gov.tw/data/opendata/export/20/csv (政府資料開放平臺 data.gov.tw dataset id 8543 / TFDA opendata InfoId=20); 查詢頁 https://consumer.fda.gov.tw/Food/TFND.aspx?nodeID=178 ; 整合編號=D3600103 (樣品基本資料)
水果類,青皮葡萄柚,"西柚,朱欒",Grapefruit; Pomelo,D3700101,33.0,0.8,0.1,8.3,衛生福利部食品藥物管理署 台灣食品成分資料庫(食品營養成分資料庫)開放資料; 下載自 https://data.fda.gov.tw/data/opendata/export/20/csv (政府資料開放平臺 data.gov.tw dataset id 8543 / TFDA opendata InfoId=20); 查詢頁 https://consumer.fda.gov.tw/Food/TFND.aspx?nodeID=178 ; 整合編號=D3700101 (樣品基本資料)
水果類,紅寶石葡萄柚(古坑),"西柚,朱欒",Ruby Grapefruit; Pomelo; Ruby Red; ,D3700201,37.0,0.7,0.3,8.9,衛生福利部食品藥物管理署 台灣食品成分資料庫(食品營養成分資料庫)開放資料; 下載自 https://data.fda.gov.tw/data/opendata/export/20/csv (政府資料開放平臺 data.gov.tw dataset id 8543 / TFDA opendata InfoId=20); 查詢頁 https://consumer.fda.gov.tw/Food/TFND.aspx?nodeID=178 ; 整合編號=D3700201 (樣品基本資料)
水果類,黃皮葡萄柚(進口),"西柚,朱欒",Grapefruit; Pomelo,D3700301,38.0,0.7,0.1,9.7,衛生福利部食品藥物管理署 台灣食品成分資料庫(食品營養成分資料庫)開放資料; 下載自 https://data.fda.gov.tw/data/opendata/export/20/csv (政府資料開放平臺 data.gov.tw dataset id 8543 / TFDA opendata InfoId=20); 查詢頁 https://consumer.fda.gov.tw/Food/TFND.aspx?nodeID=178 ; 整合編號=D3700301 (樣品基本資料)
水果類,黃皮葡萄柚,"西柚,朱欒",Grapefruit; Pomelo,D3700401,37.0,0.7,0.2,9.2,衛生福利部食品藥物管理署 台灣食品成分資料庫(食品營養成分資料庫)開放資料; 下載自 https://data.fda.gov.tw/data/opendata/export/20/csv (政府資料開放平臺 data.gov.tw dataset id 8543 / TFDA opendata InfoId=20); 查詢頁 https://consumer.fda.gov.tw/Food/TFND.aspx?nodeID=178 ; 整合編號=D3700401 (樣品基本資料)
水果類,檸檬,,Lemon,D3800101,33.0,0.7,0.5,7.4,衛生福利部食品藥物管理署 台灣食品成分資料庫(食品營養成分資料庫)開放資料; 下載自 https://data.fda.gov.tw/data/opendata/export/20/csv (政府資料開放平臺 data.gov.tw dataset id 8543 / TFDA opendata InfoId=20); 查詢頁 https://consumer.fda.gov.tw/Food/TFND.aspx?nodeID=178 ; 整合編號=D3800101 (樣品基本資料)
水果類,萊姆,無子檸檬,Lime,D3800201,38.0,0.5,1.0,7.7,衛生福利部食品藥物管理署 台灣食品成分資料庫(食品營養成分資料庫)開放資料; 下載自 https://data.fda.gov.tw/data/opendata/export/20/csv (政府資料開放平臺 data.gov.tw dataset id 8543 / TFDA opendata InfoId=20); 查詢頁 https://consumer.fda.gov.tw/Food/TFND.aspx?nodeID=178 ; 整合編號=D3800201 (樣品基本資料)
水果類,檸檬汁平均值,,Lemon juice,D38003,31.0,0.5,0.4,7.0,衛生福利部食品藥物管理署 台灣食品成分資料庫(食品營養成分資料庫)開放資料; 下載自 https://data.fda.gov.tw/data/opendata/export/20/csv (政府資料開放平臺 data.gov.tw dataset id 8543 / TFDA opendata InfoId=20); 查詢頁 https://consumer.fda.gov.tw/Food/TFND.aspx?nodeID=178 ; 整合編號=D38003 (樣品平均值)
水果類,檸檬汁(黃皮),,Lemon juice,D3800301,30.0,0.5,0.3,7.2,衛生福利部食品藥物管理署 台灣食品成分資料庫(食品營養成分資料庫)開放資料; 下載自 https://data.fda.gov.tw/data/opendata/export/20/csv (政府資料開放平臺 data.gov.tw dataset id 8543 / TFDA opendata InfoId=20); 查詢頁 https://consumer.fda.gov.tw/Food/TFND.aspx?nodeID=178 ; 整合編號=D3800301 (樣品基本資料)
水果類,檸檬汁(綠皮),,Lemon juice,D3800302,31.0,0.4,0.6,6.9,衛生福利部食品藥物管理署 台灣食品成分資料庫(食品營養成分資料庫)開放資料; 下載自 https://data.fda.gov.tw/data/opendata/export/20/csv (政府資料開放平臺 data.gov.tw dataset id 8543 / TFDA opendata InfoId=20); 查詢頁 https://consumer.fda.gov.tw/Food/TFND.aspx?nodeID=178 ; 整合編號=D3800302 (樣品基本資料)
水果類,萊姆汁,無子檸檬,Lime,D3830102,34.0,0.3,0.5,8.1,衛生福利部食品藥物管理署 台灣食品成分資料庫(食品營養成分資料庫)開放資料; 下載自 https://data.fda.gov.tw/data/opendata/export/20/csv (政府資料開放平臺 data.gov.tw dataset id 8543 / TFDA opendata InfoId=20); 查詢頁 https://consumer.fda.gov.tw/Food/TFND.aspx?nodeID=178 ; 整合編號=D3830102 (樣品基本資料)
水果類,紅甘蔗汁,甘蔗汁、高貴蔗汁、果蔗汁、干蔗汁、薯蔗汁、竹蔗汁,Sugarcane、Noble sugar cane,D3930101,76.0,0.5,0.2,20.2,衛生福利部食品藥物管理署 台灣食品成分資料庫(食品營養成分資料庫)開放資料; 下載自 https://data.fda.gov.tw/data/opendata/export/20/csv (政府資料開放平臺 data.gov.tw dataset id 8543 / TFDA opendata InfoId=20); 查詢頁 https://consumer.fda.gov.tw/Food/TFND.aspx?nodeID=178 ; 整合編號=D3930101 (樣品基本資料)
水果類,"紅甘蔗汁(有機,2023年取樣)",甘蔗汁、高貴蔗汁、果蔗汁、干蔗汁、薯蔗汁、竹蔗汁,Sugarcane、Noble sugar cane,D3930102,72.0,0.2,0.4,18.8,衛生福利部食品藥物管理署 台灣食品成分資料庫(食品營養成分資料庫)開放資料; 下載自 https://data.fda.gov.tw/data/opendata/export/20/csv (政府資料開放平臺 data.gov.tw dataset id 8543 / TFDA opendata InfoId=20); 查詢頁 https://consumer.fda.gov.tw/Food/TFND.aspx?nodeID=178 ; 整合編號=D3930102 (樣品基本資料)
水果類,人心果,"吳鳳柿,沙漠吉拉,查某囝仔,人蔘果",Sapodilla,D4000101,83.0,0.6,0.8,20.5,衛生福利部食品藥物管理署 台灣食品成分資料庫(食品營養成分資料庫)開放資料; 下載自 https://data.fda.gov.tw/data/opendata/export/20/csv (政府資料開放平臺 data.gov.tw dataset id 8543 / TFDA opendata InfoId=20); 查詢頁 https://consumer.fda.gov.tw/Food/TFND.aspx?nodeID=178 ; 整合編號=D4000101 (樣品基本資料)
水果類,可可椰子汁平均值,"椰子汁,越王頭汁",Coconut juice; Coco palm juice; Coconut terr juice,D41301,17.0,0.1,0.1,4.4,衛生福利部食品藥物管理署 台灣食品成分資料庫(食品營養成分資料庫)開放資料; 下載自 https://data.fda.gov.tw/data/opendata/export/20/csv (政府資料開放平臺 data.gov.tw dataset id 8543 / TFDA opendata InfoId=20); 查詢頁 https://consumer.fda.gov.tw/Food/TFND.aspx?nodeID=178 ; 整合編號=D41301 (樣品平均值)
水果類,可可椰子汁(屏東),"椰子汁,越王頭汁",Coconut juice; Coco palm juice; Coconut terr juice,D4130101,16.0,0.1,0.2,3.8,衛生福利部食品藥物管理署 台灣食品成分資料庫(食品營養成分資料庫)開放資料; 下載自 https://data.fda.gov.tw/data/opendata/export/20/csv (政府資料開放平臺 data.gov.tw dataset id 8543 / TFDA opendata InfoId=20); 查詢頁 https://consumer.fda.gov.tw/Food/TFND.aspx?nodeID=178 ; 整合編號=D4130101 (樣品基本資料)
水果類,可可椰子汁(進口),"椰子汁,越王頭汁",Coconut juice; Coco palm juice; Coconut terr juice,D4130102,19.0,0.2,0.0,5.0,衛生福利部食品藥物管理署 台灣食品成分資料庫(食品營養成分資料庫)開放資料; 下載自 https://data.fda.gov.tw/data/opendata/export/20/csv (政府資料開放平臺 data.gov.tw dataset id 8543 / TFDA opendata InfoId=20); 查詢頁 https://consumer.fda.gov.tw/Food/TFND.aspx?nodeID=178 ; 整合編號=D4130102 (樣品基本資料)
水果類,蛋黃果,仙桃,Peach; Egg apple; Egg-fruit; Canistel,D4300101,106.0,1.4,0.3,27.3,衛生福利部食品藥物管理署 台灣食品成分資料庫(食品營養成分資料庫)開放資料; 下載自 https://data.fda.gov.tw/data/opendata/export/20/csv (政府資料開放平臺 data.gov.tw dataset id 8543 / TFDA opendata InfoId=20); 查詢頁 https://consumer.fda.gov.tw/Food/TFND.aspx?nodeID=178 ; 整合編號=D4300101 (樣品基本資料)
水果類,無花果,,Fig,D4400101,67.0,1.2,0.4,16.5,衛生福利部食品藥物管理署 台灣食品成分資料庫(食品營養成分資料庫)開放資料; 下載自 https://data.fda.gov.tw/data/opendata/export/20/csv (政府資料開放平臺 data.gov.tw dataset id 8543 / TFDA opendata InfoId=20); 查詢頁 https://consumer.fda.gov.tw/Food/TFND.aspx?nodeID=178 ; 整合編號=D4400101 (樣品基本資料)
水果類,無花果乾,無花果,"Fig, dried",D4410101,328.0,3.6,4.3,77.8,衛生福利部食品藥物管理署 台灣食品成分資料庫(食品營養成分資料庫)開放資料; 下載自 https://data.fda.gov.tw/data/opendata/export/20/csv (政府資料開放平臺 data.gov.tw dataset id 8543 / TFDA opendata InfoId=20); 查詢頁 https://consumer.fda.gov.tw/Food/TFND.aspx?nodeID=178 ; 整合編號=D4410101 (樣品基本資料)
水果類,黃金果,黃晶果,"Abiu, Caimito",D4500101,44.0,0.9,0.2,11.0,衛生福利部食品藥物管理署 台灣食品成分資料庫(食品營養成分資料庫)開放資料; 下載自 https://data.fda.gov.tw/data/opendata/export/20/csv (政府資料開放平臺 data.gov.tw dataset id 8543 / TFDA opendata InfoId=20); 查詢頁 https://consumer.fda.gov.tw/Food/TFND.aspx?nodeID=178 ; 整合編號=D4500101 (樣品基本資料)
水果類,菠蘿蜜,"天波羅,樹波羅",Jack Fruit,D4600101,108.0,1.0,0.2,28.4,衛生福利部食品藥物管理署 台灣食品成分資料庫(食品營養成分資料庫)開放資料; 下載自 https://data.fda.gov.tw/data/opendata/export/20/csv (政府資料開放平臺 data.gov.tw dataset id 8543 / TFDA opendata InfoId=20); 查詢頁 https://consumer.fda.gov.tw/Food/TFND.aspx?nodeID=178 ; 整合編號=D4600101 (樣品基本資料)
水果類,榴槤蜜,"尖百達,尖蜜拉,小樹菠蘿,小波羅蜜",Chempedak,D4600201,124.0,1.6,0.1,32.6,衛生福利部食品藥物管理署 台灣食品成分資料庫(食品營養成分資料庫)開放資料; 下載自 https://data.fda.gov.tw/data/opendata/export/20/csv (政府資料開放平臺 data.gov.tw dataset id 8543 / TFDA opendata InfoId=20); 查詢頁 https://consumer.fda.gov.tw/Food/TFND.aspx?nodeID=178 ; 整合編號=D4600201 (樣品基本資料)
水果類,牛奶果,星蘋果,star apple,D4700101,62.0,0.8,0.3,15.8,衛生福利部食品藥物管理署 台灣食品成分資料庫(食品營養成分資料庫)開放資料; 下載自 https://data.fda.gov.tw/data/opendata/export/20/csv (政府資料開放平臺 data.gov.tw dataset id 8543 / TFDA opendata InfoId=20); 查詢頁 https://consumer.fda.gov.tw/Food/TFND.aspx?nodeID=178 ; 整合編號=D4700101 (樣品基本資料)
水果類,餘甘子,"油柑,油甘",,D4800101,43.0,0.3,0.3,10.8,衛生福利部食品藥物管理署 台灣食品成分資料庫(食品營養成分資料庫)開放資料; 下載自 https://data.fda.gov.tw/data/opendata/export/20/csv (政府資料開放平臺 data.gov.tw dataset id 8543 / TFDA opendata InfoId=20); 查詢頁 https://consumer.fda.gov.tw/Food/TFND.aspx?nodeID=178 ; 整合編號=D4800101 (樣品基本資料)
水果類,嘉寶果,樹葡萄,Jaboticaba,D4900101,59.0,0.3,0.3,15.3,衛生福利部食品藥物管理署 台灣食品成分資料庫(食品營養成分資料庫)開放資料; 下載自 https://data.fda.gov.tw/data/opendata/export/20/csv (政府資料開放平臺 data.gov.tw dataset id 8543 / TFDA opendata InfoId=20); 查詢頁 https://consumer.fda.gov.tw/Food/TFND.aspx?nodeID=178 ; 整合編號=D4900101 (樣品基本資料)
水果類,藍莓(台灣),,Blueberries,D5000101,53.0,0.5,0.3,13.6,衛生福利部食品藥物管理署 台灣食品成分資料庫(食品營養成分資料庫)開放資料; 下載自 https://data.fda.gov.tw/data/opendata/export/20/csv (政府資料開放平臺 data.gov.tw dataset id 8543 / TFDA opendata InfoId=20); 查詢頁 https://consumer.fda.gov.tw/Food/TFND.aspx?nodeID=178 ; 整合編號=D5000101 (樣品基本資料)
油脂類,牛油(未精煉),,Tallow,M0100101,642.0,0.0,71.9,4.2,衛生福利部食品藥物管理署 台灣食品成分資料庫(食品營養成分資料庫)開放資料; 下載自 https://data.fda.gov.tw/data/opendata/export/20/csv (政府資料開放平臺 data.gov.tw dataset id 8543 / TFDA opendata InfoId=20); 查詢頁 https://consumer.fda.gov.tw/Food/TFND.aspx?nodeID=178 ; 整合編號=M0100101 (樣品基本資料)
油脂類,牛油(精煉),,Tallow,M0100201,885.0,0.0,99.1,0.6,衛生福利部食品藥物管理署 台灣食品成分資料庫(食品營養成分資料庫)開放資料; 下載自 https://data.fda.gov.tw/data/opendata/export/20/csv (政府資料開放平臺 data.gov.tw dataset id 8543 / TFDA opendata InfoId=20); 查詢頁 https://consumer.fda.gov.tw/Food/TFND.aspx?nodeID=178 ; 整合編號=M0100201 (樣品基本資料)
油脂類,豬油,,Lard,M0200101,890.0,0.0,99.7,0.0,衛生福利部食品藥物管理署 台灣食品成分資料庫(食品營養成分資料庫)開放資料; 下載自 https://data.fda.gov.tw/data/opendata/export/20/csv (政府資料開放平臺 data.gov.tw dataset id 8543 / TFDA opendata InfoId=20); 查詢頁 https://consumer.fda.gov.tw/Food/TFND.aspx?nodeID=178 ; 整合編號=M0200101 (樣品基本資料)
油脂類,豬油(2022年取樣),,Lard,M0200102,892.0,0.0,99.9,0.0,衛生福利部食品藥物管理署 台灣食品成分資料庫(食品營養成分資料庫)開放資料; 下載自 https://data.fda.gov.tw/data/opendata/export/20/csv (政府資料開放平臺 data.gov.tw dataset id 8543 / TFDA opendata InfoId=20); 查詢頁 https://consumer.fda.gov.tw/Food/TFND.aspx?nodeID=178 ; 整合編號=M0200102 (樣品基本資料)
油脂類,高油酸豬油,,Lard: high oleic,M0200201,893.0,0.0,100.0,0.0,衛生福利部食品藥物管理署 台灣食品成分資料庫(食品營養成分資料庫)開放資料; 下載自 https://data.fda.gov.tw/data/opendata/export/20/csv (政府資料開放平臺 data.gov.tw dataset id 8543 / TFDA opendata InfoId=20); 查詢頁 https://consumer.fda.gov.tw/Food/TFND.aspx?nodeID=178 ; 整合編號=M0200201 (樣品基本資料)
油脂類,雞油,,Chicken oil,M0300101,891.0,0.0,99.8,0.0,衛生福利部食品藥物管理署 台灣食品成分資料庫(食品營養成分資料庫)開放資料; 下載自 https://data.fda.gov.tw/data/opendata/export/20/csv (政府資料開放平臺 data.gov.tw dataset id 8543 / TFDA opendata InfoId=20); 查詢頁 https://consumer.fda.gov.tw/Food/TFND.aspx?nodeID=178 ; 整合編號=M0300101 (樣品基本資料)
油脂類,"奶油(固態,不加鹽)","動物性奶油(CNS命名""乳酪"")",Butter: unsalted,M0900101,733.0,0.6,82.7,0.9,衛生福利部食品藥物管理署 台灣食品成分資料庫(食品營養成分資料庫)開放資料; 下載自 https://data.fda.gov.tw/data/opendata/export/20/csv (政府資料開放平臺 data.gov.tw dataset id 8543 / TFDA opendata InfoId=20); 查詢頁 https://consumer.fda.gov.tw/Food/TFND.aspx?nodeID=178 ; 整合編號=M0900101 (樣品基本資料)
油脂類,"奶油(固態,加鹽)","動物性奶油(CNS命名""乳酪"")",Butter: salted,M0900201,699.0,0.7,77.5,3.7,衛生福利部食品藥物管理署 台灣食品成分資料庫(食品營養成分資料庫)開放資料; 下載自 https://data.fda.gov.tw/data/opendata/export/20/csv (政府資料開放平臺 data.gov.tw dataset id 8543 / TFDA opendata InfoId=20); 查詢頁 https://consumer.fda.gov.tw/Food/TFND.aspx?nodeID=178 ; 整合編號=M0900201 (樣品基本資料)
油脂類,奶油(液態),"動物性奶油,鮮奶油(CNS命名""乳油"")",Cream,M0900301,340.0,2.0,39.1,0.0,衛生福利部食品藥物管理署 台灣食品成分資料庫(食品營養成分資料庫)開放資料; 下載自 https://data.fda.gov.tw/data/opendata/export/20/csv (政府資料開放平臺 data.gov.tw dataset id 8543 / TFDA opendata InfoId=20); 查詢頁 https://consumer.fda.gov.tw/Food/TFND.aspx?nodeID=178 ; 整合編號=M0900301 (樣品基本資料)
油脂類,人造奶油(維生素強化),植物性奶油,Margarine,M1000101,725.0,0.1,82.0,0.0,衛生福利部食品藥物管理署 台灣食品成分資料庫(食品營養成分資料庫)開放資料; 下載自 https://data.fda.gov.tw/data/opendata/export/20/csv (政府資料開放平臺 data.gov.tw dataset id 8543 / TFDA opendata InfoId=20); 查詢頁 https://consumer.fda.gov.tw/Food/TFND.aspx?nodeID=178 ; 整合編號=M1000101 (樣品基本資料)
油脂類,人造奶油(2021年取樣),乳瑪琳,"Milkmarrine,Margarine",M1000102,722.0,0.1,81.7,1.7,衛生福利部食品藥物管理署 台灣食品成分資料庫(食品營養成分資料庫)開放資料; 下載自 https://data.fda.gov.tw/data/opendata/export/20/csv (政府資料開放平臺 data.gov.tw dataset id 8543 / TFDA opendata InfoId=20); 查詢頁 https://consumer.fda.gov.tw/Food/TFND.aspx?nodeID=178 ; 整合編號=M1000102 (樣品基本資料)
油脂類,中脂人造奶油,植物性奶油,Margarine,M1000201,674.0,0.0,76.2,1.3,衛生福利部食品藥物管理署 台灣食品成分資料庫(食品營養成分資料庫)開放資料; 下載自 https://data.fda.gov.tw/data/opendata/export/20/csv (政府資料開放平臺 data.gov.tw dataset id 8543 / TFDA opendata InfoId=20); 查詢頁 https://consumer.fda.gov.tw/Food/TFND.aspx?nodeID=178 ; 整合編號=M1000201 (樣品基本資料)
油脂類,人造奶油(低熱量),,Margarine: low calorie,M1000301,94.0,2.5,10.6,29.6,衛生福利部食品藥物管理署 台灣食品成分資料庫(食品營養成分資料庫)開放資料; 下載自 https://data.fda.gov.tw/data/opendata/export/20/csv (政府資料開放平臺 data.gov.tw dataset id 8543 / TFDA opendata InfoId=20); 查詢頁 https://consumer.fda.gov.tw/Food/TFND.aspx?nodeID=178 ; 整合編號=M1000301 (樣品基本資料)
油脂類,大豆油,"黃豆油,沙拉油",Soybean oil,M1100101,884.0,0.0,100.0,0.0,衛生福利部食品藥物管理署 台灣食品成分資料庫(食品營養成分資料庫)開放資料; 下載自 https://data.fda.gov.tw/data/opendata/export/20/csv (政府資料開放平臺 data.gov.tw dataset id 8543 / TFDA opendata InfoId=20); 查詢頁 https://consumer.fda.gov.tw/Food/TFND.aspx?nodeID=178 ; 整合編號=M1100101 (樣品基本資料)
油脂類,大豆油(卵磷脂強化),,Soybean oil: lecithin enriched,M1100201,880.0,0.0,99.6,0.0,衛生福利部食品藥物管理署 台灣食品成分資料庫(食品營養成分資料庫)開放資料; 下載自 https://data.fda.gov.tw/data/opendata/export/20/csv (政府資料開放平臺 data.gov.tw dataset id 8543 / TFDA opendata InfoId=20); 查詢頁 https://consumer.fda.gov.tw/Food/TFND.aspx?nodeID=178 ; 整合編號=M1100201 (樣品基本資料)
油脂類,大豆油(多種維生素強化),沙拉油,Soybean oil: multi-vitamins enriched,M1100301,883.0,0.0,99.9,0.0,衛生福利部食品藥物管理署 台灣食品成分資料庫(食品營養成分資料庫)開放資料; 下載自 https://data.fda.gov.tw/data/opendata/export/20/csv (政府資料開放平臺 data.gov.tw dataset id 8543 / TFDA opendata InfoId=20); 查詢頁 https://consumer.fda.gov.tw/Food/TFND.aspx?nodeID=178 ; 整合編號=M1100301 (樣品基本資料)
油脂類,玉米油,"粟米油,玉米胚芽油",Corn oil; Maize oil,M1200101,883.0,0.0,99.8,0.1,衛生福利部食品藥物管理署 台灣食品成分資料庫(食品營養成分資料庫)開放資料; 下載自 https://data.fda.gov.tw/data/opendata/export/20/csv (政府資料開放平臺 data.gov.tw dataset id 8543 / TFDA opendata InfoId=20); 查詢頁 https://consumer.fda.gov.tw/Food/TFND.aspx?nodeID=178 ; 整合編號=M1200101 (樣品基本資料)
油脂類,米油(秈米),"米糠油,玄米油,胚芽米油",Rice oil; Rice bran oil,M1300101,883.0,0.1,99.9,0.0,衛生福利部食品藥物管理署 台灣食品成分資料庫(食品營養成分資料庫)開放資料; 下載自 https://data.fda.gov.tw/data/opendata/export/20/csv (政府資料開放平臺 data.gov.tw dataset id 8543 / TFDA opendata InfoId=20); 查詢頁 https://consumer.fda.gov.tw/Food/TFND.aspx?nodeID=178 ; 整合編號=M1300101 (樣品基本資料)
油脂類,米油(粳米),"米糠油,玄米油,胚芽米油",Rice oil; Rice bran oil,M1300201,883.0,0.0,99.9,0.0,衛生福利部食品藥物管理署 台灣食品成分資料庫(食品營養成分資料庫)開放資料; 下載自 https://data.fda.gov.tw/data/opendata/export/20/csv (政府資料開放平臺 data.gov.tw dataset id 8543 / TFDA opendata InfoId=20); 查詢頁 https://consumer.fda.gov.tw/Food/TFND.aspx?nodeID=178 ; 整合編號=M1300201 (樣品基本資料)
油脂類,亞麻仁油,,,M1400101,820.0,0.2,92.8,6.9,衛生福利部食品藥物管理署 台灣食品成分資料庫(食品營養成分資料庫)開放資料; 下載自 https://data.fda.gov.tw/data/opendata/export/20/csv (政府資料開放平臺 data.gov.tw dataset id 8543 / TFDA opendata InfoId=20); 查詢頁 https://consumer.fda.gov.tw/Food/TFND.aspx?nodeID=178 ; 整合編號=M1400101 (樣品基本資料)
油脂類,白芝麻油,,Sesame oil: white,M1500101,884.0,0.1,100.0,0.0,衛生福利部食品藥物管理署 台灣食品成分資料庫(食品營養成分資料庫)開放資料; 下載自 https://data.fda.gov.tw/data/opendata/export/20/csv (政府資料開放平臺 data.gov.tw dataset id 8543 / TFDA opendata InfoId=20); 查詢頁 https://consumer.fda.gov.tw/Food/TFND.aspx?nodeID=178 ; 整合編號=M1500101 (樣品基本資料)
油脂類,黑芝麻油,,Sesame oil: black,M1500201,881.0,0.1,99.7,0.2,衛生福利部食品藥物管理署 台灣食品成分資料庫(食品營養成分資料庫)開放資料; 下載自 https://data.fda.gov.tw/data/opendata/export/20/csv (政府資料開放平臺 data.gov.tw dataset id 8543 / TFDA opendata InfoId=20); 查詢頁 https://consumer.fda.gov.tw/Food/TFND.aspx?nodeID=178 ; 整合編號=M1500201 (樣品基本資料)
油脂類,調合芝麻油,,Blending sesame oil,M1550101,884.0,0.1,100.0,0.0,衛生福利部食品藥物管理署 台灣食品成分資料庫(食品營養成分資料庫)開放資料; 下載自 https://data.fda.gov.tw/data/opendata/export/20/csv (政府資料開放平臺 data.gov.tw dataset id 8543 / TFDA opendata InfoId=20); 查詢頁 https://consumer.fda.gov.tw/Food/TFND.aspx?nodeID=178 ; 整合編號=M1550101 (樣品基本資料)
油脂類,花生油,,Peanut (arachis) oil,M1600101,883.0,0.0,99.9,0.0,衛生福利部食品藥物管理署 台灣食品成分資料庫(食品營養成分資料庫)開放資料; 下載自 https://data.fda.gov.tw/data/opendata/export/20/csv (政府資料開放平臺 data.gov.tw dataset id 8543 / TFDA opendata InfoId=20); 查詢頁 https://consumer.fda.gov.tw/Food/TFND.aspx?nodeID=178 ; 整合編號=M1600101 (樣品基本資料)
油脂類,調合花生油,,Blending peanut oil,M1650101,884.0,0.0,100.0,0.0,衛生福利部食品藥物管理署 台灣食品成分資料庫(食品營養成分資料庫)開放資料; 下載自 https://data.fda.gov.tw/data/opendata/export/20/csv (政府資料開放平臺 data.gov.tw dataset id 8543 / TFDA opendata InfoId=20); 查詢頁 https://consumer.fda.gov.tw/Food/TFND.aspx?nodeID=178 ; 整合編號=M1650101 (樣品基本資料)
油脂類,油菜籽油,,Rapeseed oil,M1700101,883.0,0.0,99.9,0.0,衛生福利部食品藥物管理署 台灣食品成分資料庫(食品營養成分資料庫)開放資料; 下載自 https://data.fda.gov.tw/data/opendata/export/20/csv (政府資料開放平臺 data.gov.tw dataset id 8543 / TFDA opendata InfoId=20); 查詢頁 https://consumer.fda.gov.tw/Food/TFND.aspx?nodeID=178 ; 整合編號=M1700101 (樣品基本資料)
油脂類,芥花油,"芥花籽油,菜籽油",Canola oil,M1800101,883.0,0.0,99.9,0.0,衛生福利部食品藥物管理署 台灣食品成分資料庫(食品營養成分資料庫)開放資料; 下載自 https://data.fda.gov.tw/data/opendata/export/20/csv (政府資料開放平臺 data.gov.tw dataset id 8543 / TFDA opendata InfoId=20); 查詢頁 https://consumer.fda.gov.tw/Food/TFND.aspx?nodeID=178 ; 整合編號=M1800101 (樣品基本資料)
油脂類,南瓜籽油,,Pumpkin seed oil,M1900101,883.0,0.0,99.9,0.0,衛生福利部食品藥物管理署 台灣食品成分資料庫(食品營養成分資料庫)開放資料; 下載自 https://data.fda.gov.tw/data/opendata/export/20/csv (政府資料開放平臺 data.gov.tw dataset id 8543 / TFDA opendata InfoId=20); 查詢頁 https://consumer.fda.gov.tw/Food/TFND.aspx?nodeID=178 ; 整合編號=M1900101 (樣品基本資料)
油脂類,紅花籽油,,Safflower oil,M2000101,884.0,0.0,100.0,0.0,衛生福利部食品藥物管理署 台灣食品成分資料庫(食品營養成分資料庫)開放資料; 下載自 https://data.fda.gov.tw/data/opendata/export/20/csv (政府資料開放平臺 data.gov.tw dataset id 8543 / TFDA opendata InfoId=20); 查詢頁 https://consumer.fda.gov.tw/Food/TFND.aspx?nodeID=178 ; 整合編號=M2000101 (樣品基本資料)
油脂類,高油酸紅花籽油,,Safflower oil: high oleic acid,M2000201,880.0,0.0,99.6,0.4,衛生福利部食品藥物管理署 台灣食品成分資料庫(食品營養成分資料庫)開放資料; 下載自 https://data.fda.gov.tw/data/opendata/export/20/csv (政府資料開放平臺 data.gov.tw dataset id 8543 / TFDA opendata InfoId=20); 查詢頁 https://consumer.fda.gov.tw/Food/TFND.aspx?nodeID=178 ; 整合編號=M2000201 (樣品基本資料)
油脂類,核桃油,,Walnut oil,M2100101,883.0,0.0,99.9,0.0,衛生福利部食品藥物管理署 台灣食品成分資料庫(食品營養成分資料庫)開放資料; 下載自 https://data.fda.gov.tw/data/opendata/export/20/csv (政府資料開放平臺 data.gov.tw dataset id 8543 / TFDA opendata InfoId=20); 查詢頁 https://consumer.fda.gov.tw/Food/TFND.aspx?nodeID=178 ; 整合編號=M2100101 (樣品基本資料)
油脂類,油茶油,"苦茶(籽)油,山茶油,天綠果油,大果種油茶油",,M2200101,883.0,0.0,99.9,0.0,衛生福利部食品藥物管理署 台灣食品成分資料庫(食品營養成分資料庫)開放資料; 下載自 https://data.fda.gov.tw/data/opendata/export/20/csv (政府資料開放平臺 data.gov.tw dataset id 8543 / TFDA opendata InfoId=20); 查詢頁 https://consumer.fda.gov.tw/Food/TFND.aspx?nodeID=178 ; 整合編號=M2200101 (樣品基本資料)
油脂類,熟油茶油,"苦茶(籽)油,山茶油,天綠果油,大果種油茶油",,M2200201,883.0,0.0,99.9,0.0,衛生福利部食品藥物管理署 台灣食品成分資料庫(食品營養成分資料庫)開放資料; 下載自 https://data.fda.gov.tw/data/opendata/export/20/csv (政府資料開放平臺 data.gov.tw dataset id 8543 / TFDA opendata InfoId=20); 查詢頁 https://consumer.fda.gov.tw/Food/TFND.aspx?nodeID=178 ; 整合編號=M2200201 (樣品基本資料)
油脂類,高油酸棕櫚油,,Palm kernel oil: high oleic acid,M2300101,883.0,0.0,99.9,0.0,衛生福利部食品藥物管理署 台灣食品成分資料庫(食品營養成分資料庫)開放資料; 下載自 https://data.fda.gov.tw/data/opendata/export/20/csv (政府資料開放平臺 data.gov.tw dataset id 8543 / TFDA opendata InfoId=20); 查詢頁 https://consumer.fda.gov.tw/Food/TFND.aspx?nodeID=178 ; 整合編號=M2300101 (樣品基本資料)
油脂類,椰子油,,Coconut oil,M2400101,883.0,0.0,99.9,0.0,衛生福利部食品藥物管理署 台灣食品成分資料庫(食品營養成分資料庫)開放資料; 下載自 https://data.fda.gov.tw/data/opendata/export/20/csv (政府資料開放平臺 data.gov.tw dataset id 8543 / TFDA opendata InfoId=20); 查詢頁 https://consumer.fda.gov.tw/Food/TFND.aspx?nodeID=178 ; 整合編號=M2400101 (樣品基本資料)
油脂類,葵花籽油,,Sunflower oil,M2500101,884.0,0.0,100.0,0.0,衛生福利部食品藥物管理署 台灣食品成分資料庫(食品營養成分資料庫)開放資料; 下載自 https://data.fda.gov.tw/data/opendata/export/20/csv (政府資料開放平臺 data.gov.tw dataset id 8543 / TFDA opendata InfoId=20); 查詢頁 https://consumer.fda.gov.tw/Food/TFND.aspx?nodeID=178 ; 整合編號=M2500101 (樣品基本資料)
油脂類,葵花籽油(多種維生素強化),,Sunflower oil: multi-vitamin enriched,M2500201,883.0,0.0,99.9,0.0,衛生福利部食品藥物管理署 台灣食品成分資料庫(食品營養成分資料庫)開放資料; 下載自 https://data.fda.gov.tw/data/opendata/export/20/csv (政府資料開放平臺 data.gov.tw dataset id 8543 / TFDA opendata InfoId=20); 查詢頁 https://consumer.fda.gov.tw/Food/TFND.aspx?nodeID=178 ; 整合編號=M2500201 (樣品基本資料)
油脂類,高油酸葵花籽油,,Sunflower seed oil: high oleic acid,M2500301,883.0,0.0,99.9,0.0,衛生福利部食品藥物管理署 台灣食品成分資料庫(食品營養成分資料庫)開放資料; 下載自 https://data.fda.gov.tw/data/opendata/export/20/csv (政府資料開放平臺 data.gov.tw dataset id 8543 / TFDA opendata InfoId=20); 查詢頁 https://consumer.fda.gov.tw/Food/TFND.aspx?nodeID=178 ; 整合編號=M2500301 (樣品基本資料)
油脂類,葡萄籽油,,Grape seed oil,M2600101,884.0,0.0,100.0,0.0,衛生福利部食品藥物管理署 台灣食品成分資料庫(食品營養成分資料庫)開放資料; 下載自 https://data.fda.gov.tw/data/opendata/export/20/csv (政府資料開放平臺 data.gov.tw dataset id 8543 / TFDA opendata InfoId=20); 查詢頁 https://consumer.fda.gov.tw/Food/TFND.aspx?nodeID=178 ; 整合編號=M2600101 (樣品基本資料)
油脂類,橄欖油,,Olive oil,M2700101,884.0,0.0,100.0,0.0,衛生福利部食品藥物管理署 台灣食品成分資料庫(食品營養成分資料庫)開放資料; 下載自 https://data.fda.gov.tw/data/opendata/export/20/csv (政府資料開放平臺 data.gov.tw dataset id 8543 / TFDA opendata InfoId=20); 查詢頁 https://consumer.fda.gov.tw/Food/TFND.aspx?nodeID=178 ; 整合編號=M2700101 (樣品基本資料)
油脂類,烤酥油,,Shortening,M9900101,883.0,0.0,99.9,0.0,衛生福利部食品藥物管理署 台灣食品成分資料庫(食品營養成分資料庫)開放資料; 下載自 https://data.fda.gov.tw/data/opendata/export/20/csv (政府資料開放平臺 data.gov.tw dataset id 8543 / TFDA opendata InfoId=20); 查詢頁 https://consumer.fda.gov.tw/Food/TFND.aspx?nodeID=178 ; 整合編號=M9900101 (樣品基本資料)
油脂類,調合植物油,蔬菜油,Vegetable oil,M9900201,887.0,0.0,100.3,0.0,衛生福利部食品藥物管理署 台灣食品成分資料庫(食品營養成分資料庫)開放資料; 下載自 https://data.fda.gov.tw/data/opendata/export/20/csv (政府資料開放平臺 data.gov.tw dataset id 8543 / TFDA opendata InfoId=20); 查詢頁 https://consumer.fda.gov.tw/Food/TFND.aspx?nodeID=178 ; 整合編號=M9900201 (樣品基本資料)
油脂類,中鏈脂肪酸油,,Medium chain triglyceride oil,M9900301,883.0,0.0,99.9,0.0,衛生福利部食品藥物管理署 台灣食品成分資料庫(食品營養成分資料庫)開放資料; 下載自 https://data.fda.gov.tw/data/opendata/export/20/csv (政府資料開放平臺 data.gov.tw dataset id 8543 / TFDA opendata InfoId=20); 查詢頁 https://consumer.fda.gov.tw/Food/TFND.aspx?nodeID=178 ; 整合編號=M9900301 (樣品基本資料)
澱粉類,淮山,"山芋,山薯,田薯,薯蕷,長薯;淮山(加工後)",Chinese yam,B0100101,363.0,5.3,0.3,82.4,衛生福利部食品藥物管理署 台灣食品成分資料庫(食品營養成分資料庫)開放資料; 下載自 https://data.fda.gov.tw/data/opendata/export/20/csv (政府資料開放平臺 data.gov.tw dataset id 8543 / TFDA opendata InfoId=20); 查詢頁 https://consumer.fda.gov.tw/Food/TFND.aspx?nodeID=178 ; 整合編號=B0100101 (樣品基本資料)
澱粉類,山藥平均值,"山芋,山薯,田薯,薯蕷,長薯;淮山(加工後)",Chinese yam,B01002,85.0,2.8,0.1,17.8,衛生福利部食品藥物管理署 台灣食品成分資料庫(食品營養成分資料庫)開放資料; 下載自 https://data.fda.gov.tw/data/opendata/export/20/csv (政府資料開放平臺 data.gov.tw dataset id 8543 / TFDA opendata InfoId=20); 查詢頁 https://consumer.fda.gov.tw/Food/TFND.aspx?nodeID=178 ; 整合編號=B01002 (樣品平均值)
澱粉類,山藥(二刺),"山芋,山薯,田薯,薯蕷,長薯;淮山(加工後)",Chinese yam: Ell-Tsyh,B0100201,89.0,2.7,0.1,18.9,衛生福利部食品藥物管理署 台灣食品成分資料庫(食品營養成分資料庫)開放資料; 下載自 https://data.fda.gov.tw/data/opendata/export/20/csv (政府資料開放平臺 data.gov.tw dataset id 8543 / TFDA opendata InfoId=20); 查詢頁 https://consumer.fda.gov.tw/Food/TFND.aspx?nodeID=178 ; 整合編號=B0100201 (樣品基本資料)
澱粉類,山藥(大汕1號),"山芋,山薯,田薯,薯蕷,長薯;淮山(加工後)",Chinese yam: Da-Shan 1,B0100202,80.0,2.4,0.1,17.0,衛生福利部食品藥物管理署 台灣食品成分資料庫(食品營養成分資料庫)開放資料; 下載自 https://data.fda.gov.tw/data/opendata/export/20/csv (政府資料開放平臺 data.gov.tw dataset id 8543 / TFDA opendata InfoId=20); 查詢頁 https://consumer.fda.gov.tw/Food/TFND.aspx?nodeID=178 ; 整合編號=B0100202 (樣品基本資料)
澱粉類,山藥(大汕3號),"山芋,山薯,田薯,薯蕷,長薯;淮山(加工後)",Chinese yam: Da-Shen 3,B0100203,73.0,2.6,0.1,15.0,衛生福利部食品藥物管理署 台灣食品成分資料庫(食品營養成分資料庫)開放資料; 下載自 https://data.fda.gov.tw/data/opendata/export/20/csv (政府資料開放平臺 data.gov.tw dataset id 8543 / TFDA opendata InfoId=20); 查詢頁 https://consumer.fda.gov.tw/Food/TFND.aspx?nodeID=178 ; 整合編號=B0100203 (樣品基本資料)
澱粉類,山藥(大刺),"山芋,山薯,田薯,薯蕷,長薯;淮山(加工後)",Chinese yam: Da-Tsyh,B0100204,85.0,3.5,0.1,17.1,衛生福利部食品藥物管理署 台灣食品成分資料庫(食品營養成分資料庫)開放資料; 下載自 https://data.fda.gov.tw/data/opendata/export/20/csv (政府資料開放平臺 data.gov.tw dataset id 8543 / TFDA opendata InfoId=20); 查詢頁 https://consumer.fda.gov.tw/Food/TFND.aspx?nodeID=178 ; 整合編號=B0100204 (樣品基本資料)
澱粉類,山藥(中國長品),"山芋,山薯,田薯,薯蕷,長薯;淮山(加工後)",Chinese yam: Tong-Gwo-Taang-Piin,B0100205,74.0,2.5,0.1,15.5,衛生福利部食品藥物管理署 台灣食品成分資料庫(食品營養成分資料庫)開放資料; 下載自 https://data.fda.gov.tw/data/opendata/export/20/csv (政府資料開放平臺 data.gov.tw dataset id 8543 / TFDA opendata InfoId=20); 查詢頁 https://consumer.fda.gov.tw/Food/TFND.aspx?nodeID=178 ; 整合編號=B0100205 (樣品基本資料)
澱粉類,山藥(台農1號),"山芋,山薯,田薯,薯蕷,長薯;淮山(加工後)",Chinese yam: TNu 1,B0100206,93.0,2.6,0.1,19.9,衛生福利部食品藥物管理署 台灣食品成分資料庫(食品營養成分資料庫)開放資料; 下載自 https://data.fda.gov.tw/data/opendata/export/20/csv (政府資料開放平臺 data.gov.tw dataset id 8543 / TFDA opendata InfoId=20); 查詢頁 https://consumer.fda.gov.tw/Food/TFND.aspx?nodeID=178 ; 整合編號=B0100206 (樣品基本資料)
澱粉類,山藥(台農2號),"山芋,山薯,田薯,薯蕷,長薯;淮山(加工後)",Chinese yam: TNu 2,B0100207,95.0,3.2,0.1,19.9,衛生福利部食品藥物管理署 台灣食品成分資料庫(食品營養成分資料庫)開放資料; 下載自 https://data.fda.gov.tw/data/opendata/export/20/csv (政府資料開放平臺 data.gov.tw dataset id 8543 / TFDA opendata InfoId=20); 查詢頁 https://consumer.fda.gov.tw/Food/TFND.aspx?nodeID=178 ; 整合編號=B0100207 (樣品基本資料)
澱粉類,山藥(白皮削),"山芋,山薯,田薯,薯蕷,長薯;淮山(加工後)",Chinese yam: Bair-Pyi-Shiau,B0100208,75.0,2.5,0.1,15.7,衛生福利部食品藥物管理署 台灣食品成分資料庫(食品營養成分資料庫)開放資料; 下載自 https://data.fda.gov.tw/data/opendata/export/20/csv (政府資料開放平臺 data.gov.tw dataset id 8543 / TFDA opendata InfoId=20); 查詢頁 https://consumer.fda.gov.tw/Food/TFND.aspx?nodeID=178 ; 整合編號=B0100208 (樣品基本資料)
澱粉類,山藥(尖石原生種),"山芋,山薯,田薯,薯蕷,長薯;淮山(加工後)",Chinese yam: Jian-Shyr,B0100209,65.0,3.1,0.1,12.4,衛生福利部食品藥物管理署 台灣食品成分資料庫(食品營養成分資料庫)開放資料; 下載自 https://data.fda.gov.tw/data/opendata/export/20/csv (政府資料開放平臺 data.gov.tw dataset id 8543 / TFDA opendata InfoId=20); 查詢頁 https://consumer.fda.gov.tw/Food/TFND.aspx?nodeID=178 ; 整合編號=B0100209 (樣品基本資料)
澱粉類,山藥(宜蘭原生種),"山芋,山薯,田薯,薯蕷,長薯;淮山(加工後)",Chinese yam: Yi-Lan,B0100210,140.0,4.8,0.2,29.1,衛生福利部食品藥物管理署 台灣食品成分資料庫(食品營養成分資料庫)開放資料; 下載自 https://data.fda.gov.tw/data/opendata/export/20/csv (政府資料開放平臺 data.gov.tw dataset id 8543 / TFDA opendata InfoId=20); 查詢頁 https://consumer.fda.gov.tw/Food/TFND.aspx?nodeID=178 ; 整合編號=B0100210 (樣品基本資料)
澱粉類,山藥(花蓮3號),"山芋,山薯,田薯,薯蕷,長薯;淮山(加工後)",Chinese yam: Hua-Lian 3,B0100211,93.0,1.7,0.1,20.9,衛生福利部食品藥物管理署 台灣食品成分資料庫(食品營養成分資料庫)開放資料; 下載自 https://data.fda.gov.tw/data/opendata/export/20/csv (政府資料開放平臺 data.gov.tw dataset id 8543 / TFDA opendata InfoId=20); 查詢頁 https://consumer.fda.gov.tw/Food/TFND.aspx?nodeID=178 ; 整合編號=B0100211 (樣品基本資料)
澱粉類,山藥(青森),"山芋,山薯,田薯,薯蕷,長薯;淮山(加工後)",Chinese yam: Ching-Sen,B0100212,94.0,2.6,0.2,19.9,衛生福利部食品藥物管理署 台灣食品成分資料庫(食品營養成分資料庫)開放資料; 下載自 https://data.fda.gov.tw/data/opendata/export/20/csv (政府資料開放平臺 data.gov.tw dataset id 8543 / TFDA opendata InfoId=20); 查詢頁 https://consumer.fda.gov.tw/Food/TFND.aspx?nodeID=178 ; 整合編號=B0100212 (樣品基本資料)
澱粉類,山藥(高田),"山芋,山薯,田薯,薯蕷,長薯;淮山(加工後)",Chinese yam: Gau-Tyan,B0100213,71.0,3.1,0.1,14.0,衛生福利部食品藥物管理署 台灣食品成分資料庫(食品營養成分資料庫)開放資料; 下載自 https://data.fda.gov.tw/data/opendata/export/20/csv (政府資料開放平臺 data.gov.tw dataset id 8543 / TFDA opendata InfoId=20); 查詢頁 https://consumer.fda.gov.tw/Food/TFND.aspx?nodeID=178 ; 整合編號=B0100213 (樣品基本資料)
澱粉類,山藥(白肉),日本山藥,,B0100214,69.0,2.1,0.1,14.4,衛生福利部食品藥物管理署 台灣食品成分資料庫(食品營養成分資料庫)開放資料; 下載自 https://data.fda.gov.tw/data/opendata/export/20/csv (政府資料開放平臺 data.gov.tw dataset id 8543 / TFDA opendata InfoId=20); 查詢頁 https://consumer.fda.gov.tw/Food/TFND.aspx?nodeID=178 ; 整合編號=B0100214 (樣品基本資料)
澱粉類,紫山藥,"山薯,田薯,薯蕷,長薯,血薯;淮山(加工後)",Chinese yam: Horng-Shuu,B0200301,92.0,2.8,0.1,19.6,衛生福利部食品藥物管理署 台灣食品成分資料庫(食品營養成分資料庫)開放資料; 下載自 https://data.fda.gov.tw/data/opendata/export/20/csv (政府資料開放平臺 data.gov.tw dataset id 8543 / TFDA opendata InfoId=20); 查詢頁 https://consumer.fda.gov.tw/Food/TFND.aspx?nodeID=178 ; 整合編號=B0200301 (樣品基本資料)
澱粉類,木薯粉,樹薯粉,Cassava starch; Tapioca,B0320101,362.0,0.1,0.2,87.3,衛生福利部食品藥物管理署 台灣食品成分資料庫(食品營養成分資料庫)開放資料; 下載自 https://data.fda.gov.tw/data/opendata/export/20/csv (政府資料開放平臺 data.gov.tw dataset id 8543 / TFDA opendata InfoId=20); 查詢頁 https://consumer.fda.gov.tw/Food/TFND.aspx?nodeID=178 ; 整合編號=B0320101 (樣品基本資料)
澱粉類,白皮甘藷,"甘薯,番薯,甜薯,地瓜,田薯,土薯,白薯",Sweet potato,B0400101,119.0,1.3,0.1,27.5,衛生福利部食品藥物管理署 台灣食品成分資料庫(食品營養成分資料庫)開放資料; 下載自 https://data.fda.gov.tw/data/opendata/export/20/csv (政府資料開放平臺 data.gov.tw dataset id 8543 / TFDA opendata InfoId=20); 查詢頁 https://consumer.fda.gov.tw/Food/TFND.aspx?nodeID=178 ; 整合編號=B0400101 (樣品基本資料)
澱粉類,菱角牛奶甘藷,"甘薯,番薯,甜薯,地瓜,田薯,土薯,白薯",Sweet potato,B0400201,133.0,1.9,0.3,29.9,衛生福利部食品藥物管理署 台灣食品成分資料庫(食品營養成分資料庫)開放資料; 下載自 https://data.fda.gov.tw/data/opendata/export/20/csv (政府資料開放平臺 data.gov.tw dataset id 8543 / TFDA opendata InfoId=20); 查詢頁 https://consumer.fda.gov.tw/Food/TFND.aspx?nodeID=178 ; 整合編號=B0400201 (樣品基本資料)
澱粉類,芋心甘藷,"甘薯,番薯,甜薯,地瓜,田薯,土薯,紅薯,紫心甘薯,芋頭(仔)番薯",Sweet potato,B0400301,122.0,1.1,0.1,28.5,衛生福利部食品藥物管理署 台灣食品成分資料庫(食品營養成分資料庫)開放資料; 下載自 https://data.fda.gov.tw/data/opendata/export/20/csv (政府資料開放平臺 data.gov.tw dataset id 8543 / TFDA opendata InfoId=20); 查詢頁 https://consumer.fda.gov.tw/Food/TFND.aspx?nodeID=178 ; 整合編號=B0400301 (樣品基本資料)
澱粉類,紅肉甘藷,"甘薯,番薯,甜薯,地瓜,田薯,土薯",Sweet potato,B0400401,114.0,1.8,0.2,25.4,衛生福利部食品藥物管理署 台灣食品成分資料庫(食品營養成分資料庫)開放資料; 下載自 https://data.fda.gov.tw/data/opendata/export/20/csv (政府資料開放平臺 data.gov.tw dataset id 8543 / TFDA opendata InfoId=20); 查詢頁 https://consumer.fda.gov.tw/Food/TFND.aspx?nodeID=178 ; 整合編號=B0400401 (樣品基本資料)
澱粉類,金時甘藷,"甘薯,番薯,甜薯,地瓜,田薯,土薯",Sweet potato,B0400501,138.0,1.6,0.4,31.3,衛生福利部食品藥物管理署 台灣食品成分資料庫(食品營養成分資料庫)開放資料; 下載自 https://data.fda.gov.tw/data/opendata/export/20/csv (政府資料開放平臺 data.gov.tw dataset id 8543 / TFDA opendata InfoId=20); 查詢頁 https://consumer.fda.gov.tw/Food/TFND.aspx?nodeID=178 ; 整合編號=B0400501 (樣品基本資料)
澱粉類,黃肉甘藷,"甘薯,番薯,甜薯,地瓜,田薯,土薯",Sweet potato,B0400601,121.0,1.3,0.2,27.8,衛生福利部食品藥物管理署 台灣食品成分資料庫(食品營養成分資料庫)開放資料; 下載自 https://data.fda.gov.tw/data/opendata/export/20/csv (政府資料開放平臺 data.gov.tw dataset id 8543 / TFDA opendata InfoId=20); 查詢頁 https://consumer.fda.gov.tw/Food/TFND.aspx?nodeID=178 ; 整合編號=B0400601 (樣品基本資料)
澱粉類,甘藷粉,"甘薯粉,蕃薯粉,甜薯粉,地瓜粉",Sweet potato starch,B0420101,358.0,1.0,0.2,85.5,衛生福利部食品藥物管理署 台灣食品成分資料庫(食品營養成分資料庫)開放資料; 下載自 https://data.fda.gov.tw/data/opendata/export/20/csv (政府資料開放平臺 data.gov.tw dataset id 8543 / TFDA opendata InfoId=20); 查詢頁 https://consumer.fda.gov.tw/Food/TFND.aspx?nodeID=178 ; 整合編號=B0420101 (樣品基本資料)
澱粉類,油炸脫水甘藷,,"Sweet potato: fried, dried",B0450101,525.0,2.3,30.1,61.2,衛生福利部食品藥物管理署 台灣食品成分資料庫(食品營養成分資料庫)開放資料; 下載自 https://data.fda.gov.tw/data/opendata/export/20/csv (政府資料開放平臺 data.gov.tw dataset id 8543 / TFDA opendata InfoId=20); 查詢頁 https://consumer.fda.gov.tw/Food/TFND.aspx?nodeID=178 ; 整合編號=B0450101 (樣品基本資料)
澱粉類,芋頭,"芋頭,芋艿,芋乃,芋仔,青芋,土芝",Taro; Dasheen; Cocoyam; Eddoe,B0500101,128.0,2.5,1.1,26.4,衛生福利部食品藥物管理署 台灣食品成分資料庫(食品營養成分資料庫)開放資料; 下載自 https://data.fda.gov.tw/data/opendata/export/20/csv (政府資料開放平臺 data.gov.tw dataset id 8543 / TFDA opendata InfoId=20); 查詢頁 https://consumer.fda.gov.tw/Food/TFND.aspx?nodeID=178 ; 整合編號=B0500101 (樣品基本資料)
澱粉類,小芋頭(山芋),"芋頭,芋艿,芋乃,芋仔,青芋,土芝",Taro; Dasheen; Cocoyam; Eddoe,B0500201,113.0,2.3,1.2,22.8,衛生福利部食品藥物管理署 台灣食品成分資料庫(食品營養成分資料庫)開放資料; 下載自 https://data.fda.gov.tw/data/opendata/export/20/csv (政府資料開放平臺 data.gov.tw dataset id 8543 / TFDA opendata InfoId=20); 查詢頁 https://consumer.fda.gov.tw/Food/TFND.aspx?nodeID=178 ; 整合編號=B0500201 (樣品基本資料)
澱粉類,檳榔心芋,"芋頭,芋艿,芋乃,芋仔,青芋,土芝",Taro; Dasheen;Cocoyam; Eddoe,B0500301,121.0,1.3,0.0,28.1,衛生福利部食品藥物管理署 台灣食品成分資料庫(食品營養成分資料庫)開放資料; 下載自 https://data.fda.gov.tw/data/opendata/export/20/csv (政府資料開放平臺 data.gov.tw dataset id 8543 / TFDA opendata InfoId=20); 查詢頁 https://consumer.fda.gov.tw/Food/TFND.aspx?nodeID=178 ; 整合編號=B0500301 (樣品基本資料)
澱粉類,檳榔心芋(2021年取樣),"芋頭,芋艿,芋乃,芋仔,青芋,土芝",Taro,B0500302,107.0,1.1,0.0,24.8,衛生福利部食品藥物管理署 台灣食品成分資料庫(食品營養成分資料庫)開放資料; 下載自 https://data.fda.gov.tw/data/opendata/export/20/csv (政府資料開放平臺 data.gov.tw dataset id 8543 / TFDA opendata InfoId=20); 查詢頁 https://consumer.fda.gov.tw/Food/TFND.aspx?nodeID=178 ; 整合編號=B0500302 (樣品基本資料)
澱粉類,冷凍芋頭塊,,"Taro: Frozen, chunk",B0500401,147.0,2.2,4.3,24.9,衛生福利部食品藥物管理署 台灣食品成分資料庫(食品營養成分資料庫)開放資料; 下載自 https://data.fda.gov.tw/data/opendata/export/20/csv (政府資料開放平臺 data.gov.tw dataset id 8543 / TFDA opendata InfoId=20); 查詢頁 https://consumer.fda.gov.tw/Food/TFND.aspx?nodeID=178 ; 整合編號=B0500401 (樣品基本資料)
澱粉類,芋頭粉,,Taro starch;Dasheen starch;  Cocoyam starch,B0520101,333.0,0.1,0.0,83.1,衛生福利部食品藥物管理署 台灣食品成分資料庫(食品營養成分資料庫)開放資料; 下載自 https://data.fda.gov.tw/data/opendata/export/20/csv (政府資料開放平臺 data.gov.tw dataset id 8543 / TFDA opendata InfoId=20); 查詢頁 https://consumer.fda.gov.tw/Food/TFND.aspx?nodeID=178 ; 整合編號=B0520101 (樣品基本資料)
澱粉類,豆薯,"刈薯,涼薯,葛薯,沙葛,地瓜,三角薯",Jicama; Yam bean,B0600101,31.0,0.7,0.1,6.8,衛生福利部食品藥物管理署 台灣食品成分資料庫(食品營養成分資料庫)開放資料; 下載自 https://data.fda.gov.tw/data/opendata/export/20/csv (政府資料開放平臺 data.gov.tw dataset id 8543 / TFDA opendata InfoId=20); 查詢頁 https://consumer.fda.gov.tw/Food/TFND.aspx?nodeID=178 ; 整合編號=B0600101 (樣品基本資料)
澱粉類,紅馬鈴薯(粉紅珍珠馬鈴薯),"洋芋,洋薯,洋山芋,荷蘭薯,日本番薯,塊茄",Potato; White potato; Irish potato,B0700101,66.0,1.6,0.0,14.4,衛生福利部食品藥物管理署 台灣食品成分資料庫(食品營養成分資料庫)開放資料; 下載自 https://data.fda.gov.tw/data/opendata/export/20/csv (政府資料開放平臺 data.gov.tw dataset id 8543 / TFDA opendata InfoId=20); 查詢頁 https://consumer.fda.gov.tw/Food/TFND.aspx?nodeID=178 ; 整合編號=B0700101 (樣品基本資料)
澱粉類,馬鈴薯,"洋芋,洋薯,洋山芋,荷蘭薯,日本番薯,塊茄",Potato; White potato; Irish potato,B0700201,77.0,2.6,0.2,15.8,衛生福利部食品藥物管理署 台灣食品成分資料庫(食品營養成分資料庫)開放資料; 下載自 https://data.fda.gov.tw/data/opendata/export/20/csv (政府資料開放平臺 data.gov.tw dataset id 8543 / TFDA opendata InfoId=20); 查詢頁 https://consumer.fda.gov.tw/Food/TFND.aspx?nodeID=178 ; 整合編號=B0700201 (樣品基本資料)
澱粉類,馬鈴薯(2022年取樣),"洋芋,洋薯,洋山芋,荷蘭薯,日本番薯,塊茄",Potato; White potato; Irish potato,B0700202,70.0,2.3,0.0,14.9,衛生福利部食品藥物管理署 台灣食品成分資料庫(食品營養成分資料庫)開放資料; 下載自 https://data.fda.gov.tw/data/opendata/export/20/csv (政府資料開放平臺 data.gov.tw dataset id 8543 / TFDA opendata InfoId=20); 查詢頁 https://consumer.fda.gov.tw/Food/TFND.aspx?nodeID=178 ; 整合編號=B0700202 (樣品基本資料)
澱粉類,小馬鈴薯(珍珠馬鈴薯),"洋芋,洋薯,洋山芋,荷蘭薯,日本番薯,塊茄",Potato; White potato; Irish potato,B0700301,59.0,1.7,0.0,12.8,衛生福利部食品藥物管理署 台灣食品成分資料庫(食品營養成分資料庫)開放資料; 下載自 https://data.fda.gov.tw/data/opendata/export/20/csv (政府資料開放平臺 data.gov.tw dataset id 8543 / TFDA opendata InfoId=20); 查詢頁 https://consumer.fda.gov.tw/Food/TFND.aspx?nodeID=178 ; 整合編號=B0700301 (樣品基本資料)
澱粉類,馬鈴薯粉,太白粉,Potato starch; Tapioca,B0720101,346.0,0.1,0.1,83.8,衛生福利部食品藥物管理署 台灣食品成分資料庫(食品營養成分資料庫)開放資料; 下載自 https://data.fda.gov.tw/data/opendata/export/20/csv (政府資料開放平臺 data.gov.tw dataset id 8543 / TFDA opendata InfoId=20); 查詢頁 https://consumer.fda.gov.tw/Food/TFND.aspx?nodeID=178 ; 整合編號=B0720101 (樣品基本資料)
澱粉類,荸薺,"水栗,地栗,馬蹄,馬薯,烏芋,水燈心草,海蔥仔,水蔥仔",Chinese water chestnut; Water chestnut,B0800101,67.0,1.7,0.1,14.5,衛生福利部食品藥物管理署 台灣食品成分資料庫(食品營養成分資料庫)開放資料; 下載自 https://data.fda.gov.tw/data/opendata/export/20/csv (政府資料開放平臺 data.gov.tw dataset id 8543 / TFDA opendata InfoId=20); 查詢頁 https://consumer.fda.gov.tw/Food/TFND.aspx?nodeID=178 ; 整合編號=B0800101 (樣品基本資料)
澱粉類,荸薺粉,"水栗粉,地栗粉,馬蹄粉,馬薯粉,烏芋粉,水燈心草粉,海蔥仔粉,水蔥仔粉",Chinese water chestnut starch,B0820101,365.0,0.4,0.2,87.8,衛生福利部食品藥物管理署 台灣食品成分資料庫(食品營養成分資料庫)開放資料; 下載自 https://data.fda.gov.tw/data/opendata/export/20/csv (政府資料開放平臺 data.gov.tw dataset id 8543 / TFDA opendata InfoId=20); 查詢頁 https://consumer.fda.gov.tw/Food/TFND.aspx?nodeID=178 ; 整合編號=B0820101 (樣品基本資料)
澱粉類,蓮藕,"蓮根,藕,芙蕖,荷花藕",Lotus root; Indian lotus tuber; East Indian lotus,B0900101,65.0,2.0,0.2,13.5,衛生福利部食品藥物管理署 台灣食品成分資料庫(食品營養成分資料庫)開放資料; 下載自 https://data.fda.gov.tw/data/opendata/export/20/csv (政府資料開放平臺 data.gov.tw dataset id 8543 / TFDA opendata InfoId=20); 查詢頁 https://consumer.fda.gov.tw/Food/TFND.aspx?nodeID=178 ; 整合編號=B0900101 (樣品基本資料)
澱粉類,熟蓮藕,"蓮根,藕,芙蕖,荷花藕", Lotus root; Indian lotus tuber;East Indian lotus,B0900201,50.0,1.1,0.1,11.0,衛生福利部食品藥物管理署 台灣食品成分資料庫(食品營養成分資料庫)開放資料; 下載自 https://data.fda.gov.tw/data/opendata/export/20/csv (政府資料開放平臺 data.gov.tw dataset id 8543 / TFDA opendata InfoId=20); 查詢頁 https://consumer.fda.gov.tw/Food/TFND.aspx?nodeID=178 ; 整合編號=B0900201 (樣品基本資料)
澱粉類,熟蓮藕切片(水煮),"蓮根,藕,芙蕖,荷花藕", Lotus root; Indian lotus tuber;East Indian lotus,B0900202,73.0,0.8,0.0,16.9,衛生福利部食品藥物管理署 台灣食品成分資料庫(食品營養成分資料庫)開放資料; 下載自 https://data.fda.gov.tw/data/opendata/export/20/csv (政府資料開放平臺 data.gov.tw dataset id 8543 / TFDA opendata InfoId=20); 查詢頁 https://consumer.fda.gov.tw/Food/TFND.aspx?nodeID=178 ; 整合編號=B0900202 (樣品基本資料)
澱粉類,蓮藕粉,,East indian lotus starch,B0920101,365.0,0.1,0.1,88.3,衛生福利部食品藥物管理署 台灣食品成分資料庫(食品營養成分資料庫)開放資料; 下載自 https://data.fda.gov.tw/data/opendata/export/20/csv (政府資料開放平臺 data.gov.tw dataset id 8543 / TFDA opendata InfoId=20); 查詢頁 https://consumer.fda.gov.tw/Food/TFND.aspx?nodeID=178 ; 整合編號=B0920101 (樣品基本資料)
澱粉類,菱角(生),"菱,芰,龍角,羊家,紅菱",Water singharnut; Water caltrops; Water chestnut,B1000101,76.0,1.9,0.3,16.1,衛生福利部食品藥物管理署 台灣食品成分資料庫(食品營養成分資料庫)開放資料; 下載自 https://data.fda.gov.tw/data/opendata/export/20/csv (政府資料開放平臺 data.gov.tw dataset id 8543 / TFDA opendata InfoId=20); 查詢頁 https://consumer.fda.gov.tw/Food/TFND.aspx?nodeID=178 ; 整合編號=B1000101 (樣品基本資料)
澱粉類,菱角仁(生),,,B1000201,118.0,4.1,0.3,24.1,衛生福利部食品藥物管理署 台灣食品成分資料庫(食品營養成分資料庫)開放資料; 下載自 https://data.fda.gov.tw/data/opendata/export/20/csv (政府資料開放平臺 data.gov.tw dataset id 8543 / TFDA opendata InfoId=20); 查詢頁 https://consumer.fda.gov.tw/Food/TFND.aspx?nodeID=178 ; 整合編號=B1000201 (樣品基本資料)
澱粉類,菱角(熟),"菱,芰,龍角,羊家,紅菱",Water singharnut; Water caltrops; Water chestnut,B1000301,146.0,4.2,0.3,31.0,衛生福利部食品藥物管理署 台灣食品成分資料庫(食品營養成分資料庫)開放資料; 下載自 https://data.fda.gov.tw/data/opendata/export/20/csv (政府資料開放平臺 data.gov.tw dataset id 8543 / TFDA opendata InfoId=20); 查詢頁 https://consumer.fda.gov.tw/Food/TFND.aspx?nodeID=178 ; 整合編號=B1000301 (樣品基本資料)
澱粉類,蒟蒻粉,,,B9900201,351.0,0.2,0.2,87.2,衛生福利部食品藥物管理署 台灣食品成分資料庫(食品營養成分資料庫)開放資料; 下載自 https://data.fda.gov.tw/data/opendata/export/20/csv (政府資料開放平臺 data.gov.tw dataset id 8543 / TFDA opendata InfoId=20); 查詢頁 https://consumer.fda.gov.tw/Food/TFND.aspx?nodeID=178 ; 整合編號=B9900201 (樣品基本資料)
穀物類,大麥仁,"小薏仁,洋薏仁,珍珠薏仁",Barley,A0100101,365.0,8.6,1.6,77.1,衛生福利部食品藥物管理署 台灣食品成分資料庫(食品營養成分資料庫)開放資料; 下載自 https://data.fda.gov.tw/data/opendata/export/20/csv (政府資料開放平臺 data.gov.tw dataset id 8543 / TFDA opendata InfoId=20); 查詢頁 https://consumer.fda.gov.tw/Food/TFND.aspx?nodeID=178 ; 整合編號=A0100101 (樣品基本資料)
穀物類,大麥片,,Barley flake; Barley chip,A0110101,365.0,8.6,1.8,76.7,衛生福利部食品藥物管理署 台灣食品成分資料庫(食品營養成分資料庫)開放資料; 下載自 https://data.fda.gov.tw/data/opendata/export/20/csv (政府資料開放平臺 data.gov.tw dataset id 8543 / TFDA opendata InfoId=20); 查詢頁 https://consumer.fda.gov.tw/Food/TFND.aspx?nodeID=178 ; 整合編號=A0110101 (樣品基本資料)
穀物類,大麥仁粉,"小薏仁粉,洋薏仁粉,珍珠薏仁粉",,A0120101,389.0,7.1,1.3,85.0,衛生福利部食品藥物管理署 台灣食品成分資料庫(食品營養成分資料庫)開放資料; 下載自 https://data.fda.gov.tw/data/opendata/export/20/csv (政府資料開放平臺 data.gov.tw dataset id 8543 / TFDA opendata InfoId=20); 查詢頁 https://consumer.fda.gov.tw/Food/TFND.aspx?nodeID=178 ; 整合編號=A0120101 (樣品基本資料)
穀物類,小米,,Foxtail-millet; Millet,A0200101,370.0,11.3,3.7,71.7,衛生福利部食品藥物管理署 台灣食品成分資料庫(食品營養成分資料庫)開放資料; 下載自 https://data.fda.gov.tw/data/opendata/export/20/csv (政府資料開放平臺 data.gov.tw dataset id 8543 / TFDA opendata InfoId=20); 查詢頁 https://consumer.fda.gov.tw/Food/TFND.aspx?nodeID=178 ; 整合編號=A0200101 (樣品基本資料)
穀物類,糯小米,,Glutinous foxtail-millet; Glutinous millet,A0200201,360.0,12.5,1.5,72.5,衛生福利部食品藥物管理署 台灣食品成分資料庫(食品營養成分資料庫)開放資料; 下載自 https://data.fda.gov.tw/data/opendata/export/20/csv (政府資料開放平臺 data.gov.tw dataset id 8543 / TFDA opendata InfoId=20); 查詢頁 https://consumer.fda.gov.tw/Food/TFND.aspx?nodeID=178 ; 整合編號=A0200201 (樣品基本資料)
穀物類,小麥,,Wheat,A0300101,362.0,14.1,2.6,69.2,衛生福利部食品藥物管理署 台灣食品成分資料庫(食品營養成分資料庫)開放資料; 下載自 https://data.fda.gov.tw/data/opendata/export/20/csv (政府資料開放平臺 data.gov.tw dataset id 8543 / TFDA opendata InfoId=20); 查詢頁 https://consumer.fda.gov.tw/Food/TFND.aspx?nodeID=178 ; 整合編號=A0300101 (樣品基本資料)
穀物類,小麥胚芽,,Wheat germ,A0310101,417.0,31.4,11.6,47.9,衛生福利部食品藥物管理署 台灣食品成分資料庫(食品營養成分資料庫)開放資料; 下載自 https://data.fda.gov.tw/data/opendata/export/20/csv (政府資料開放平臺 data.gov.tw dataset id 8543 / TFDA opendata InfoId=20); 查詢頁 https://consumer.fda.gov.tw/Food/TFND.aspx?nodeID=178 ; 整合編號=A0310101 (樣品基本資料)
穀物類,去筋麵粉,澄粉,Non-glutinous flour,A0320101,355.0,0.2,0.1,85.7,衛生福利部食品藥物管理署 台灣食品成分資料庫(食品營養成分資料庫)開放資料; 下載自 https://data.fda.gov.tw/data/opendata/export/20/csv (政府資料開放平臺 data.gov.tw dataset id 8543 / TFDA opendata InfoId=20); 查詢頁 https://consumer.fda.gov.tw/Food/TFND.aspx?nodeID=178 ; 整合編號=A0320101 (樣品基本資料)
穀物類,低筋麵粉,,Low-gluten flour; Cake flour; Patent flour,A0320202,364.0,8.1,1.2,78.2,衛生福利部食品藥物管理署 台灣食品成分資料庫(食品營養成分資料庫)開放資料; 下載自 https://data.fda.gov.tw/data/opendata/export/20/csv (政府資料開放平臺 data.gov.tw dataset id 8543 / TFDA opendata InfoId=20); 查詢頁 https://consumer.fda.gov.tw/Food/TFND.aspx?nodeID=178 ; 整合編號=A0320202 (樣品基本資料)
穀物類,中筋麵粉,,Medium-gluten flour; Wheat flour: medium protein,A0320301,361.0,11.5,1.3,74.1,衛生福利部食品藥物管理署 台灣食品成分資料庫(食品營養成分資料庫)開放資料; 下載自 https://data.fda.gov.tw/data/opendata/export/20/csv (政府資料開放平臺 data.gov.tw dataset id 8543 / TFDA opendata InfoId=20); 查詢頁 https://consumer.fda.gov.tw/Food/TFND.aspx?nodeID=178 ; 整合編號=A0320301 (樣品基本資料)
穀物類,高筋麵粉,,High-gluten flour; Seat of honor flour,A0320404,362.0,12.9,1.2,73.1,衛生福利部食品藥物管理署 台灣食品成分資料庫(食品營養成分資料庫)開放資料; 下載自 https://data.fda.gov.tw/data/opendata/export/20/csv (政府資料開放平臺 data.gov.tw dataset id 8543 / TFDA opendata InfoId=20); 查詢頁 https://consumer.fda.gov.tw/Food/TFND.aspx?nodeID=178 ; 整合編號=A0320404 (樣品基本資料)
穀物類,高筋麵粉(2021年取樣),強力粉,High-gluten flour,A0320405,362.0,13.8,1.3,72.2,衛生福利部食品藥物管理署 台灣食品成分資料庫(食品營養成分資料庫)開放資料; 下載自 https://data.fda.gov.tw/data/opendata/export/20/csv (政府資料開放平臺 data.gov.tw dataset id 8543 / TFDA opendata InfoId=20); 查詢頁 https://consumer.fda.gov.tw/Food/TFND.aspx?nodeID=178 ; 整合編號=A0320405 (樣品基本資料)
穀物類,全麥麵粉,,Whole wheat flour,A0320505,359.0,13.0,1.7,71.4,衛生福利部食品藥物管理署 台灣食品成分資料庫(食品營養成分資料庫)開放資料; 下載自 https://data.fda.gov.tw/data/opendata/export/20/csv (政府資料開放平臺 data.gov.tw dataset id 8543 / TFDA opendata InfoId=20); 查詢頁 https://consumer.fda.gov.tw/Food/TFND.aspx?nodeID=178 ; 整合編號=A0320505 (樣品基本資料)
穀物類,雜糧中筋麵粉,,,A0320601,361.0,13.1,2.3,72.0,衛生福利部食品藥物管理署 台灣食品成分資料庫(食品營養成分資料庫)開放資料; 下載自 https://data.fda.gov.tw/data/opendata/export/20/csv (政府資料開放平臺 data.gov.tw dataset id 8543 / TFDA opendata InfoId=20); 查詢頁 https://consumer.fda.gov.tw/Food/TFND.aspx?nodeID=178 ; 整合編號=A0320601 (樣品基本資料)
穀物類,雜糧高筋麵粉,,,A0320702,360.0,14.3,2.8,69.6,衛生福利部食品藥物管理署 台灣食品成分資料庫(食品營養成分資料庫)開放資料; 下載自 https://data.fda.gov.tw/data/opendata/export/20/csv (政府資料開放平臺 data.gov.tw dataset id 8543 / TFDA opendata InfoId=20); 查詢頁 https://consumer.fda.gov.tw/Food/TFND.aspx?nodeID=178 ; 整合編號=A0320702 (樣品基本資料)
穀物類,白玉米,,White corn,A0400101,66.0,3.4,0.6,11.5,衛生福利部食品藥物管理署 台灣食品成分資料庫(食品營養成分資料庫)開放資料; 下載自 https://data.fda.gov.tw/data/opendata/export/20/csv (政府資料開放平臺 data.gov.tw dataset id 8543 / TFDA opendata InfoId=20); 查詢頁 https://consumer.fda.gov.tw/Food/TFND.aspx?nodeID=178 ; 整合編號=A0400101 (樣品基本資料)
穀物類,紫玉米,,Corn; Maize,A0400201,168.0,4.5,1.0,34.4,衛生福利部食品藥物管理署 台灣食品成分資料庫(食品營養成分資料庫)開放資料; 下載自 https://data.fda.gov.tw/data/opendata/export/20/csv (政府資料開放平臺 data.gov.tw dataset id 8543 / TFDA opendata InfoId=20); 查詢頁 https://consumer.fda.gov.tw/Food/TFND.aspx?nodeID=178 ; 整合編號=A0400201 (樣品基本資料)
穀物類,甜玉米,"玉米,黃玉米",Corn; Maize; Sweat corn,A0400301,107.0,3.3,2.5,17.8,衛生福利部食品藥物管理署 台灣食品成分資料庫(食品營養成分資料庫)開放資料; 下載自 https://data.fda.gov.tw/data/opendata/export/20/csv (政府資料開放平臺 data.gov.tw dataset id 8543 / TFDA opendata InfoId=20); 查詢頁 https://consumer.fda.gov.tw/Food/TFND.aspx?nodeID=178 ; 整合編號=A0400301 (樣品基本資料)
穀物類,雙色水果玉米,"玉米,黃玉米",Corn; Maize; Sweat corn (Organic),A0400401,105.0,3.1,2.6,17.5,衛生福利部食品藥物管理署 台灣食品成分資料庫(食品營養成分資料庫)開放資料; 下載自 https://data.fda.gov.tw/data/opendata/export/20/csv (政府資料開放平臺 data.gov.tw dataset id 8543 / TFDA opendata InfoId=20); 查詢頁 https://consumer.fda.gov.tw/Food/TFND.aspx?nodeID=178 ; 整合編號=A0400401 (樣品基本資料)
穀物類,糯玉米,,Corn; Maize,A0400501,172.0,4.7,1.9,33.4,衛生福利部食品藥物管理署 台灣食品成分資料庫(食品營養成分資料庫)開放資料; 下載自 https://data.fda.gov.tw/data/opendata/export/20/csv (政府資料開放平臺 data.gov.tw dataset id 8543 / TFDA opendata InfoId=20); 查詢頁 https://consumer.fda.gov.tw/Food/TFND.aspx?nodeID=178 ; 整合編號=A0400501 (樣品基本資料)
穀物類,冷凍玉米粒,,Corn kernal; Maize kernal; Sweat whole kernal corn,A0400601,174.0,3.1,8.2,22.5,衛生福利部食品藥物管理署 台灣食品成分資料庫(食品營養成分資料庫)開放資料; 下載自 https://data.fda.gov.tw/data/opendata/export/20/csv (政府資料開放平臺 data.gov.tw dataset id 8543 / TFDA opendata InfoId=20); 查詢頁 https://consumer.fda.gov.tw/Food/TFND.aspx?nodeID=178 ; 整合編號=A0400601 (樣品基本資料)
穀物類,乾玉米粒,,Corn kernal; Maize kernal; for popcorn,A0410101,373.0,10.9,3.9,72.2,衛生福利部食品藥物管理署 台灣食品成分資料庫(食品營養成分資料庫)開放資料; 下載自 https://data.fda.gov.tw/data/opendata/export/20/csv (政府資料開放平臺 data.gov.tw dataset id 8543 / TFDA opendata InfoId=20); 查詢頁 https://consumer.fda.gov.tw/Food/TFND.aspx?nodeID=178 ; 整合編號=A0410101 (樣品基本資料)
穀物類,玉米胚芽,"玉米仁,珍珠米",Corn germ,A0410201,366.0,7.0,0.9,80.3,衛生福利部食品藥物管理署 台灣食品成分資料庫(食品營養成分資料庫)開放資料; 下載自 https://data.fda.gov.tw/data/opendata/export/20/csv (政府資料開放平臺 data.gov.tw dataset id 8543 / TFDA opendata InfoId=20); 查詢頁 https://consumer.fda.gov.tw/Food/TFND.aspx?nodeID=178 ; 整合編號=A0410201 (樣品基本資料)
穀物類,玉米粉,,Corn starch; Maize starch,A0420101,369.0,0.3,0.4,88.3,衛生福利部食品藥物管理署 台灣食品成分資料庫(食品營養成分資料庫)開放資料; 下載自 https://data.fda.gov.tw/data/opendata/export/20/csv (政府資料開放平臺 data.gov.tw dataset id 8543 / TFDA opendata InfoId=20); 查詢頁 https://consumer.fda.gov.tw/Food/TFND.aspx?nodeID=178 ; 整合編號=A0420101 (樣品基本資料)
穀物類,秈米平均值,"在來米,長米",Long grain rice,A05001,357.0,7.8,0.9,77.4,衛生福利部食品藥物管理署 台灣食品成分資料庫(食品營養成分資料庫)開放資料; 下載自 https://data.fda.gov.tw/data/opendata/export/20/csv (政府資料開放平臺 data.gov.tw dataset id 8543 / TFDA opendata InfoId=20); 查詢頁 https://consumer.fda.gov.tw/Food/TFND.aspx?nodeID=178 ; 整合編號=A05001 (樣品平均值)
穀物類,秈米(台中在來2號),"在來米,長米",Long grain rice,A0500101,355.0,8.2,1.0,76.3,衛生福利部食品藥物管理署 台灣食品成分資料庫(食品營養成分資料庫)開放資料; 下載自 https://data.fda.gov.tw/data/opendata/export/20/csv (政府資料開放平臺 data.gov.tw dataset id 8543 / TFDA opendata InfoId=20); 查詢頁 https://consumer.fda.gov.tw/Food/TFND.aspx?nodeID=178 ; 整合編號=A0500101 (樣品基本資料)
穀物類,秈米(台中秈10號),"在來米,長米","Long grain rice,Taichung Sen No. 10",A0500102,358.0,7.4,0.7,78.5,衛生福利部食品藥物管理署 台灣食品成分資料庫(食品營養成分資料庫)開放資料; 下載自 https://data.fda.gov.tw/data/opendata/export/20/csv (政府資料開放平臺 data.gov.tw dataset id 8543 / TFDA opendata InfoId=20); 查詢頁 https://consumer.fda.gov.tw/Food/TFND.aspx?nodeID=178 ; 整合編號=A0500102 (樣品基本資料)
穀物類,秈米(台中秈10號)(2024年取樣),"在來米,長米","Long grain rice,Taichung Sen No. 10",A0500103,357.0,6.1,0.6,79.8,衛生福利部食品藥物管理署 台灣食品成分資料庫(食品營養成分資料庫)開放資料; 下載自 https://data.fda.gov.tw/data/opendata/export/20/csv (政府資料開放平臺 data.gov.tw dataset id 8543 / TFDA opendata InfoId=20); 查詢頁 https://consumer.fda.gov.tw/Food/TFND.aspx?nodeID=178 ; 整合編號=A0500103 (樣品基本資料)
穀物類,稉米平均值,"蓬萊米,圓米",Short grain rice,A05002,354.0,7.0,0.7,77.8,衛生福利部食品藥物管理署 台灣食品成分資料庫(食品營養成分資料庫)開放資料; 下載自 https://data.fda.gov.tw/data/opendata/export/20/csv (政府資料開放平臺 data.gov.tw dataset id 8543 / TFDA opendata InfoId=20); 查詢頁 https://consumer.fda.gov.tw/Food/TFND.aspx?nodeID=178 ; 整合編號=A05002 (樣品平均值)
穀物類,稉米(台中189號),"蓬萊米,圓米",Short grain rice,A0500201,356.0,7.5,0.6,78.1,衛生福利部食品藥物管理署 台灣食品成分資料庫(食品營養成分資料庫)開放資料; 下載自 https://data.fda.gov.tw/data/opendata/export/20/csv (政府資料開放平臺 data.gov.tw dataset id 8543 / TFDA opendata InfoId=20); 查詢頁 https://consumer.fda.gov.tw/Food/TFND.aspx?nodeID=178 ; 整合編號=A0500201 (樣品基本資料)
穀物類,稉米(台南11號),"蓬萊米,圓米",Short grain rice,A0500202,348.0,6.7,0.5,77.2,衛生福利部食品藥物管理署 台灣食品成分資料庫(食品營養成分資料庫)開放資料; 下載自 https://data.fda.gov.tw/data/opendata/export/20/csv (政府資料開放平臺 data.gov.tw dataset id 8543 / TFDA opendata InfoId=20); 查詢頁 https://consumer.fda.gov.tw/Food/TFND.aspx?nodeID=178 ; 整合編號=A0500202 (樣品基本資料)
穀物類,稉米(台稉2號),"蓬萊米,圓米",Short grain rice,A0500203,357.0,7.2,0.5,78.7,衛生福利部食品藥物管理署 台灣食品成分資料庫(食品營養成分資料庫)開放資料; 下載自 https://data.fda.gov.tw/data/opendata/export/20/csv (政府資料開放平臺 data.gov.tw dataset id 8543 / TFDA opendata InfoId=20); 查詢頁 https://consumer.fda.gov.tw/Food/TFND.aspx?nodeID=178 ; 整合編號=A0500203 (樣品基本資料)
穀物類,稉米(台稉8號),"蓬萊米,圓米",Short grain rice,A0500204,355.0,6.9,0.4,78.8,衛生福利部食品藥物管理署 台灣食品成分資料庫(食品營養成分資料庫)開放資料; 下載自 https://data.fda.gov.tw/data/opendata/export/20/csv (政府資料開放平臺 data.gov.tw dataset id 8543 / TFDA opendata InfoId=20); 查詢頁 https://consumer.fda.gov.tw/Food/TFND.aspx?nodeID=178 ; 整合編號=A0500204 (樣品基本資料)
穀物類,稉米(台稉9號),"蓬萊米,圓米",Short grain rice,A0500205,353.0,6.6,0.6,78.2,衛生福利部食品藥物管理署 台灣食品成分資料庫(食品營養成分資料庫)開放資料; 下載自 https://data.fda.gov.tw/data/opendata/export/20/csv (政府資料開放平臺 data.gov.tw dataset id 8543 / TFDA opendata InfoId=20); 查詢頁 https://consumer.fda.gov.tw/Food/TFND.aspx?nodeID=178 ; 整合編號=A0500205 (樣品基本資料)
穀物類,稉米(台農71號),"蓬萊米,圓米,益全香米",Short grain rice: Yih-Chuan aromatic rice,A0500206,357.0,7.9,0.6,77.8,衛生福利部食品藥物管理署 台灣食品成分資料庫(食品營養成分資料庫)開放資料; 下載自 https://data.fda.gov.tw/data/opendata/export/20/csv (政府資料開放平臺 data.gov.tw dataset id 8543 / TFDA opendata InfoId=20); 查詢頁 https://consumer.fda.gov.tw/Food/TFND.aspx?nodeID=178 ; 整合編號=A0500206 (樣品基本資料)
穀物類,稉米(高雄139號),"蓬萊米,圓米",Short grain rice,A0500207,357.0,6.1,1.2,78.5,衛生福利部食品藥物管理署 台灣食品成分資料庫(食品營養成分資料庫)開放資料; 下載自 https://data.fda.gov.tw/data/opendata/export/20/csv (政府資料開放平臺 data.gov.tw dataset id 8543 / TFDA opendata InfoId=20); 查詢頁 https://consumer.fda.gov.tw/Food/TFND.aspx?nodeID=178 ; 整合編號=A0500207 (樣品基本資料)
穀物類,稉米(高雄142號),"蓬萊米,圓米",Short grain rice,A0500208,353.0,7.0,0.6,77.7,衛生福利部食品藥物管理署 台灣食品成分資料庫(食品營養成分資料庫)開放資料; 下載自 https://data.fda.gov.tw/data/opendata/export/20/csv (政府資料開放平臺 data.gov.tw dataset id 8543 / TFDA opendata InfoId=20); 查詢頁 https://consumer.fda.gov.tw/Food/TFND.aspx?nodeID=178 ; 整合編號=A0500208 (樣品基本資料)
穀物類,稉米(高雄145號),,Short grain rice,A0500209,364.0,6.8,1.0,80.0,衛生福利部食品藥物管理署 台灣食品成分資料庫(食品營養成分資料庫)開放資料; 下載自 https://data.fda.gov.tw/data/opendata/export/20/csv (政府資料開放平臺 data.gov.tw dataset id 8543 / TFDA opendata InfoId=20); 查詢頁 https://consumer.fda.gov.tw/Food/TFND.aspx?nodeID=178 ; 整合編號=A0500209 (樣品基本資料)
穀物類,稉米(高雄139號)(2021年取樣),"蓬萊米,圓米",Rice (Kaohsiung 139),A0500210,352.0,5.7,0.5,79.2,衛生福利部食品藥物管理署 台灣食品成分資料庫(食品營養成分資料庫)開放資料; 下載自 https://data.fda.gov.tw/data/opendata/export/20/csv (政府資料開放平臺 data.gov.tw dataset id 8543 / TFDA opendata InfoId=20); 查詢頁 https://consumer.fda.gov.tw/Food/TFND.aspx?nodeID=178 ; 整合編號=A0500210 (樣品基本資料)
穀物類,越光米,"蓬萊米,圓米",Rice Tainan 16,A0500301,340.0,7.6,1.0,73.3,衛生福利部食品藥物管理署 台灣食品成分資料庫(食品營養成分資料庫)開放資料; 下載自 https://data.fda.gov.tw/data/opendata/export/20/csv (政府資料開放平臺 data.gov.tw dataset id 8543 / TFDA opendata InfoId=20); 查詢頁 https://consumer.fda.gov.tw/Food/TFND.aspx?nodeID=178 ; 整合編號=A0500301 (樣品基本資料)
穀物類,越光米(台南16號)(2024年取樣),"蓬萊米,圓米",Rice Tainan 16,A0500302,356.0,6.9,0.3,79.1,衛生福利部食品藥物管理署 台灣食品成分資料庫(食品營養成分資料庫)開放資料; 下載自 https://data.fda.gov.tw/data/opendata/export/20/csv (政府資料開放平臺 data.gov.tw dataset id 8543 / TFDA opendata InfoId=20); 查詢頁 https://consumer.fda.gov.tw/Food/TFND.aspx?nodeID=178 ; 整合編號=A0500302 (樣品基本資料)
穀物類,秈型糯米(台中糯70號),長糯米,White glutinous rice: long-grain,A0500401,361.0,7.9,0.9,78.4,衛生福利部食品藥物管理署 台灣食品成分資料庫(食品營養成分資料庫)開放資料; 下載自 https://data.fda.gov.tw/data/opendata/export/20/csv (政府資料開放平臺 data.gov.tw dataset id 8543 / TFDA opendata InfoId=20); 查詢頁 https://consumer.fda.gov.tw/Food/TFND.aspx?nodeID=178 ; 整合編號=A0500401 (樣品基本資料)
穀物類,稉型糯米平均值,圓糯米,"White glutinous rice, short-grain",A05005,358.0,8.3,0.8,77.4,衛生福利部食品藥物管理署 台灣食品成分資料庫(食品營養成分資料庫)開放資料; 下載自 https://data.fda.gov.tw/data/opendata/export/20/csv (政府資料開放平臺 data.gov.tw dataset id 8543 / TFDA opendata InfoId=20); 查詢頁 https://consumer.fda.gov.tw/Food/TFND.aspx?nodeID=178 ; 整合編號=A05005 (樣品平均值)
穀物類,稉型糯米,圓糯米,"White glutinous rice, short-grain",A0500501,359.0,8.4,0.5,78.0,衛生福利部食品藥物管理署 台灣食品成分資料庫(食品營養成分資料庫)開放資料; 下載自 https://data.fda.gov.tw/data/opendata/export/20/csv (政府資料開放平臺 data.gov.tw dataset id 8543 / TFDA opendata InfoId=20); 查詢頁 https://consumer.fda.gov.tw/Food/TFND.aspx?nodeID=178 ; 整合編號=A0500501 (樣品基本資料)
穀物類,稉型糯米(台稉糯1號),圓糯米,"White glutinous rice, short-grain",A0500502,358.0,8.2,1.1,76.8,衛生福利部食品藥物管理署 台灣食品成分資料庫(食品營養成分資料庫)開放資料; 下載自 https://data.fda.gov.tw/data/opendata/export/20/csv (政府資料開放平臺 data.gov.tw dataset id 8543 / TFDA opendata InfoId=20); 查詢頁 https://consumer.fda.gov.tw/Food/TFND.aspx?nodeID=178 ; 整合編號=A0500502 (樣品基本資料)
穀物類,野生紅米,,Red rice,A0500601,360.0,7.7,2.6,74.7,衛生福利部食品藥物管理署 台灣食品成分資料庫(食品營養成分資料庫)開放資料; 下載自 https://data.fda.gov.tw/data/opendata/export/20/csv (政府資料開放平臺 data.gov.tw dataset id 8543 / TFDA opendata InfoId=20); 查詢頁 https://consumer.fda.gov.tw/Food/TFND.aspx?nodeID=178 ; 整合編號=A0500601 (樣品基本資料)
穀物類,紅糯糙米,,Red glutinous rice,A0500701,362.0,9.9,2.8,72.6,衛生福利部食品藥物管理署 台灣食品成分資料庫(食品營養成分資料庫)開放資料; 下載自 https://data.fda.gov.tw/data/opendata/export/20/csv (政府資料開放平臺 data.gov.tw dataset id 8543 / TFDA opendata InfoId=20); 查詢頁 https://consumer.fda.gov.tw/Food/TFND.aspx?nodeID=178 ; 整合編號=A0500701 (樣品基本資料)
穀物類,黑秈糯糙米,"黑糯米,紫糯米,紫米,貢米,長生米","Black glutinous rice, long-grain",A0500801,357.0,10.1,3.5,70.1,衛生福利部食品藥物管理署 台灣食品成分資料庫(食品營養成分資料庫)開放資料; 下載自 https://data.fda.gov.tw/data/opendata/export/20/csv (政府資料開放平臺 data.gov.tw dataset id 8543 / TFDA opendata InfoId=20); 查詢頁 https://consumer.fda.gov.tw/Food/TFND.aspx?nodeID=178 ; 整合編號=A0500801 (樣品基本資料)
穀物類,胚芽秈米(台中秈10號),,Germ rice; Rice with germ; Milled rice with embryo,A0500901,363.0,8.3,2.1,76.1,衛生福利部食品藥物管理署 台灣食品成分資料庫(食品營養成分資料庫)開放資料; 下載自 https://data.fda.gov.tw/data/opendata/export/20/csv (政府資料開放平臺 data.gov.tw dataset id 8543 / TFDA opendata InfoId=20); 查詢頁 https://consumer.fda.gov.tw/Food/TFND.aspx?nodeID=178 ; 整合編號=A0500901 (樣品基本資料)
穀物類,胚芽稉米平均值,,Germ rice; Rice with germ; Milled rice with embryo,A05010,362.0,8.2,1.6,76.8,衛生福利部食品藥物管理署 台灣食品成分資料庫(食品營養成分資料庫)開放資料; 下載自 https://data.fda.gov.tw/data/opendata/export/20/csv (政府資料開放平臺 data.gov.tw dataset id 8543 / TFDA opendata InfoId=20); 查詢頁 https://consumer.fda.gov.tw/Food/TFND.aspx?nodeID=178 ; 整合編號=A05010 (樣品平均值)
穀物類,胚芽稉米(台稉10號）,,Germ rice; Rice with germ; Milled rice with embryo,A0501001,360.0,7.3,1.7,77.2,衛生福利部食品藥物管理署 台灣食品成分資料庫(食品營養成分資料庫)開放資料; 下載自 https://data.fda.gov.tw/data/opendata/export/20/csv (政府資料開放平臺 data.gov.tw dataset id 8543 / TFDA opendata InfoId=20); 查詢頁 https://consumer.fda.gov.tw/Food/TFND.aspx?nodeID=178 ; 整合編號=A0501001 (樣品基本資料)
穀物類,胚芽稉米(台稉9號),,Germ rice; Rice with germ; Milled rice with embryo,A0501002,363.0,9.1,1.5,76.5,衛生福利部食品藥物管理署 台灣食品成分資料庫(食品營養成分資料庫)開放資料; 下載自 https://data.fda.gov.tw/data/opendata/export/20/csv (政府資料開放平臺 data.gov.tw dataset id 8543 / TFDA opendata InfoId=20); 查詢頁 https://consumer.fda.gov.tw/Food/TFND.aspx?nodeID=178 ; 整合編號=A0501002 (樣品基本資料)
穀物類,發芽稉米平均值,發芽糙米,Sprout rice,A05011,355.0,7.8,2.3,74.0,衛生福利部食品藥物管理署 台灣食品成分資料庫(食品營養成分資料庫)開放資料; 下載自 https://data.fda.gov.tw/data/opendata/export/20/csv (政府資料開放平臺 data.gov.tw dataset id 8543 / TFDA opendata InfoId=20); 查詢頁 https://consumer.fda.gov.tw/Food/TFND.aspx?nodeID=178 ; 整合編號=A05011 (樣品平均值)
穀物類,發芽稉米(台稉71號),"發芽糙米,益全香米發芽米",Sprout rice,A0501103,357.0,7.4,2.8,73.9,衛生福利部食品藥物管理署 台灣食品成分資料庫(食品營養成分資料庫)開放資料; 下載自 https://data.fda.gov.tw/data/opendata/export/20/csv (政府資料開放平臺 data.gov.tw dataset id 8543 / TFDA opendata InfoId=20); 查詢頁 https://consumer.fda.gov.tw/Food/TFND.aspx?nodeID=178 ; 整合編號=A0501103 (樣品基本資料)
穀物類,發芽稉米(台稉9號）,發芽糙米,Sprout rice,A0501104,353.0,8.2,1.9,74.1,衛生福利部食品藥物管理署 台灣食品成分資料庫(食品營養成分資料庫)開放資料; 下載自 https://data.fda.gov.tw/data/opendata/export/20/csv (政府資料開放平臺 data.gov.tw dataset id 8543 / TFDA opendata InfoId=20); 查詢頁 https://consumer.fda.gov.tw/Food/TFND.aspx?nodeID=178 ; 整合編號=A0501104 (樣品基本資料)
穀物類,糙秈米,糙米,Brown rice,A0501201,359.0,7.3,3.2,73.6,衛生福利部食品藥物管理署 台灣食品成分資料庫(食品營養成分資料庫)開放資料; 下載自 https://data.fda.gov.tw/data/opendata/export/20/csv (政府資料開放平臺 data.gov.tw dataset id 8543 / TFDA opendata InfoId=20); 查詢頁 https://consumer.fda.gov.tw/Food/TFND.aspx?nodeID=178 ; 整合編號=A0501201 (樣品基本資料)
穀物類,糙稉米平均值,糙米,Brown rice,A05013,364.0,7.4,2.3,76.6,衛生福利部食品藥物管理署 台灣食品成分資料庫(食品營養成分資料庫)開放資料; 下載自 https://data.fda.gov.tw/data/opendata/export/20/csv (政府資料開放平臺 data.gov.tw dataset id 8543 / TFDA opendata InfoId=20); 查詢頁 https://consumer.fda.gov.tw/Food/TFND.aspx?nodeID=178 ; 整合編號=A05013 (樣品平均值)
穀物類,糙稉米(台稉71號),益全香米糙米,Brown rice,A0501301,360.0,9.0,2.6,73.6,衛生福利部食品藥物管理署 台灣食品成分資料庫(食品營養成分資料庫)開放資料; 下載自 https://data.fda.gov.tw/data/opendata/export/20/csv (政府資料開放平臺 data.gov.tw dataset id 8543 / TFDA opendata InfoId=20); 查詢頁 https://consumer.fda.gov.tw/Food/TFND.aspx?nodeID=178 ; 整合編號=A0501301 (樣品基本資料)
穀物類,糙稉米(台稉9號),糙米,Brown rice,A0501302,364.0,7.4,2.3,76.6,衛生福利部食品藥物管理署 台灣食品成分資料庫(食品營養成分資料庫)開放資料; 下載自 https://data.fda.gov.tw/data/opendata/export/20/csv (政府資料開放平臺 data.gov.tw dataset id 8543 / TFDA opendata InfoId=20); 查詢頁 https://consumer.fda.gov.tw/Food/TFND.aspx?nodeID=178 ; 整合編號=A0501302 (樣品基本資料)
穀物類,黑秈糙米,黑米,black kerneled rice,A0501401,363.0,7.5,3.5,74.0,衛生福利部食品藥物管理署 台灣食品成分資料庫(食品營養成分資料庫)開放資料; 下載自 https://data.fda.gov.tw/data/opendata/export/20/csv (政府資料開放平臺 data.gov.tw dataset id 8543 / TFDA opendata InfoId=20); 查詢頁 https://consumer.fda.gov.tw/Food/TFND.aspx?nodeID=178 ; 整合編號=A0501401 (樣品基本資料)
穀物類,加鈣米,,Short grain rice: calcium enriched,A0510101,355.0,7.4,0.7,77.7,衛生福利部食品藥物管理署 台灣食品成分資料庫(食品營養成分資料庫)開放資料; 下載自 https://data.fda.gov.tw/data/opendata/export/20/csv (政府資料開放平臺 data.gov.tw dataset id 8543 / TFDA opendata InfoId=20); 查詢頁 https://consumer.fda.gov.tw/Food/TFND.aspx?nodeID=178 ; 整合編號=A0510101 (樣品基本資料)
穀物類,高纖米,高纖蓬萊米,Short grain rice,A0510201,363.0,8.3,2.5,75.2,衛生福利部食品藥物管理署 台灣食品成分資料庫(食品營養成分資料庫)開放資料; 下載自 https://data.fda.gov.tw/data/opendata/export/20/csv (政府資料開放平臺 data.gov.tw dataset id 8543 / TFDA opendata InfoId=20); 查詢頁 https://consumer.fda.gov.tw/Food/TFND.aspx?nodeID=178 ; 整合編號=A0510201 (樣品基本資料)
穀物類,五穀米,,,A0510301,358.0,8.7,2.9,72.9,衛生福利部食品藥物管理署 台灣食品成分資料庫(食品營養成分資料庫)開放資料; 下載自 https://data.fda.gov.tw/data/opendata/export/20/csv (政府資料開放平臺 data.gov.tw dataset id 8543 / TFDA opendata InfoId=20); 查詢頁 https://consumer.fda.gov.tw/Food/TFND.aspx?nodeID=178 ; 整合編號=A0510301 (樣品基本資料)
穀物類,米胚芽,,Rice germ,A0510401,391.0,17.0,12.7,52.9,衛生福利部食品藥物管理署 台灣食品成分資料庫(食品營養成分資料庫)開放資料; 下載自 https://data.fda.gov.tw/data/opendata/export/20/csv (政府資料開放平臺 data.gov.tw dataset id 8543 / TFDA opendata InfoId=20); 查詢頁 https://consumer.fda.gov.tw/Food/TFND.aspx?nodeID=178 ; 整合編號=A0510401 (樣品基本資料)
穀物類,秈米粉,在來米粉,Long-grain rice powder,A0520201,363.0,4.2,0.4,83.4,衛生福利部食品藥物管理署 台灣食品成分資料庫(食品營養成分資料庫)開放資料; 下載自 https://data.fda.gov.tw/data/opendata/export/20/csv (政府資料開放平臺 data.gov.tw dataset id 8543 / TFDA opendata InfoId=20); 查詢頁 https://consumer.fda.gov.tw/Food/TFND.aspx?nodeID=178 ; 整合編號=A0520201 (樣品基本資料)
穀物類,糙米粉,,Brown rice powder,A0520301,393.0,11.3,3.2,78.1,衛生福利部食品藥物管理署 台灣食品成分資料庫(食品營養成分資料庫)開放資料; 下載自 https://data.fda.gov.tw/data/opendata/export/20/csv (政府資料開放平臺 data.gov.tw dataset id 8543 / TFDA opendata InfoId=20); 查詢頁 https://consumer.fda.gov.tw/Food/TFND.aspx?nodeID=178 ; 整合編號=A0520301 (樣品基本資料)
穀物類,白糯米粉,,White- glutinous rice powder,A0520401,360.0,4.5,0.4,82.3,衛生福利部食品藥物管理署 台灣食品成分資料庫(食品營養成分資料庫)開放資料; 下載自 https://data.fda.gov.tw/data/opendata/export/20/csv (政府資料開放平臺 data.gov.tw dataset id 8543 / TFDA opendata InfoId=20); 查詢頁 https://consumer.fda.gov.tw/Food/TFND.aspx?nodeID=178 ; 整合編號=A0520401 (樣品基本資料)
穀物類,白飯,,Cooked rice,A0550601,183.0,3.1,0.3,41.0,衛生福利部食品藥物管理署 台灣食品成分資料庫(食品營養成分資料庫)開放資料; 下載自 https://data.fda.gov.tw/data/opendata/export/20/csv (政府資料開放平臺 data.gov.tw dataset id 8543 / TFDA opendata InfoId=20); 查詢頁 https://consumer.fda.gov.tw/Food/TFND.aspx?nodeID=178 ; 整合編號=A0550601 (樣品基本資料)
穀物類,高梁,,Sorghum; Kao-lian,A0600101,372.0,11.0,3.0,73.6,衛生福利部食品藥物管理署 台灣食品成分資料庫(食品營養成分資料庫)開放資料; 下載自 https://data.fda.gov.tw/data/opendata/export/20/csv (政府資料開放平臺 data.gov.tw dataset id 8543 / TFDA opendata InfoId=20); 查詢頁 https://consumer.fda.gov.tw/Food/TFND.aspx?nodeID=178 ; 整合編號=A0600101 (樣品基本資料)
穀物類,糯高梁,,Sorghum: glutinous; Kao-lian: glutinous,A0600201,362.0,10.7,1.0,75.7,衛生福利部食品藥物管理署 台灣食品成分資料庫(食品營養成分資料庫)開放資料; 下載自 https://data.fda.gov.tw/data/opendata/export/20/csv (政府資料開放平臺 data.gov.tw dataset id 8543 / TFDA opendata InfoId=20); 查詢頁 https://consumer.fda.gov.tw/Food/TFND.aspx?nodeID=178 ; 整合編號=A0600201 (樣品基本資料)
穀物類,黑麥片,,Rye,A0710101,359.0,7.8,1.2,77.3,衛生福利部食品藥物管理署 台灣食品成分資料庫(食品營養成分資料庫)開放資料; 下載自 https://data.fda.gov.tw/data/opendata/export/20/csv (政府資料開放平臺 data.gov.tw dataset id 8543 / TFDA opendata InfoId=20); 查詢頁 https://consumer.fda.gov.tw/Food/TFND.aspx?nodeID=178 ; 整合編號=A0710101 (樣品基本資料)
穀物類,燕麥,,Oat,A0800101,406.0,10.9,10.2,67.4,衛生福利部食品藥物管理署 台灣食品成分資料庫(食品營養成分資料庫)開放資料; 下載自 https://data.fda.gov.tw/data/opendata/export/20/csv (政府資料開放平臺 data.gov.tw dataset id 8543 / TFDA opendata InfoId=20); 查詢頁 https://consumer.fda.gov.tw/Food/TFND.aspx?nodeID=178 ; 整合編號=A0800101 (樣品基本資料)
穀物類,燕麥片,,Oatmeal ,A0810101,393.0,12.3,9.7,64.1,衛生福利部食品藥物管理署 台灣食品成分資料庫(食品營養成分資料庫)開放資料; 下載自 https://data.fda.gov.tw/data/opendata/export/20/csv (政府資料開放平臺 data.gov.tw dataset id 8543 / TFDA opendata InfoId=20); 查詢頁 https://consumer.fda.gov.tw/Food/TFND.aspx?nodeID=178 ; 整合編號=A0810101 (樣品基本資料)
穀物類,即食燕麥片,,Instant oatmeal ,A0810201,406.0,11.9,9.6,67.9,衛生福利部食品藥物管理署 台灣食品成分資料庫(食品營養成分資料庫)開放資料; 下載自 https://data.fda.gov.tw/data/opendata/export/20/csv (政府資料開放平臺 data.gov.tw dataset id 8543 / TFDA opendata InfoId=20); 查詢頁 https://consumer.fda.gov.tw/Food/TFND.aspx?nodeID=178 ; 整合編號=A0810201 (樣品基本資料)
穀物類,蕎麥(甜蕎),三角米,Buckwheat,A0900101,361.0,11.0,2.9,71.3,衛生福利部食品藥物管理署 台灣食品成分資料庫(食品營養成分資料庫)開放資料; 下載自 https://data.fda.gov.tw/data/opendata/export/20/csv (政府資料開放平臺 data.gov.tw dataset id 8543 / TFDA opendata InfoId=20); 查詢頁 https://consumer.fda.gov.tw/Food/TFND.aspx?nodeID=178 ; 整合編號=A0900101 (樣品基本資料)
穀物類,薏仁,"薏仁,薏苡仁",Adlay; Job's tears,A1000101,378.0,14.1,6.1,66.2,衛生福利部食品藥物管理署 台灣食品成分資料庫(食品營養成分資料庫)開放資料; 下載自 https://data.fda.gov.tw/data/opendata/export/20/csv (政府資料開放平臺 data.gov.tw dataset id 8543 / TFDA opendata InfoId=20); 查詢頁 https://consumer.fda.gov.tw/Food/TFND.aspx?nodeID=178 ; 整合編號=A1000101 (樣品基本資料)
穀物類,糙薏仁,紅薏仁,Adlay; Job's tears,A1000201,387.0,13.7,7.4,65.9,衛生福利部食品藥物管理署 台灣食品成分資料庫(食品營養成分資料庫)開放資料; 下載自 https://data.fda.gov.tw/data/opendata/export/20/csv (政府資料開放平臺 data.gov.tw dataset id 8543 / TFDA opendata InfoId=20); 查詢頁 https://consumer.fda.gov.tw/Food/TFND.aspx?nodeID=178 ; 整合編號=A1000201 (樣品基本資料)
穀物類,薏仁粉,,Adlay powder; Job's tears powder,A1020101,395.0,10.9,3.5,80.0,衛生福利部食品藥物管理署 台灣食品成分資料庫(食品營養成分資料庫)開放資料; 下載自 https://data.fda.gov.tw/data/opendata/export/20/csv (政府資料開放平臺 data.gov.tw dataset id 8543 / TFDA opendata InfoId=20); 查詢頁 https://consumer.fda.gov.tw/Food/TFND.aspx?nodeID=178 ; 整合編號=A1020101 (樣品基本資料)
穀物類,紅藜麥,,Red quinoa,A1100101,379.0,12.1,6.7,66.8,衛生福利部食品藥物管理署 台灣食品成分資料庫(食品營養成分資料庫)開放資料; 下載自 https://data.fda.gov.tw/data/opendata/export/20/csv (政府資料開放平臺 data.gov.tw dataset id 8543 / TFDA opendata InfoId=20); 查詢頁 https://consumer.fda.gov.tw/Food/TFND.aspx?nodeID=178 ; 整合編號=A1100101 (樣品基本資料)
穀物類,台灣藜(紅)(帶殼),"藜,赤藜,紫藜,紅心藜,紅藜,食用藜",Red Quinoa,A1100201,386.0,14.9,8.5,62.3,衛生福利部食品藥物管理署 台灣食品成分資料庫(食品營養成分資料庫)開放資料; 下載自 https://data.fda.gov.tw/data/opendata/export/20/csv (政府資料開放平臺 data.gov.tw dataset id 8543 / TFDA opendata InfoId=20); 查詢頁 https://consumer.fda.gov.tw/Food/TFND.aspx?nodeID=178 ; 整合編號=A1100201 (樣品基本資料)
穀物類,糙秈米漿,,,R1300401,68.0,0.9,2.1,11.4,衛生福利部食品藥物管理署 台灣食品成分資料庫(食品營養成分資料庫)開放資料; 下載自 https://data.fda.gov.tw/data/opendata/export/20/csv (政府資料開放平臺 data.gov.tw dataset id 8543 / TFDA opendata InfoId=20); 查詢頁 https://consumer.fda.gov.tw/Food/TFND.aspx?nodeID=178 ; 整合編號=R1300401 (樣品基本資料)
糕餅點心類,冷藏寧波年糕,,,Q0100101,220.0,3.9,0.6,49.7,衛生福利部食品藥物管理署 台灣食品成分資料庫(食品營養成分資料庫)開放資料; 下載自 https://data.fda.gov.tw/data/opendata/export/20/csv (政府資料開放平臺 data.gov.tw dataset id 8543 / TFDA opendata InfoId=20); 查詢頁 https://consumer.fda.gov.tw/Food/TFND.aspx?nodeID=178 ; 整合編號=Q0100101 (樣品基本資料)
糕餅點心類,冷藏甜年糕,,,Q0100201,242.0,2.3,0.4,57.2,衛生福利部食品藥物管理署 台灣食品成分資料庫(食品營養成分資料庫)開放資料; 下載自 https://data.fda.gov.tw/data/opendata/export/20/csv (政府資料開放平臺 data.gov.tw dataset id 8543 / TFDA opendata InfoId=20); 查詢頁 https://consumer.fda.gov.tw/Food/TFND.aspx?nodeID=178 ; 整合編號=Q0100201 (樣品基本資料)
糕餅點心類,冷藏廣式芋頭粿,,Taro cake,Q0100301,109.0,2.1,1.6,21.5,衛生福利部食品藥物管理署 台灣食品成分資料庫(食品營養成分資料庫)開放資料; 下載自 https://data.fda.gov.tw/data/opendata/export/20/csv (政府資料開放平臺 data.gov.tw dataset id 8543 / TFDA opendata InfoId=20); 查詢頁 https://consumer.fda.gov.tw/Food/TFND.aspx?nodeID=178 ; 整合編號=Q0100301 (樣品基本資料)
糕餅點心類,冷藏廣式蘿蔔糕,菜頭粿,Turnip cake; Radish cake,Q0100401,111.0,2.2,2.3,20.4,衛生福利部食品藥物管理署 台灣食品成分資料庫(食品營養成分資料庫)開放資料; 下載自 https://data.fda.gov.tw/data/opendata/export/20/csv (政府資料開放平臺 data.gov.tw dataset id 8543 / TFDA opendata InfoId=20); 查詢頁 https://consumer.fda.gov.tw/Food/TFND.aspx?nodeID=178 ; 整合編號=Q0100401 (樣品基本資料)
糕餅點心類,包餡甜麻糬(紅豆),,,Q0100501,329.0,10.0,2.9,65.7,衛生福利部食品藥物管理署 台灣食品成分資料庫(食品營養成分資料庫)開放資料; 下載自 https://data.fda.gov.tw/data/opendata/export/20/csv (政府資料開放平臺 data.gov.tw dataset id 8543 / TFDA opendata InfoId=20); 查詢頁 https://consumer.fda.gov.tw/Food/TFND.aspx?nodeID=178 ; 整合編號=Q0100501 (樣品基本資料)
糕餅點心類,鹹麻糬,,,Q0200101,248.0,8.7,4.5,43.2,衛生福利部食品藥物管理署 台灣食品成分資料庫(食品營養成分資料庫)開放資料; 下載自 https://data.fda.gov.tw/data/opendata/export/20/csv (政府資料開放平臺 data.gov.tw dataset id 8543 / TFDA opendata InfoId=20); 查詢頁 https://consumer.fda.gov.tw/Food/TFND.aspx?nodeID=178 ; 整合編號=Q0200101 (樣品基本資料)
糕餅點心類,芋仔餅,,,Q0300101,354.0,4.6,12.1,56.6,衛生福利部食品藥物管理署 台灣食品成分資料庫(食品營養成分資料庫)開放資料; 下載自 https://data.fda.gov.tw/data/opendata/export/20/csv (政府資料開放平臺 data.gov.tw dataset id 8543 / TFDA opendata InfoId=20); 查詢頁 https://consumer.fda.gov.tw/Food/TFND.aspx?nodeID=178 ; 整合編號=Q0300101 (樣品基本資料)
糕餅點心類,月餅(棗泥),,Moon cake,Q0300201,419.0,6.0,18.2,57.9,衛生福利部食品藥物管理署 台灣食品成分資料庫(食品營養成分資料庫)開放資料; 下載自 https://data.fda.gov.tw/data/opendata/export/20/csv (政府資料開放平臺 data.gov.tw dataset id 8543 / TFDA opendata InfoId=20); 查詢頁 https://consumer.fda.gov.tw/Food/TFND.aspx?nodeID=178 ; 整合編號=Q0300201 (樣品基本資料)
糕餅點心類,綠豆凸,綠豆椪,Mung bean cake,Q0300301,394.0,6.9,15.9,55.8,衛生福利部食品藥物管理署 台灣食品成分資料庫(食品營養成分資料庫)開放資料; 下載自 https://data.fda.gov.tw/data/opendata/export/20/csv (政府資料開放平臺 data.gov.tw dataset id 8543 / TFDA opendata InfoId=20); 查詢頁 https://consumer.fda.gov.tw/Food/TFND.aspx?nodeID=178 ; 整合編號=Q0300301 (樣品基本資料)
糕餅點心類,蕃薯餅,,,Q0300401,331.0,3.9,10.6,54.9,衛生福利部食品藥物管理署 台灣食品成分資料庫(食品營養成分資料庫)開放資料; 下載自 https://data.fda.gov.tw/data/opendata/export/20/csv (政府資料開放平臺 data.gov.tw dataset id 8543 / TFDA opendata InfoId=20); 查詢頁 https://consumer.fda.gov.tw/Food/TFND.aspx?nodeID=178 ; 整合編號=Q0300401 (樣品基本資料)
糕餅點心類,車輪餅(紅豆),,,Q0400101,187.0,2.1,1.1,42.3,衛生福利部食品藥物管理署 台灣食品成分資料庫(食品營養成分資料庫)開放資料; 下載自 https://data.fda.gov.tw/data/opendata/export/20/csv (政府資料開放平臺 data.gov.tw dataset id 8543 / TFDA opendata InfoId=20); 查詢頁 https://consumer.fda.gov.tw/Food/TFND.aspx?nodeID=178 ; 整合編號=Q0400101 (樣品基本資料)
糕餅點心類,車輪餅(菜脯),,,Q0400201,183.0,1.4,5.7,31.6,衛生福利部食品藥物管理署 台灣食品成分資料庫(食品營養成分資料庫)開放資料; 下載自 https://data.fda.gov.tw/data/opendata/export/20/csv (政府資料開放平臺 data.gov.tw dataset id 8543 / TFDA opendata InfoId=20); 查詢頁 https://consumer.fda.gov.tw/Food/TFND.aspx?nodeID=178 ; 整合編號=Q0400201 (樣品基本資料)
糕餅點心類,太陽餅,,Sun cake,Q0500101,460.0,5.3,20.5,63.6,衛生福利部食品藥物管理署 台灣食品成分資料庫(食品營養成分資料庫)開放資料; 下載自 https://data.fda.gov.tw/data/opendata/export/20/csv (政府資料開放平臺 data.gov.tw dataset id 8543 / TFDA opendata InfoId=20); 查詢頁 https://consumer.fda.gov.tw/Food/TFND.aspx?nodeID=178 ; 整合編號=Q0500101 (樣品基本資料)
糕餅點心類,牛舌餅,,,Q0500201,411.0,5.7,13.2,67.4,衛生福利部食品藥物管理署 台灣食品成分資料庫(食品營養成分資料庫)開放資料; 下載自 https://data.fda.gov.tw/data/opendata/export/20/csv (政府資料開放平臺 data.gov.tw dataset id 8543 / TFDA opendata InfoId=20); 查詢頁 https://consumer.fda.gov.tw/Food/TFND.aspx?nodeID=178 ; 整合編號=Q0500201 (樣品基本資料)
糕餅點心類,蛋黃芋頭酥,,,Q0500301,217.0,3.1,3.0,44.2,衛生福利部食品藥物管理署 台灣食品成分資料庫(食品營養成分資料庫)開放資料; 下載自 https://data.fda.gov.tw/data/opendata/export/20/csv (政府資料開放平臺 data.gov.tw dataset id 8543 / TFDA opendata InfoId=20); 查詢頁 https://consumer.fda.gov.tw/Food/TFND.aspx?nodeID=178 ; 整合編號=Q0500301 (樣品基本資料)
糕餅點心類,蛋黃酥,,Egg-yolk cake,Q0500401,461.0,11.4,26.4,44.5,衛生福利部食品藥物管理署 台灣食品成分資料庫(食品營養成分資料庫)開放資料; 下載自 https://data.fda.gov.tw/data/opendata/export/20/csv (政府資料開放平臺 data.gov.tw dataset id 8543 / TFDA opendata InfoId=20); 查詢頁 https://consumer.fda.gov.tw/Food/TFND.aspx?nodeID=178 ; 整合編號=Q0500401 (樣品基本資料)
糕餅點心類,鳳梨酥,,Pineapple cake,Q0500501,484.0,4.2,24.4,62.0,衛生福利部食品藥物管理署 台灣食品成分資料庫(食品營養成分資料庫)開放資料; 下載自 https://data.fda.gov.tw/data/opendata/export/20/csv (政府資料開放平臺 data.gov.tw dataset id 8543 / TFDA opendata InfoId=20); 查詢頁 https://consumer.fda.gov.tw/Food/TFND.aspx?nodeID=178 ; 整合編號=Q0500501 (樣品基本資料)
糕餅點心類,蘿蔔酥,,Turnip cake,Q0500601,427.0,7.5,20.9,52.3,衛生福利部食品藥物管理署 台灣食品成分資料庫(食品營養成分資料庫)開放資料; 下載自 https://data.fda.gov.tw/data/opendata/export/20/csv (政府資料開放平臺 data.gov.tw dataset id 8543 / TFDA opendata InfoId=20); 查詢頁 https://consumer.fda.gov.tw/Food/TFND.aspx?nodeID=178 ; 整合編號=Q0500601 (樣品基本資料)
糕餅點心類,鳳眼糕,,,Q0600701,379.0,3.8,0.8,89.0,衛生福利部食品藥物管理署 台灣食品成分資料庫(食品營養成分資料庫)開放資料; 下載自 https://data.fda.gov.tw/data/opendata/export/20/csv (政府資料開放平臺 data.gov.tw dataset id 8543 / TFDA opendata InfoId=20); 查詢頁 https://consumer.fda.gov.tw/Food/TFND.aspx?nodeID=178 ; 整合編號=Q0600701 (樣品基本資料)
糕餅點心類,米粩,豬油粩,,Q0600801,442.0,2.6,13.7,76.9,衛生福利部食品藥物管理署 台灣食品成分資料庫(食品營養成分資料庫)開放資料; 下載自 https://data.fda.gov.tw/data/opendata/export/20/csv (政府資料開放平臺 data.gov.tw dataset id 8543 / TFDA opendata InfoId=20); 查詢頁 https://consumer.fda.gov.tw/Food/TFND.aspx?nodeID=178 ; 整合編號=Q0600801 (樣品基本資料)
糕餅點心類,可頌,,,Q0700101,452.0,7.3,26.1,47.1,衛生福利部食品藥物管理署 台灣食品成分資料庫(食品營養成分資料庫)開放資料; 下載自 https://data.fda.gov.tw/data/opendata/export/20/csv (政府資料開放平臺 data.gov.tw dataset id 8543 / TFDA opendata InfoId=20); 查詢頁 https://consumer.fda.gov.tw/Food/TFND.aspx?nodeID=178 ; 整合編號=Q0700101 (樣品基本資料)
糕餅點心類,泡芙(巧克力),,Chocolate puff,Q0700201,590.0,10.3,40.4,46.2,衛生福利部食品藥物管理署 台灣食品成分資料庫(食品營養成分資料庫)開放資料; 下載自 https://data.fda.gov.tw/data/opendata/export/20/csv (政府資料開放平臺 data.gov.tw dataset id 8543 / TFDA opendata InfoId=20); 查詢頁 https://consumer.fda.gov.tw/Food/TFND.aspx?nodeID=178 ; 整合編號=Q0700201 (樣品基本資料)
糕餅點心類,蛋塔,,,Q0700301,376.0,4.1,21.7,41.1,衛生福利部食品藥物管理署 台灣食品成分資料庫(食品營養成分資料庫)開放資料; 下載自 https://data.fda.gov.tw/data/opendata/export/20/csv (政府資料開放平臺 data.gov.tw dataset id 8543 / TFDA opendata InfoId=20); 查詢頁 https://consumer.fda.gov.tw/Food/TFND.aspx?nodeID=178 ; 整合編號=Q0700301 (樣品基本資料)
糕餅點心類,蛋塔(葡式),,,Q0700401,375.0,3.7,25.8,31.9,衛生福利部食品藥物管理署 台灣食品成分資料庫(食品營養成分資料庫)開放資料; 下載自 https://data.fda.gov.tw/data/opendata/export/20/csv (政府資料開放平臺 data.gov.tw dataset id 8543 / TFDA opendata InfoId=20); 查詢頁 https://consumer.fda.gov.tw/Food/TFND.aspx?nodeID=178 ; 整合編號=Q0700401 (樣品基本資料)
糕餅點心類,鬆餅,,,Q0700501,257.0,3.2,2.6,55.1,衛生福利部食品藥物管理署 台灣食品成分資料庫(食品營養成分資料庫)開放資料; 下載自 https://data.fda.gov.tw/data/opendata/export/20/csv (政府資料開放平臺 data.gov.tw dataset id 8543 / TFDA opendata InfoId=20); 查詢頁 https://consumer.fda.gov.tw/Food/TFND.aspx?nodeID=178 ; 整合編號=Q0700501 (樣品基本資料)
糕餅點心類,冷凍馬拉糕,,,Q0800101,320.0,7.1,12.9,44.0,衛生福利部食品藥物管理署 台灣食品成分資料庫(食品營養成分資料庫)開放資料; 下載自 https://data.fda.gov.tw/data/opendata/export/20/csv (政府資料開放平臺 data.gov.tw dataset id 8543 / TFDA opendata InfoId=20); 查詢頁 https://consumer.fda.gov.tw/Food/TFND.aspx?nodeID=178 ; 整合編號=Q0800101 (樣品基本資料)
糕餅點心類,銅鑼燒,,,Q0800201,332.0,3.4,9.9,57.2,衛生福利部食品藥物管理署 台灣食品成分資料庫(食品營養成分資料庫)開放資料; 下載自 https://data.fda.gov.tw/data/opendata/export/20/csv (政府資料開放平臺 data.gov.tw dataset id 8543 / TFDA opendata InfoId=20); 查詢頁 https://consumer.fda.gov.tw/Food/TFND.aspx?nodeID=178 ; 整合編號=Q0800201 (樣品基本資料)
糕餅點心類,冷凍馬蹄條,,,Q0800301,194.0,4.2,1.9,40.1,衛生福利部食品藥物管理署 台灣食品成分資料庫(食品營養成分資料庫)開放資料; 下載自 https://data.fda.gov.tw/data/opendata/export/20/csv (政府資料開放平臺 data.gov.tw dataset id 8543 / TFDA opendata InfoId=20); 查詢頁 https://consumer.fda.gov.tw/Food/TFND.aspx?nodeID=178 ; 整合編號=Q0800301 (樣品基本資料)
糕餅點心類,乳酪蛋糕,,Cheese cake,Q0900101,296.0,7.0,21.3,19.1,衛生福利部食品藥物管理署 台灣食品成分資料庫(食品營養成分資料庫)開放資料; 下載自 https://data.fda.gov.tw/data/opendata/export/20/csv (政府資料開放平臺 data.gov.tw dataset id 8543 / TFDA opendata InfoId=20); 查詢頁 https://consumer.fda.gov.tw/Food/TFND.aspx?nodeID=178 ; 整合編號=Q0900101 (樣品基本資料)
糕餅點心類,海綿蛋糕(圓形),,,Q0900201,344.0,5.1,18.1,40.2,衛生福利部食品藥物管理署 台灣食品成分資料庫(食品營養成分資料庫)開放資料; 下載自 https://data.fda.gov.tw/data/opendata/export/20/csv (政府資料開放平臺 data.gov.tw dataset id 8543 / TFDA opendata InfoId=20); 查詢頁 https://consumer.fda.gov.tw/Food/TFND.aspx?nodeID=178 ; 整合編號=Q0900201 (樣品基本資料)
糕餅點心類,提拉米蘇(圓形),,,Q0900301,328.0,4.4,25.1,21.1,衛生福利部食品藥物管理署 台灣食品成分資料庫(食品營養成分資料庫)開放資料; 下載自 https://data.fda.gov.tw/data/opendata/export/20/csv (政府資料開放平臺 data.gov.tw dataset id 8543 / TFDA opendata InfoId=20); 查詢頁 https://consumer.fda.gov.tw/Food/TFND.aspx?nodeID=178 ; 整合編號=Q0900301 (樣品基本資料)
糕餅點心類,蜂蜜蛋糕(原味),,Honey cake,Q0900401,346.0,6.5,14.5,47.4,衛生福利部食品藥物管理署 台灣食品成分資料庫(食品營養成分資料庫)開放資料; 下載自 https://data.fda.gov.tw/data/opendata/export/20/csv (政府資料開放平臺 data.gov.tw dataset id 8543 / TFDA opendata InfoId=20); 查詢頁 https://consumer.fda.gov.tw/Food/TFND.aspx?nodeID=178 ; 整合編號=Q0900401 (樣品基本資料)
糕餅點心類,蜂蜜蛋糕(巧克力),,Honey cake: chocolate,Q0900501,341.0,6.9,15.6,43.1,衛生福利部食品藥物管理署 台灣食品成分資料庫(食品營養成分資料庫)開放資料; 下載自 https://data.fda.gov.tw/data/opendata/export/20/csv (政府資料開放平臺 data.gov.tw dataset id 8543 / TFDA opendata InfoId=20); 查詢頁 https://consumer.fda.gov.tw/Food/TFND.aspx?nodeID=178 ; 整合編號=Q0900501 (樣品基本資料)
糕餅點心類,蜂蜜蛋糕(起司),,Honey cake: Cheese,Q0900601,352.0,7.4,18.1,39.9,衛生福利部食品藥物管理署 台灣食品成分資料庫(食品營養成分資料庫)開放資料; 下載自 https://data.fda.gov.tw/data/opendata/export/20/csv (政府資料開放平臺 data.gov.tw dataset id 8543 / TFDA opendata InfoId=20); 查詢頁 https://consumer.fda.gov.tw/Food/TFND.aspx?nodeID=178 ; 整合編號=Q0900601 (樣品基本資料)
糕餅點心類,黑森林蛋糕,巧克力鮮奶油蛋糕,,Q0900701,277.0,4.2,17.8,25.0,衛生福利部食品藥物管理署 台灣食品成分資料庫(食品營養成分資料庫)開放資料; 下載自 https://data.fda.gov.tw/data/opendata/export/20/csv (政府資料開放平臺 data.gov.tw dataset id 8543 / TFDA opendata InfoId=20); 查詢頁 https://consumer.fda.gov.tw/Food/TFND.aspx?nodeID=178 ; 整合編號=Q0900701 (樣品基本資料)
糕餅點心類,土司,,Toast,Q1000101,289.0,9.5,6.3,48.6,衛生福利部食品藥物管理署 台灣食品成分資料庫(食品營養成分資料庫)開放資料; 下載自 https://data.fda.gov.tw/data/opendata/export/20/csv (政府資料開放平臺 data.gov.tw dataset id 8543 / TFDA opendata InfoId=20); 查詢頁 https://consumer.fda.gov.tw/Food/TFND.aspx?nodeID=178 ; 整合編號=Q1000101 (樣品基本資料)
糕餅點心類,土司(含全穀粉),,,Q1000201,292.0,10.0,6.1,49.2,衛生福利部食品藥物管理署 台灣食品成分資料庫(食品營養成分資料庫)開放資料; 下載自 https://data.fda.gov.tw/data/opendata/export/20/csv (政府資料開放平臺 data.gov.tw dataset id 8543 / TFDA opendata InfoId=20); 查詢頁 https://consumer.fda.gov.tw/Food/TFND.aspx?nodeID=178 ; 整合編號=Q1000201 (樣品基本資料)
糕餅點心類,紅豆土司,,,Q1000301,319.0,9.2,10.2,47.7,衛生福利部食品藥物管理署 台灣食品成分資料庫(食品營養成分資料庫)開放資料; 下載自 https://data.fda.gov.tw/data/opendata/export/20/csv (政府資料開放平臺 data.gov.tw dataset id 8543 / TFDA opendata InfoId=20); 查詢頁 https://consumer.fda.gov.tw/Food/TFND.aspx?nodeID=178 ; 整合編號=Q1000301 (樣品基本資料)
糕餅點心類,奶酥麵包,,Bread,Q1000401,377.0,9.1,15.7,49.8,衛生福利部食品藥物管理署 台灣食品成分資料庫(食品營養成分資料庫)開放資料; 下載自 https://data.fda.gov.tw/data/opendata/export/20/csv (政府資料開放平臺 data.gov.tw dataset id 8543 / TFDA opendata InfoId=20); 查詢頁 https://consumer.fda.gov.tw/Food/TFND.aspx?nodeID=178 ; 整合編號=Q1000401 (樣品基本資料)
糕餅點心類,肉鬆麵包,,Bread,Q1000501,429.0,8.1,22.9,47.6,衛生福利部食品藥物管理署 台灣食品成分資料庫(食品營養成分資料庫)開放資料; 下載自 https://data.fda.gov.tw/data/opendata/export/20/csv (政府資料開放平臺 data.gov.tw dataset id 8543 / TFDA opendata InfoId=20); 查詢頁 https://consumer.fda.gov.tw/Food/TFND.aspx?nodeID=178 ; 整合編號=Q1000501 (樣品基本資料)
糕餅點心類,蜜糖甜甜圈(波/摩堤),波(摩)堤,,Q1000601,396.0,2.0,20.7,50.6,衛生福利部食品藥物管理署 台灣食品成分資料庫(食品營養成分資料庫)開放資料; 下載自 https://data.fda.gov.tw/data/opendata/export/20/csv (政府資料開放平臺 data.gov.tw dataset id 8543 / TFDA opendata InfoId=20); 查詢頁 https://consumer.fda.gov.tw/Food/TFND.aspx?nodeID=178 ; 整合編號=Q1000601 (樣品基本資料)
糕餅點心類,糖粒甜甜圈(油炸),,,Q1000701,401.0,5.3,19.8,50.3,衛生福利部食品藥物管理署 台灣食品成分資料庫(食品營養成分資料庫)開放資料; 下載自 https://data.fda.gov.tw/data/opendata/export/20/csv (政府資料開放平臺 data.gov.tw dataset id 8543 / TFDA opendata InfoId=20); 查詢頁 https://consumer.fda.gov.tw/Food/TFND.aspx?nodeID=178 ; 整合編號=Q1000701 (樣品基本資料)
糕餅點心類,菠蘿麵包,,Bread,Q1000801,378.0,9.2,15.0,51.5,衛生福利部食品藥物管理署 台灣食品成分資料庫(食品營養成分資料庫)開放資料; 下載自 https://data.fda.gov.tw/data/opendata/export/20/csv (政府資料開放平臺 data.gov.tw dataset id 8543 / TFDA opendata InfoId=20); 查詢頁 https://consumer.fda.gov.tw/Food/TFND.aspx?nodeID=178 ; 整合編號=Q1000801 (樣品基本資料)
糕餅點心類,葡萄乾奶酥麵包,,,Q1000901,306.0,8.4,7.9,50.4,衛生福利部食品藥物管理署 台灣食品成分資料庫(食品營養成分資料庫)開放資料; 下載自 https://data.fda.gov.tw/data/opendata/export/20/csv (政府資料開放平臺 data.gov.tw dataset id 8543 / TFDA opendata InfoId=20); 查詢頁 https://consumer.fda.gov.tw/Food/TFND.aspx?nodeID=178 ; 整合編號=Q1000901 (樣品基本資料)
糕餅點心類,漢堡包,,,Q1001001,322.0,9.1,7.4,54.9,衛生福利部食品藥物管理署 台灣食品成分資料庫(食品營養成分資料庫)開放資料; 下載自 https://data.fda.gov.tw/data/opendata/export/20/csv (政府資料開放平臺 data.gov.tw dataset id 8543 / TFDA opendata InfoId=20); 查詢頁 https://consumer.fda.gov.tw/Food/TFND.aspx?nodeID=178 ; 整合編號=Q1001001 (樣品基本資料)
糕餅點心類,餐包,,,Q1001101,365.0,7.2,14.9,50.5,衛生福利部食品藥物管理署 台灣食品成分資料庫(食品營養成分資料庫)開放資料; 下載自 https://data.fda.gov.tw/data/opendata/export/20/csv (政府資料開放平臺 data.gov.tw dataset id 8543 / TFDA opendata InfoId=20); 查詢頁 https://consumer.fda.gov.tw/Food/TFND.aspx?nodeID=178 ; 整合編號=Q1001101 (樣品基本資料)
糕餅點心類,雙胞胎麵包,,,Q1001201,341.0,8.4,7.7,59.6,衛生福利部食品藥物管理署 台灣食品成分資料庫(食品營養成分資料庫)開放資料; 下載自 https://data.fda.gov.tw/data/opendata/export/20/csv (政府資料開放平臺 data.gov.tw dataset id 8543 / TFDA opendata InfoId=20); 查詢頁 https://consumer.fda.gov.tw/Food/TFND.aspx?nodeID=178 ; 整合編號=Q1001201 (樣品基本資料)
糕餅點心類,仙草凍,,,Q2100101,19.0,0.9,0.1,3.7,衛生福利部食品藥物管理署 台灣食品成分資料庫(食品營養成分資料庫)開放資料; 下載自 https://data.fda.gov.tw/data/opendata/export/20/csv (政府資料開放平臺 data.gov.tw dataset id 8543 / TFDA opendata InfoId=20); 查詢頁 https://consumer.fda.gov.tw/Food/TFND.aspx?nodeID=178 ; 整合編號=Q2100101 (樣品基本資料)
糕餅點心類,仙草凍(2020取樣),,,Q2100102,19.0,0.3,0.2,4.1,衛生福利部食品藥物管理署 台灣食品成分資料庫(食品營養成分資料庫)開放資料; 下載自 https://data.fda.gov.tw/data/opendata/export/20/csv (政府資料開放平臺 data.gov.tw dataset id 8543 / TFDA opendata InfoId=20); 查詢頁 https://consumer.fda.gov.tw/Food/TFND.aspx?nodeID=178 ; 整合編號=Q2100102 (樣品基本資料)
糕餅點心類,咖啡凍,,,Q2100201,75.0,0.1,0.2,18.1,衛生福利部食品藥物管理署 台灣食品成分資料庫(食品營養成分資料庫)開放資料; 下載自 https://data.fda.gov.tw/data/opendata/export/20/csv (政府資料開放平臺 data.gov.tw dataset id 8543 / TFDA opendata InfoId=20); 查詢頁 https://consumer.fda.gov.tw/Food/TFND.aspx?nodeID=178 ; 整合編號=Q2100201 (樣品基本資料)
糕餅點心類,果凍,,Fruit jelly,Q2100301,91.0,,0.2,22.3,衛生福利部食品藥物管理署 台灣食品成分資料庫(食品營養成分資料庫)開放資料; 下載自 https://data.fda.gov.tw/data/opendata/export/20/csv (政府資料開放平臺 data.gov.tw dataset id 8543 / TFDA opendata InfoId=20); 查詢頁 https://consumer.fda.gov.tw/Food/TFND.aspx?nodeID=178 ; 整合編號=Q2100301 (樣品基本資料)
糕餅點心類,原味愛玉凍,"愛玉,草子仔,草枳子,天拋藤,玉枳,枳子,天拋,風不動",Awkeotsang; Jelly-fig; Moraceae,Q2100401,2.0,,,0.4,衛生福利部食品藥物管理署 台灣食品成分資料庫(食品營養成分資料庫)開放資料; 下載自 https://data.fda.gov.tw/data/opendata/export/20/csv (政府資料開放平臺 data.gov.tw dataset id 8543 / TFDA opendata InfoId=20); 查詢頁 https://consumer.fda.gov.tw/Food/TFND.aspx?nodeID=178 ; 整合編號=Q2100401 (樣品基本資料)
糕餅點心類,檸檬愛玉凍,"愛玉,草子仔,草枳子,天拋藤,玉枳,枳子,天拋,風不動",Awkeotsang; Jelly-fig; Moraceae,Q2100501,53.0,,,13.1,衛生福利部食品藥物管理署 台灣食品成分資料庫(食品營養成分資料庫)開放資料; 下載自 https://data.fda.gov.tw/data/opendata/export/20/csv (政府資料開放平臺 data.gov.tw dataset id 8543 / TFDA opendata InfoId=20); 查詢頁 https://consumer.fda.gov.tw/Food/TFND.aspx?nodeID=178 ; 整合編號=Q2100501 (樣品基本資料)
糕餅點心類,粉粿,,,Q2100601,65.0,0.0,0.1,15.5,衛生福利部食品藥物管理署 台灣食品成分資料庫(食品營養成分資料庫)開放資料; 下載自 https://data.fda.gov.tw/data/opendata/export/20/csv (政府資料開放平臺 data.gov.tw dataset id 8543 / TFDA opendata InfoId=20); 查詢頁 https://consumer.fda.gov.tw/Food/TFND.aspx?nodeID=178 ; 整合編號=Q2100601 (樣品基本資料)
糕餅點心類,鮮奶布丁,白布丁,Milk pudding,Q2102101,110.0,3.0,5.1,13.1,衛生福利部食品藥物管理署 台灣食品成分資料庫(食品營養成分資料庫)開放資料; 下載自 https://data.fda.gov.tw/data/opendata/export/20/csv (政府資料開放平臺 data.gov.tw dataset id 8543 / TFDA opendata InfoId=20); 查詢頁 https://consumer.fda.gov.tw/Food/TFND.aspx?nodeID=178 ; 整合編號=Q2102101 (樣品基本資料)
糕餅點心類,烤布丁,,Pudding,Q2102201,138.0,4.7,7.1,13.8,衛生福利部食品藥物管理署 台灣食品成分資料庫(食品營養成分資料庫)開放資料; 下載自 https://data.fda.gov.tw/data/opendata/export/20/csv (政府資料開放平臺 data.gov.tw dataset id 8543 / TFDA opendata InfoId=20); 查詢頁 https://consumer.fda.gov.tw/Food/TFND.aspx?nodeID=178 ; 整合編號=Q2102201 (樣品基本資料)
糕餅點心類,黃布丁,雞蛋布丁,Pudding,Q2102301,110.0,2.3,3.5,17.3,衛生福利部食品藥物管理署 台灣食品成分資料庫(食品營養成分資料庫)開放資料; 下載自 https://data.fda.gov.tw/data/opendata/export/20/csv (政府資料開放平臺 data.gov.tw dataset id 8543 / TFDA opendata InfoId=20); 查詢頁 https://consumer.fda.gov.tw/Food/TFND.aspx?nodeID=178 ; 整合編號=Q2102301 (樣品基本資料)
糕餅點心類,豆花(花生),,,Q2104101,60.0,2.0,0.9,10.9,衛生福利部食品藥物管理署 台灣食品成分資料庫(食品營養成分資料庫)開放資料; 下載自 https://data.fda.gov.tw/data/opendata/export/20/csv (政府資料開放平臺 data.gov.tw dataset id 8543 / TFDA opendata InfoId=20); 查詢頁 https://consumer.fda.gov.tw/Food/TFND.aspx?nodeID=178 ; 整合編號=Q2104101 (樣品基本資料)
糕餅點心類,傳統豆花(未加糖),,,Q2104201,39.0,3.2,1.9,2.1,衛生福利部食品藥物管理署 台灣食品成分資料庫(食品營養成分資料庫)開放資料; 下載自 https://data.fda.gov.tw/data/opendata/export/20/csv (政府資料開放平臺 data.gov.tw dataset id 8543 / TFDA opendata InfoId=20); 查詢頁 https://consumer.fda.gov.tw/Food/TFND.aspx?nodeID=178 ; 整合編號=Q2104201 (樣品基本資料)
糕餅點心類,羊羹,,,Q2106101,289.0,3.0,0.7,67.6,衛生福利部食品藥物管理署 台灣食品成分資料庫(食品營養成分資料庫)開放資料; 下載自 https://data.fda.gov.tw/data/opendata/export/20/csv (政府資料開放平臺 data.gov.tw dataset id 8543 / TFDA opendata InfoId=20); 查詢頁 https://consumer.fda.gov.tw/Food/TFND.aspx?nodeID=178 ; 整合編號=Q2106101 (樣品基本資料)
糕餅點心類,巧克力冰淇淋,,Ice cream: chocolate flavor,Q2200101,192.0,4.2,10.6,19.9,衛生福利部食品藥物管理署 台灣食品成分資料庫(食品營養成分資料庫)開放資料; 下載自 https://data.fda.gov.tw/data/opendata/export/20/csv (政府資料開放平臺 data.gov.tw dataset id 8543 / TFDA opendata InfoId=20); 查詢頁 https://consumer.fda.gov.tw/Food/TFND.aspx?nodeID=178 ; 整合編號=Q2200101 (樣品基本資料)
糕餅點心類,香草冰淇淋,,Ice cream: vanilla flavor,Q2200201,182.0,2.5,9.1,22.6,衛生福利部食品藥物管理署 台灣食品成分資料庫(食品營養成分資料庫)開放資料; 下載自 https://data.fda.gov.tw/data/opendata/export/20/csv (政府資料開放平臺 data.gov.tw dataset id 8543 / TFDA opendata InfoId=20); 查詢頁 https://consumer.fda.gov.tw/Food/TFND.aspx?nodeID=178 ; 整合編號=Q2200201 (樣品基本資料)
糕餅點心類,紅豆牛奶冰棒,,Red bean milk ice bar,Q2200301,155.0,3.5,4.9,24.3,衛生福利部食品藥物管理署 台灣食品成分資料庫(食品營養成分資料庫)開放資料; 下載自 https://data.fda.gov.tw/data/opendata/export/20/csv (政府資料開放平臺 data.gov.tw dataset id 8543 / TFDA opendata InfoId=20); 查詢頁 https://consumer.fda.gov.tw/Food/TFND.aspx?nodeID=178 ; 整合編號=Q2200301 (樣品基本資料)
糕餅點心類,花生仁湯,,Peanut soup,Q2300101,108.0,2.8,5.1,12.7,衛生福利部食品藥物管理署 台灣食品成分資料庫(食品營養成分資料庫)開放資料; 下載自 https://data.fda.gov.tw/data/opendata/export/20/csv (政府資料開放平臺 data.gov.tw dataset id 8543 / TFDA opendata InfoId=20); 查詢頁 https://consumer.fda.gov.tw/Food/TFND.aspx?nodeID=178 ; 整合編號=Q2300101 (樣品基本資料)
糕餅點心類,方塊酥,"恩典酥,方塊酥",,Q4100101,509.0,7.1,24.1,66.1,衛生福利部食品藥物管理署 台灣食品成分資料庫(食品營養成分資料庫)開放資料; 下載自 https://data.fda.gov.tw/data/opendata/export/20/csv (政府資料開放平臺 data.gov.tw dataset id 8543 / TFDA opendata InfoId=20); 查詢頁 https://consumer.fda.gov.tw/Food/TFND.aspx?nodeID=178 ; 整合編號=Q4100101 (樣品基本資料)
糕餅點心類,夾心餅乾(草莓),,Cookie,Q4100201,517.0,4.8,27.4,62.8,衛生福利部食品藥物管理署 台灣食品成分資料庫(食品營養成分資料庫)開放資料; 下載自 https://data.fda.gov.tw/data/opendata/export/20/csv (政府資料開放平臺 data.gov.tw dataset id 8543 / TFDA opendata InfoId=20); 查詢頁 https://consumer.fda.gov.tw/Food/TFND.aspx?nodeID=178 ; 整合編號=Q4100201 (樣品基本資料)
糕餅點心類,捲心酥,,,Q4100301,490.0,6.1,19.9,71.7,衛生福利部食品藥物管理署 台灣食品成分資料庫(食品營養成分資料庫)開放資料; 下載自 https://data.fda.gov.tw/data/opendata/export/20/csv (政府資料開放平臺 data.gov.tw dataset id 8543 / TFDA opendata InfoId=20); 查詢頁 https://consumer.fda.gov.tw/Food/TFND.aspx?nodeID=178 ; 整合編號=Q4100301 (樣品基本資料)
糕餅點心類,蛋捲(芝麻),,Egg roll,Q4100401,549.0,6.8,33.3,55.5,衛生福利部食品藥物管理署 台灣食品成分資料庫(食品營養成分資料庫)開放資料; 下載自 https://data.fda.gov.tw/data/opendata/export/20/csv (政府資料開放平臺 data.gov.tw dataset id 8543 / TFDA opendata InfoId=20); 查詢頁 https://consumer.fda.gov.tw/Food/TFND.aspx?nodeID=178 ; 整合編號=Q4100401 (樣品基本資料)
糕餅點心類,煎餅,,,Q4100501,444.0,6.3,11.7,78.3,衛生福利部食品藥物管理署 台灣食品成分資料庫(食品營養成分資料庫)開放資料; 下載自 https://data.fda.gov.tw/data/opendata/export/20/csv (政府資料開放平臺 data.gov.tw dataset id 8543 / TFDA opendata InfoId=20); 查詢頁 https://consumer.fda.gov.tw/Food/TFND.aspx?nodeID=178 ; 整合編號=Q4100501 (樣品基本資料)
糕餅點心類,營養口糧,,,Q4100601,424.0,6.8,8.7,79.7,衛生福利部食品藥物管理署 台灣食品成分資料庫(食品營養成分資料庫)開放資料; 下載自 https://data.fda.gov.tw/data/opendata/export/20/csv (政府資料開放平臺 data.gov.tw dataset id 8543 / TFDA opendata InfoId=20); 查詢頁 https://consumer.fda.gov.tw/Food/TFND.aspx?nodeID=178 ; 整合編號=Q4100601 (樣品基本資料)
糕餅點心類,蘇打餅乾(蔬菜),,,Q4100701,512.0,7.8,24.7,64.5,衛生福利部食品藥物管理署 台灣食品成分資料庫(食品營養成分資料庫)開放資料; 下載自 https://data.fda.gov.tw/data/opendata/export/20/csv (政府資料開放平臺 data.gov.tw dataset id 8543 / TFDA opendata InfoId=20); 查詢頁 https://consumer.fda.gov.tw/Food/TFND.aspx?nodeID=178 ; 整合編號=Q4100701 (樣品基本資料)
糕餅點心類,玉米餅乾(原味),,,Q4200101,504.0,7.6,24.3,63.8,衛生福利部食品藥物管理署 台灣食品成分資料庫(食品營養成分資料庫)開放資料; 下載自 https://data.fda.gov.tw/data/opendata/export/20/csv (政府資料開放平臺 data.gov.tw dataset id 8543 / TFDA opendata InfoId=20); 查詢頁 https://consumer.fda.gov.tw/Food/TFND.aspx?nodeID=178 ; 整合編號=Q4200101 (樣品基本資料)
糕餅點心類,洋芋片,,Potato chips,Q4200201,553.0,5.2,34.3,55.8,衛生福利部食品藥物管理署 台灣食品成分資料庫(食品營養成分資料庫)開放資料; 下載自 https://data.fda.gov.tw/data/opendata/export/20/csv (政府資料開放平臺 data.gov.tw dataset id 8543 / TFDA opendata InfoId=20); 查詢頁 https://consumer.fda.gov.tw/Food/TFND.aspx?nodeID=178 ; 整合編號=Q4200201 (樣品基本資料)
糕餅點心類,魚酥,,,Q4200301,564.0,8.3,36.6,50.3,衛生福利部食品藥物管理署 台灣食品成分資料庫(食品營養成分資料庫)開放資料; 下載自 https://data.fda.gov.tw/data/opendata/export/20/csv (政府資料開放平臺 data.gov.tw dataset id 8543 / TFDA opendata InfoId=20); 查詢頁 https://consumer.fda.gov.tw/Food/TFND.aspx?nodeID=178 ; 整合編號=Q4200301 (樣品基本資料)
糕餅點心類,零食泡麵,,,Q4200401,484.0,11.3,21.5,61.3,衛生福利部食品藥物管理署 台灣食品成分資料庫(食品營養成分資料庫)開放資料; 下載自 https://data.fda.gov.tw/data/opendata/export/20/csv (政府資料開放平臺 data.gov.tw dataset id 8543 / TFDA opendata InfoId=20); 查詢頁 https://consumer.fda.gov.tw/Food/TFND.aspx?nodeID=178 ; 整合編號=Q4200401 (樣品基本資料)
糕餅點心類,雪餅,,,Q4300101,487.0,5.8,19.4,72.3,衛生福利部食品藥物管理署 台灣食品成分資料庫(食品營養成分資料庫)開放資料; 下載自 https://data.fda.gov.tw/data/opendata/export/20/csv (政府資料開放平臺 data.gov.tw dataset id 8543 / TFDA opendata InfoId=20); 查詢頁 https://consumer.fda.gov.tw/Food/TFND.aspx?nodeID=178 ; 整合編號=Q4300101 (樣品基本資料)
糕餅點心類,沙其馬,,,Q4900101,487.0,5.6,24.8,60.2,衛生福利部食品藥物管理署 台灣食品成分資料庫(食品營養成分資料庫)開放資料; 下載自 https://data.fda.gov.tw/data/opendata/export/20/csv (政府資料開放平臺 data.gov.tw dataset id 8543 / TFDA opendata InfoId=20); 查詢頁 https://consumer.fda.gov.tw/Food/TFND.aspx?nodeID=178 ; 整合編號=Q4900101 (樣品基本資料)
糕餅點心類,牛奶巧克力,,Chocolate ,Q6100101,546.0,9.4,32.6,54.0,衛生福利部食品藥物管理署 台灣食品成分資料庫(食品營養成分資料庫)開放資料; 下載自 https://data.fda.gov.tw/data/opendata/export/20/csv (政府資料開放平臺 data.gov.tw dataset id 8543 / TFDA opendata InfoId=20); 查詢頁 https://consumer.fda.gov.tw/Food/TFND.aspx?nodeID=178 ; 整合編號=Q6100101 (樣品基本資料)
糕餅點心類,花生牛奶巧克力,,Chocolate ,Q6100201,489.0,13.0,23.2,56.9,衛生福利部食品藥物管理署 台灣食品成分資料庫(食品營養成分資料庫)開放資料; 下載自 https://data.fda.gov.tw/data/opendata/export/20/csv (政府資料開放平臺 data.gov.tw dataset id 8543 / TFDA opendata InfoId=20); 查詢頁 https://consumer.fda.gov.tw/Food/TFND.aspx?nodeID=178 ; 整合編號=Q6100201 (樣品基本資料)
糕餅點心類,榛果牛奶巧克力,,Chocolate ,Q6100301,590.0,9.0,40.4,47.5,衛生福利部食品藥物管理署 台灣食品成分資料庫(食品營養成分資料庫)開放資料; 下載自 https://data.fda.gov.tw/data/opendata/export/20/csv (政府資料開放平臺 data.gov.tw dataset id 8543 / TFDA opendata InfoId=20); 查詢頁 https://consumer.fda.gov.tw/Food/TFND.aspx?nodeID=178 ; 整合編號=Q6100301 (樣品基本資料)
糕餅點心類,糖衣牛奶巧克力,,Chocolate ,Q6100401,481.0,4.8,18.6,73.6,衛生福利部食品藥物管理署 台灣食品成分資料庫(食品營養成分資料庫)開放資料; 下載自 https://data.fda.gov.tw/data/opendata/export/20/csv (政府資料開放平臺 data.gov.tw dataset id 8543 / TFDA opendata InfoId=20); 查詢頁 https://consumer.fda.gov.tw/Food/TFND.aspx?nodeID=178 ; 整合編號=Q6100401 (樣品基本資料)
糕餅點心類,白巧克力風味糖,,Chocolate ,Q6100501,562.0,8.6,34.7,53.8,衛生福利部食品藥物管理署 台灣食品成分資料庫(食品營養成分資料庫)開放資料; 下載自 https://data.fda.gov.tw/data/opendata/export/20/csv (政府資料開放平臺 data.gov.tw dataset id 8543 / TFDA opendata InfoId=20); 查詢頁 https://consumer.fda.gov.tw/Food/TFND.aspx?nodeID=178 ; 整合編號=Q6100501 (樣品基本資料)
糕餅點心類,黑巧克力(85%),,Chocolate ,Q6100601,613.0,10.9,46.1,38.7,衛生福利部食品藥物管理署 台灣食品成分資料庫(食品營養成分資料庫)開放資料; 下載自 https://data.fda.gov.tw/data/opendata/export/20/csv (政府資料開放平臺 data.gov.tw dataset id 8543 / TFDA opendata InfoId=20); 查詢頁 https://consumer.fda.gov.tw/Food/TFND.aspx?nodeID=178 ; 整合編號=Q6100601 (樣品基本資料)
糕餅點心類,白芝麻糖,,Candy,Q6200101,521.0,8.4,26.2,62.9,衛生福利部食品藥物管理署 台灣食品成分資料庫(食品營養成分資料庫)開放資料; 下載自 https://data.fda.gov.tw/data/opendata/export/20/csv (政府資料開放平臺 data.gov.tw dataset id 8543 / TFDA opendata InfoId=20); 查詢頁 https://consumer.fda.gov.tw/Food/TFND.aspx?nodeID=178 ; 整合編號=Q6200101 (樣品基本資料)
糕餅點心類,黑芝麻糖,,Candy,Q6200201,536.0,8.5,30.4,57.0,衛生福利部食品藥物管理署 台灣食品成分資料庫(食品營養成分資料庫)開放資料; 下載自 https://data.fda.gov.tw/data/opendata/export/20/csv (政府資料開放平臺 data.gov.tw dataset id 8543 / TFDA opendata InfoId=20); 查詢頁 https://consumer.fda.gov.tw/Food/TFND.aspx?nodeID=178 ; 整合編號=Q6200201 (樣品基本資料)
糕餅點心類,花生糖,,Candy,Q6200301,562.0,17.9,35.3,43.3,衛生福利部食品藥物管理署 台灣食品成分資料庫(食品營養成分資料庫)開放資料; 下載自 https://data.fda.gov.tw/data/opendata/export/20/csv (政府資料開放平臺 data.gov.tw dataset id 8543 / TFDA opendata InfoId=20); 查詢頁 https://consumer.fda.gov.tw/Food/TFND.aspx?nodeID=178 ; 整合編號=Q6200301 (樣品基本資料)
糕餅點心類,花生貢糖,,Candy,Q6200401,511.0,13.5,26.3,55.0,衛生福利部食品藥物管理署 台灣食品成分資料庫(食品營養成分資料庫)開放資料; 下載自 https://data.fda.gov.tw/data/opendata/export/20/csv (政府資料開放平臺 data.gov.tw dataset id 8543 / TFDA opendata InfoId=20); 查詢頁 https://consumer.fda.gov.tw/Food/TFND.aspx?nodeID=178 ; 整合編號=Q6200401 (樣品基本資料)
糕餅點心類,牛軋糖,,Candy,Q6200501,477.0,9.7,21.7,60.8,衛生福利部食品藥物管理署 台灣食品成分資料庫(食品營養成分資料庫)開放資料; 下載自 https://data.fda.gov.tw/data/opendata/export/20/csv (政府資料開放平臺 data.gov.tw dataset id 8543 / TFDA opendata InfoId=20); 查詢頁 https://consumer.fda.gov.tw/Food/TFND.aspx?nodeID=178 ; 整合編號=Q6200501 (樣品基本資料)
糕餅點心類,核棗糕,,,Q6200601,425.0,2.5,14.6,71.1,衛生福利部食品藥物管理署 台灣食品成分資料庫(食品營養成分資料庫)開放資料; 下載自 https://data.fda.gov.tw/data/opendata/export/20/csv (政府資料開放平臺 data.gov.tw dataset id 8543 / TFDA opendata InfoId=20); 查詢頁 https://consumer.fda.gov.tw/Food/TFND.aspx?nodeID=178 ; 整合編號=Q6200601 (樣品基本資料)
糕餅點心類,水果軟糖,,Candy,Q6300101,411.0,1.3,8.4,82.6,衛生福利部食品藥物管理署 台灣食品成分資料庫(食品營養成分資料庫)開放資料; 下載自 https://data.fda.gov.tw/data/opendata/export/20/csv (政府資料開放平臺 data.gov.tw dataset id 8543 / TFDA opendata InfoId=20); 查詢頁 https://consumer.fda.gov.tw/Food/TFND.aspx?nodeID=178 ; 整合編號=Q6300101 (樣品基本資料)
糕餅點心類,水果QQ軟糖,,Candy,Q6300201,343.0,6.8,0.2,78.3,衛生福利部食品藥物管理署 台灣食品成分資料庫(食品營養成分資料庫)開放資料; 下載自 https://data.fda.gov.tw/data/opendata/export/20/csv (政府資料開放平臺 data.gov.tw dataset id 8543 / TFDA opendata InfoId=20); 查詢頁 https://consumer.fda.gov.tw/Food/TFND.aspx?nodeID=178 ; 整合編號=Q6300201 (樣品基本資料)
糕餅點心類,牛奶軟糖,,Candy,Q6310101,424.0,2.9,11.1,78.0,衛生福利部食品藥物管理署 台灣食品成分資料庫(食品營養成分資料庫)開放資料; 下載自 https://data.fda.gov.tw/data/opendata/export/20/csv (政府資料開放平臺 data.gov.tw dataset id 8543 / TFDA opendata InfoId=20); 查詢頁 https://consumer.fda.gov.tw/Food/TFND.aspx?nodeID=178 ; 整合編號=Q6310101 (樣品基本資料)
糕餅點心類,巧克力牛奶軟糖,,Candy,Q6310201,422.0,3.4,11.3,76.7,衛生福利部食品藥物管理署 台灣食品成分資料庫(食品營養成分資料庫)開放資料; 下載自 https://data.fda.gov.tw/data/opendata/export/20/csv (政府資料開放平臺 data.gov.tw dataset id 8543 / TFDA opendata InfoId=20); 查詢頁 https://consumer.fda.gov.tw/Food/TFND.aspx?nodeID=178 ; 整合編號=Q6310201 (樣品基本資料)
糕餅點心類,太妃糖,,Toffee,Q6400101,438.0,2.7,13.9,75.6,衛生福利部食品藥物管理署 台灣食品成分資料庫(食品營養成分資料庫)開放資料; 下載自 https://data.fda.gov.tw/data/opendata/export/20/csv (政府資料開放平臺 data.gov.tw dataset id 8543 / TFDA opendata InfoId=20); 查詢頁 https://consumer.fda.gov.tw/Food/TFND.aspx?nodeID=178 ; 整合編號=Q6400101 (樣品基本資料)
糕餅點心類,蓮藕糖,,Candy,Q6400201,395.0,0.2,0.4,97.8,衛生福利部食品藥物管理署 台灣食品成分資料庫(食品營養成分資料庫)開放資料; 下載自 https://data.fda.gov.tw/data/opendata/export/20/csv (政府資料開放平臺 data.gov.tw dataset id 8543 / TFDA opendata InfoId=20); 查詢頁 https://consumer.fda.gov.tw/Food/TFND.aspx?nodeID=178 ; 整合編號=Q6400201 (樣品基本資料)
糕餅點心類,枇杷糖,,Candy,Q6400301,394.0,0.2,0.1,98.0,衛生福利部食品藥物管理署 台灣食品成分資料庫(食品營養成分資料庫)開放資料; 下載自 https://data.fda.gov.tw/data/opendata/export/20/csv (政府資料開放平臺 data.gov.tw dataset id 8543 / TFDA opendata InfoId=20); 查詢頁 https://consumer.fda.gov.tw/Food/TFND.aspx?nodeID=178 ; 整合編號=Q6400301 (樣品基本資料)
糕餅點心類,苦茶糖,,Candy,Q6400401,396.0,0.1,0.2,98.5,衛生福利部食品藥物管理署 台灣食品成分資料庫(食品營養成分資料庫)開放資料; 下載自 https://data.fda.gov.tw/data/opendata/export/20/csv (政府資料開放平臺 data.gov.tw dataset id 8543 / TFDA opendata InfoId=20); 查詢頁 https://consumer.fda.gov.tw/Food/TFND.aspx?nodeID=178 ; 整合編號=Q6400401 (樣品基本資料)
糕餅點心類,薑糖,,Candy,Q6400501,359.0,0.3,2.5,84.0,衛生福利部食品藥物管理署 台灣食品成分資料庫(食品營養成分資料庫)開放資料; 下載自 https://data.fda.gov.tw/data/opendata/export/20/csv (政府資料開放平臺 data.gov.tw dataset id 8543 / TFDA opendata InfoId=20); 查詢頁 https://consumer.fda.gov.tw/Food/TFND.aspx?nodeID=178 ; 整合編號=Q6400501 (樣品基本資料)
糕餅點心類,巧克力夾心糖,,Candy,Q6400601,403.0,0.7,2.8,93.7,衛生福利部食品藥物管理署 台灣食品成分資料庫(食品營養成分資料庫)開放資料; 下載自 https://data.fda.gov.tw/data/opendata/export/20/csv (政府資料開放平臺 data.gov.tw dataset id 8543 / TFDA opendata InfoId=20); 查詢頁 https://consumer.fda.gov.tw/Food/TFND.aspx?nodeID=178 ; 整合編號=Q6400601 (樣品基本資料)
糕餅點心類,維生素C口含錠(檸檬),,,Q6800101,399.0,0.2,0.6,98.3,衛生福利部食品藥物管理署 台灣食品成分資料庫(食品營養成分資料庫)開放資料; 下載自 https://data.fda.gov.tw/data/opendata/export/20/csv (政府資料開放平臺 data.gov.tw dataset id 8543 / TFDA opendata InfoId=20); 查詢頁 https://consumer.fda.gov.tw/Food/TFND.aspx?nodeID=178 ; 整合編號=Q6800101 (樣品基本資料)
糕餅點心類,酵母菌咀嚼錠,,,Q6800201,391.0,23.6,5.6,61.4,衛生福利部食品藥物管理署 台灣食品成分資料庫(食品營養成分資料庫)開放資料; 下載自 https://data.fda.gov.tw/data/opendata/export/20/csv (政府資料開放平臺 data.gov.tw dataset id 8543 / TFDA opendata InfoId=20); 查詢頁 https://consumer.fda.gov.tw/Food/TFND.aspx?nodeID=178 ; 整合編號=Q6800201 (樣品基本資料)
糕餅點心類,乳酸球,,,Q6900101,474.0,3.8,21.7,66.1,衛生福利部食品藥物管理署 台灣食品成分資料庫(食品營養成分資料庫)開放資料; 下載自 https://data.fda.gov.tw/data/opendata/export/20/csv (政府資料開放平臺 data.gov.tw dataset id 8543 / TFDA opendata InfoId=20); 查詢頁 https://consumer.fda.gov.tw/Food/TFND.aspx?nodeID=178 ; 整合編號=Q6900101 (樣品基本資料)
糕餅點心類,羊乳片,,Goat milk tablet,Q6900201,410.0,23.4,10.0,56.6,衛生福利部食品藥物管理署 台灣食品成分資料庫(食品營養成分資料庫)開放資料; 下載自 https://data.fda.gov.tw/data/opendata/export/20/csv (政府資料開放平臺 data.gov.tw dataset id 8543 / TFDA opendata InfoId=20); 查詢頁 https://consumer.fda.gov.tw/Food/TFND.aspx?nodeID=178 ; 整合編號=Q6900201 (樣品基本資料)
糕餅點心類,紅豆球,,,Q6900301,351.0,7.1,1.0,78.4,衛生福利部食品藥物管理署 台灣食品成分資料庫(食品營養成分資料庫)開放資料; 下載自 https://data.fda.gov.tw/data/opendata/export/20/csv (政府資料開放平臺 data.gov.tw dataset id 8543 / TFDA opendata InfoId=20); 查詢頁 https://consumer.fda.gov.tw/Food/TFND.aspx?nodeID=178 ; 整合編號=Q6900301 (樣品基本資料)
糕餅點心類,綠豆球,,,Q6900401,346.0,6.2,1.1,77.9,衛生福利部食品藥物管理署 台灣食品成分資料庫(食品營養成分資料庫)開放資料; 下載自 https://data.fda.gov.tw/data/opendata/export/20/csv (政府資料開放平臺 data.gov.tw dataset id 8543 / TFDA opendata InfoId=20); 查詢頁 https://consumer.fda.gov.tw/Food/TFND.aspx?nodeID=178 ; 整合編號=Q6900401 (樣品基本資料)
糕餅點心類,棉花糖,,Marshmallow,Q6900501,331.0,3.2,0.3,78.9,衛生福利部食品藥物管理署 台灣食品成分資料庫(食品營養成分資料庫)開放資料; 下載自 https://data.fda.gov.tw/data/opendata/export/20/csv (政府資料開放平臺 data.gov.tw dataset id 8543 / TFDA opendata InfoId=20); 查詢頁 https://consumer.fda.gov.tw/Food/TFND.aspx?nodeID=178 ; 整合編號=Q6900501 (樣品基本資料)
糕餅點心類,甘薯蜜餞,,,Q8100101,347.0,0.9,0.6,84.3,衛生福利部食品藥物管理署 台灣食品成分資料庫(食品營養成分資料庫)開放資料; 下載自 https://data.fda.gov.tw/data/opendata/export/20/csv (政府資料開放平臺 data.gov.tw dataset id 8543 / TFDA opendata InfoId=20); 查詢頁 https://consumer.fda.gov.tw/Food/TFND.aspx?nodeID=178 ; 整合編號=Q8100101 (樣品基本資料)
糕餅點心類,芒果青,,,Q8100201,223.0,0.6,0.4,54.2,衛生福利部食品藥物管理署 台灣食品成分資料庫(食品營養成分資料庫)開放資料; 下載自 https://data.fda.gov.tw/data/opendata/export/20/csv (政府資料開放平臺 data.gov.tw dataset id 8543 / TFDA opendata InfoId=20); 查詢頁 https://consumer.fda.gov.tw/Food/TFND.aspx?nodeID=178 ; 整合編號=Q8100201 (樣品基本資料)
糕餅點心類,芭樂果乾,,,Q8100401,347.0,1.1,0.2,85.2,衛生福利部食品藥物管理署 台灣食品成分資料庫(食品營養成分資料庫)開放資料; 下載自 https://data.fda.gov.tw/data/opendata/export/20/csv (政府資料開放平臺 data.gov.tw dataset id 8543 / TFDA opendata InfoId=20); 查詢頁 https://consumer.fda.gov.tw/Food/TFND.aspx?nodeID=178 ; 整合編號=Q8100401 (樣品基本資料)
糕餅點心類,鳳梨果乾,,,Q8100501,348.0,2.0,0.3,84.6,衛生福利部食品藥物管理署 台灣食品成分資料庫(食品營養成分資料庫)開放資料; 下載自 https://data.fda.gov.tw/data/opendata/export/20/csv (政府資料開放平臺 data.gov.tw dataset id 8543 / TFDA opendata InfoId=20); 查詢頁 https://consumer.fda.gov.tw/Food/TFND.aspx?nodeID=178 ; 整合編號=Q8100501 (樣品基本資料)
糕餅點心類,檸檬果乾,,,Q8100601,344.0,0.8,0.2,84.6,衛生福利部食品藥物管理署 台灣食品成分資料庫(食品營養成分資料庫)開放資料; 下載自 https://data.fda.gov.tw/data/opendata/export/20/csv (政府資料開放平臺 data.gov.tw dataset id 8543 / TFDA opendata InfoId=20); 查詢頁 https://consumer.fda.gov.tw/Food/TFND.aspx?nodeID=178 ; 整合編號=Q8100601 (樣品基本資料)
糕餅點心類,豆干丁(五香),,,Q9100101,383.0,35.4,18.1,19.6,衛生福利部食品藥物管理署 台灣食品成分資料庫(食品營養成分資料庫)開放資料; 下載自 https://data.fda.gov.tw/data/opendata/export/20/csv (政府資料開放平臺 data.gov.tw dataset id 8543 / TFDA opendata InfoId=20); 查詢頁 https://consumer.fda.gov.tw/Food/TFND.aspx?nodeID=178 ; 整合編號=Q9100101 (樣品基本資料)
糕餅點心類,豆干片(沙茶),,,Q9100202,464.0,16.2,28.2,36.4,衛生福利部食品藥物管理署 台灣食品成分資料庫(食品營養成分資料庫)開放資料; 下載自 https://data.fda.gov.tw/data/opendata/export/20/csv (政府資料開放平臺 data.gov.tw dataset id 8543 / TFDA opendata InfoId=20); 查詢頁 https://consumer.fda.gov.tw/Food/TFND.aspx?nodeID=178 ; 整合編號=Q9100202 (樣品基本資料)
糕餅點心類,布丁粉,,Pudding powder,Q9900101,419.0,2.7,7.1,86.1,衛生福利部食品藥物管理署 台灣食品成分資料庫(食品營養成分資料庫)開放資料; 下載自 https://data.fda.gov.tw/data/opendata/export/20/csv (政府資料開放平臺 data.gov.tw dataset id 8543 / TFDA opendata InfoId=20); 查詢頁 https://consumer.fda.gov.tw/Food/TFND.aspx?nodeID=178 ; 整合編號=Q9900101 (樣品基本資料)
糕餅點心類,冰淇淋粉(香草),,Ice cream powder: vanilla flavor,Q9900201,430.0,15.9,11.7,65.3,衛生福利部食品藥物管理署 台灣食品成分資料庫(食品營養成分資料庫)開放資料; 下載自 https://data.fda.gov.tw/data/opendata/export/20/csv (政府資料開放平臺 data.gov.tw dataset id 8543 / TFDA opendata InfoId=20); 查詢頁 https://consumer.fda.gov.tw/Food/TFND.aspx?nodeID=178 ; 整合編號=Q9900201 (樣品基本資料)
糕餅點心類,起酥片,,,Q9900301,404.0,6.7,26.9,33.8,衛生福利部食品藥物管理署 台灣食品成分資料庫(食品營養成分資料庫)開放資料; 下載自 https://data.fda.gov.tw/data/opendata/export/20/csv (政府資料開放平臺 data.gov.tw dataset id 8543 / TFDA opendata InfoId=20); 查詢頁 https://consumer.fda.gov.tw/Food/TFND.aspx?nodeID=178 ; 整合編號=Q9900301 (樣品基本資料)
糖類,方糖,,Cube sugar,N0100101,385.0,,,99.6,衛生福利部食品藥物管理署 台灣食品成分資料庫(食品營養成分資料庫)開放資料; 下載自 https://data.fda.gov.tw/data/opendata/export/20/csv (政府資料開放平臺 data.gov.tw dataset id 8543 / TFDA opendata InfoId=20); 查詢頁 https://consumer.fda.gov.tw/Food/TFND.aspx?nodeID=178 ; 整合編號=N0100101 (樣品基本資料)
糖類,冰糖,,Candy sugar; Crysted sugar; Rock sugar,N0100201,387.0,,,99.9,衛生福利部食品藥物管理署 台灣食品成分資料庫(食品營養成分資料庫)開放資料; 下載自 https://data.fda.gov.tw/data/opendata/export/20/csv (政府資料開放平臺 data.gov.tw dataset id 8543 / TFDA opendata InfoId=20); 查詢頁 https://consumer.fda.gov.tw/Food/TFND.aspx?nodeID=178 ; 整合編號=N0100201 (樣品基本資料)
糖類,紅砂糖,紅糖,Brown sugar,N0100301,384.0,0.0,0.5,99.3,衛生福利部食品藥物管理署 台灣食品成分資料庫(食品營養成分資料庫)開放資料; 下載自 https://data.fda.gov.tw/data/opendata/export/20/csv (政府資料開放平臺 data.gov.tw dataset id 8543 / TFDA opendata InfoId=20); 查詢頁 https://consumer.fda.gov.tw/Food/TFND.aspx?nodeID=178 ; 整合編號=N0100301 (樣品基本資料)
糖類,黑砂糖,黑糖,Black sugar; Brown sugar,N0100401,369.0,0.5,0.7,95.3,衛生福利部食品藥物管理署 台灣食品成分資料庫(食品營養成分資料庫)開放資料; 下載自 https://data.fda.gov.tw/data/opendata/export/20/csv (政府資料開放平臺 data.gov.tw dataset id 8543 / TFDA opendata InfoId=20); 查詢頁 https://consumer.fda.gov.tw/Food/TFND.aspx?nodeID=178 ; 整合編號=N0100401 (樣品基本資料)
糖類,麥芽糖,,Maltose,N0200101,325.0,,,84.1,衛生福利部食品藥物管理署 台灣食品成分資料庫(食品營養成分資料庫)開放資料; 下載自 https://data.fda.gov.tw/data/opendata/export/20/csv (政府資料開放平臺 data.gov.tw dataset id 8543 / TFDA opendata InfoId=20); 查詢頁 https://consumer.fda.gov.tw/Food/TFND.aspx?nodeID=178 ; 整合編號=N0200101 (樣品基本資料)
糖類,果糖,高果糖糖漿,Fructose,N0300101,297.0,,,76.9,衛生福利部食品藥物管理署 台灣食品成分資料庫(食品營養成分資料庫)開放資料; 下載自 https://data.fda.gov.tw/data/opendata/export/20/csv (政府資料開放平臺 data.gov.tw dataset id 8543 / TFDA opendata InfoId=20); 查詢頁 https://consumer.fda.gov.tw/Food/TFND.aspx?nodeID=178 ; 整合編號=N0300101 (樣品基本資料)
糖類,果寡糖,,Fructo-oligo saccharide,N0400101,300.0,,,77.5,衛生福利部食品藥物管理署 台灣食品成分資料庫(食品營養成分資料庫)開放資料; 下載自 https://data.fda.gov.tw/data/opendata/export/20/csv (政府資料開放平臺 data.gov.tw dataset id 8543 / TFDA opendata InfoId=20); 查詢頁 https://consumer.fda.gov.tw/Food/TFND.aspx?nodeID=178 ; 整合編號=N0400101 (樣品基本資料)
糖類,楓糖,,Maples,N0600101,258.0,0.1,0.1,66.6,衛生福利部食品藥物管理署 台灣食品成分資料庫(食品營養成分資料庫)開放資料; 下載自 https://data.fda.gov.tw/data/opendata/export/20/csv (政府資料開放平臺 data.gov.tw dataset id 8543 / TFDA opendata InfoId=20); 查詢頁 https://consumer.fda.gov.tw/Food/TFND.aspx?nodeID=178 ; 整合編號=N0600101 (樣品基本資料)
糖類,蜂蜜(冬蜜),,Honey: winter,N0700101,315.0,0.1,0.1,81.5,衛生福利部食品藥物管理署 台灣食品成分資料庫(食品營養成分資料庫)開放資料; 下載自 https://data.fda.gov.tw/data/opendata/export/20/csv (政府資料開放平臺 data.gov.tw dataset id 8543 / TFDA opendata InfoId=20); 查詢頁 https://consumer.fda.gov.tw/Food/TFND.aspx?nodeID=178 ; 整合編號=N0700101 (樣品基本資料)
糖類,蜂蜜(春蜜),,Honey: spring,N0700201,308.0,0.2,0.2,79.6,衛生福利部食品藥物管理署 台灣食品成分資料庫(食品營養成分資料庫)開放資料; 下載自 https://data.fda.gov.tw/data/opendata/export/20/csv (政府資料開放平臺 data.gov.tw dataset id 8543 / TFDA opendata InfoId=20); 查詢頁 https://consumer.fda.gov.tw/Food/TFND.aspx?nodeID=178 ; 整合編號=N0700201 (樣品基本資料)
糖類,黑糖蜜,,,N0800101,280.0,0.2,0.0,72.4,衛生福利部食品藥物管理署 台灣食品成分資料庫(食品營養成分資料庫)開放資料; 下載自 https://data.fda.gov.tw/data/opendata/export/20/csv (政府資料開放平臺 data.gov.tw dataset id 8543 / TFDA opendata InfoId=20); 查詢頁 https://consumer.fda.gov.tw/Food/TFND.aspx?nodeID=178 ; 整合編號=N0800101 (樣品基本資料)
糖類,冬瓜糖磚,,Wax-gourd sugar,N0900101,360.0,,,93.1,衛生福利部食品藥物管理署 台灣食品成分資料庫(食品營養成分資料庫)開放資料; 下載自 https://data.fda.gov.tw/data/opendata/export/20/csv (政府資料開放平臺 data.gov.tw dataset id 8543 / TFDA opendata InfoId=20); 查詢頁 https://consumer.fda.gov.tw/Food/TFND.aspx?nodeID=178 ; 整合編號=N0900101 (樣品基本資料)
肉類,牛小排平均值,"肥牛肉,小肋排,牛仔骨",,I01001,325.0,15.1,28.9,0.0,衛生福利部食品藥物管理署 台灣食品成分資料庫(食品營養成分資料庫)開放資料; 下載自 https://data.fda.gov.tw/data/opendata/export/20/csv (政府資料開放平臺 data.gov.tw dataset id 8543 / TFDA opendata InfoId=20); 查詢頁 https://consumer.fda.gov.tw/Food/TFND.aspx?nodeID=178 ; 整合編號=I01001 (樣品平均值)
肉類,去骨牛小排,"肥牛肉,小肋排",Boneless short rib,I0100101,290.0,17.1,24.0,0.0,衛生福利部食品藥物管理署 台灣食品成分資料庫(食品營養成分資料庫)開放資料; 下載自 https://data.fda.gov.tw/data/opendata/export/20/csv (政府資料開放平臺 data.gov.tw dataset id 8543 / TFDA opendata InfoId=20); 查詢頁 https://consumer.fda.gov.tw/Food/TFND.aspx?nodeID=178 ; 整合編號=I0100101 (樣品基本資料)
肉類,帶骨牛小排,牛仔骨,Bone-in short rib,I0100102,360.0,13.1,33.7,0.4,衛生福利部食品藥物管理署 台灣食品成分資料庫(食品營養成分資料庫)開放資料; 下載自 https://data.fda.gov.tw/data/opendata/export/20/csv (政府資料開放平臺 data.gov.tw dataset id 8543 / TFDA opendata InfoId=20); 查詢頁 https://consumer.fda.gov.tw/Food/TFND.aspx?nodeID=178 ; 整合編號=I0100102 (樣品基本資料)
肉類,無骨牛小排(美牛),,,I0100103,335.0,15.6,29.8,0.2,衛生福利部食品藥物管理署 台灣食品成分資料庫(食品營養成分資料庫)開放資料; 下載自 https://data.fda.gov.tw/data/opendata/export/20/csv (政府資料開放平臺 data.gov.tw dataset id 8543 / TFDA opendata InfoId=20); 查詢頁 https://consumer.fda.gov.tw/Food/TFND.aspx?nodeID=178 ; 整合編號=I0100103 (樣品基本資料)
肉類,牛肋條,"腩條,條肉",Rib fingers; Intercostal meat,I0100201,225.0,18.6,16.2,1.1,衛生福利部食品藥物管理署 台灣食品成分資料庫(食品營養成分資料庫)開放資料; 下載自 https://data.fda.gov.tw/data/opendata/export/20/csv (政府資料開放平臺 data.gov.tw dataset id 8543 / TFDA opendata InfoId=20); 查詢頁 https://consumer.fda.gov.tw/Food/TFND.aspx?nodeID=178 ; 整合編號=I0100201 (樣品基本資料)
肉類,牛肋條(2021年取樣),,Beef Ribs,I0100202,358.0,15.7,32.3,0.3,衛生福利部食品藥物管理署 台灣食品成分資料庫(食品營養成分資料庫)開放資料; 下載自 https://data.fda.gov.tw/data/opendata/export/20/csv (政府資料開放平臺 data.gov.tw dataset id 8543 / TFDA opendata InfoId=20); 查詢頁 https://consumer.fda.gov.tw/Food/TFND.aspx?nodeID=178 ; 整合編號=I0100202 (樣品基本資料)
肉類,沙朗牛排,"里肌,大里肌,肋眼,修清肋眼肉;修清肉眼","Ribeye roll, lip-on; Cube roll",I0100301,162.0,20.4,8.3,1.5,衛生福利部食品藥物管理署 台灣食品成分資料庫(食品營養成分資料庫)開放資料; 下載自 https://data.fda.gov.tw/data/opendata/export/20/csv (政府資料開放平臺 data.gov.tw dataset id 8543 / TFDA opendata InfoId=20); 查詢頁 https://consumer.fda.gov.tw/Food/TFND.aspx?nodeID=178 ; 整合編號=I0100301 (樣品基本資料)
肉類,板腱 ,板腱牛排;白蘭地牛排;上肩胛脊底肌,Top blade muscle,I0102101,166.0,19.8,9.0,0.2,衛生福利部食品藥物管理署 台灣食品成分資料庫(食品營養成分資料庫)開放資料; 下載自 https://data.fda.gov.tw/data/opendata/export/20/csv (政府資料開放平臺 data.gov.tw dataset id 8543 / TFDA opendata InfoId=20); 查詢頁 https://consumer.fda.gov.tw/Food/TFND.aspx?nodeID=178 ; 整合編號=I0102101 (樣品基本資料)
肉類,牛去骨肩胛小排,肥牛肉,Boneless chuck (short) rib,I0102201,233.0,16.9,17.9,1.2,衛生福利部食品藥物管理署 台灣食品成分資料庫(食品營養成分資料庫)開放資料; 下載自 https://data.fda.gov.tw/data/opendata/export/20/csv (政府資料開放平臺 data.gov.tw dataset id 8543 / TFDA opendata InfoId=20); 查詢頁 https://consumer.fda.gov.tw/Food/TFND.aspx?nodeID=178 ; 整合編號=I0102201 (樣品基本資料)
肉類,牛前胸肉,"去骨前胸肉,牛腩","Brisket; Brisket, boneless, deckle-off",I0104101,331.0,14.8,29.7,0.0,衛生福利部食品藥物管理署 台灣食品成分資料庫(食品營養成分資料庫)開放資料; 下載自 https://data.fda.gov.tw/data/opendata/export/20/csv (政府資料開放平臺 data.gov.tw dataset id 8543 / TFDA opendata InfoId=20); 查詢頁 https://consumer.fda.gov.tw/Food/TFND.aspx?nodeID=178 ; 整合編號=I0104101 (樣品基本資料)
肉類,牛修清前胸肉,"修清牛腩,修清前胸腋肌","Pectoral meat; Brisket, nose-off",I0104201,120.0,22.3,2.8,0.9,衛生福利部食品藥物管理署 台灣食品成分資料庫(食品營養成分資料庫)開放資料; 下載自 https://data.fda.gov.tw/data/opendata/export/20/csv (政府資料開放平臺 data.gov.tw dataset id 8543 / TFDA opendata InfoId=20); 查詢頁 https://consumer.fda.gov.tw/Food/TFND.aspx?nodeID=178 ; 整合編號=I0104201 (樣品基本資料)
肉類,去骨紐約克牛排,"外條,西冷,去骨前腰脊肉",New York steak(cut); Steak ready strip loin; Boneless strip loin,I0106101,200.0,21.3,12.0,0.0,衛生福利部食品藥物管理署 台灣食品成分資料庫(食品營養成分資料庫)開放資料; 下載自 https://data.fda.gov.tw/data/opendata/export/20/csv (政府資料開放平臺 data.gov.tw dataset id 8543 / TFDA opendata InfoId=20); 查詢頁 https://consumer.fda.gov.tw/Food/TFND.aspx?nodeID=178 ; 整合編號=I0106101 (樣品基本資料)
肉類,腓力牛排,"菲力牛排,牛柳,小里肌,腰內肉,去脂腰里肌肉,全修清去膜腰裡脊肉","Filet mignon; Tenderloin; Tenderloin, side muscle off, skinned",I0106201,184.0,20.6,10.7,0.1,衛生福利部食品藥物管理署 台灣食品成分資料庫(食品營養成分資料庫)開放資料; 下載自 https://data.fda.gov.tw/data/opendata/export/20/csv (政府資料開放平臺 data.gov.tw dataset id 8543 / TFDA opendata InfoId=20); 查詢頁 https://consumer.fda.gov.tw/Food/TFND.aspx?nodeID=178 ; 整合編號=I0106201 (樣品基本資料)
肉類,牛後腿肉,,Beef round; Beef ham,I0108101,122.0,19.4,4.3,3.7,衛生福利部食品藥物管理署 台灣食品成分資料庫(食品營養成分資料庫)開放資料; 下載自 https://data.fda.gov.tw/data/opendata/export/20/csv (政府資料開放平臺 data.gov.tw dataset id 8543 / TFDA opendata InfoId=20); 查詢頁 https://consumer.fda.gov.tw/Food/TFND.aspx?nodeID=178 ; 整合編號=I0108101 (樣品基本資料)
肉類,牛後腿股肉,"和尚頭,牛霖",Knuckle,I0108201,153.0,20.6,7.2,0.8,衛生福利部食品藥物管理署 台灣食品成分資料庫(食品營養成分資料庫)開放資料; 下載自 https://data.fda.gov.tw/data/opendata/export/20/csv (政府資料開放平臺 data.gov.tw dataset id 8543 / TFDA opendata InfoId=20); 查詢頁 https://consumer.fda.gov.tw/Food/TFND.aspx?nodeID=178 ; 整合編號=I0108201 (樣品基本資料)
肉類,牛後腿腱子心,"牛腱,腱子",Hind shank; Heel muscle; Beef shank,I0108301,139.0,19.8,6.0,0.0,衛生福利部食品藥物管理署 台灣食品成分資料庫(食品營養成分資料庫)開放資料; 下載自 https://data.fda.gov.tw/data/opendata/export/20/csv (政府資料開放平臺 data.gov.tw dataset id 8543 / TFDA opendata InfoId=20); 查詢頁 https://consumer.fda.gov.tw/Food/TFND.aspx?nodeID=178 ; 整合編號=I0108301 (樣品基本資料)
肉類,牛後腿腱子心(2022年取樣),"牛腱,腱子",Hind shank; Heel muscle; Beef shank,I0108302,151.0,23.7,5.5,4.0,衛生福利部食品藥物管理署 台灣食品成分資料庫(食品營養成分資料庫)開放資料; 下載自 https://data.fda.gov.tw/data/opendata/export/20/csv (政府資料開放平臺 data.gov.tw dataset id 8543 / TFDA opendata InfoId=20); 查詢頁 https://consumer.fda.gov.tw/Food/TFND.aspx?nodeID=178 ; 整合編號=I0108302 (樣品基本資料)
肉類,牛肉火鍋片平均值,,,I01101,250.0,19.1,18.7,0.0,衛生福利部食品藥物管理署 台灣食品成分資料庫(食品營養成分資料庫)開放資料; 下載自 https://data.fda.gov.tw/data/opendata/export/20/csv (政府資料開放平臺 data.gov.tw dataset id 8543 / TFDA opendata InfoId=20); 查詢頁 https://consumer.fda.gov.tw/Food/TFND.aspx?nodeID=178 ; 整合編號=I01101 (樣品平均值)
肉類,牛五花肉火鍋片,,,I0110101,430.0,15.7,40.3,0.0,衛生福利部食品藥物管理署 台灣食品成分資料庫(食品營養成分資料庫)開放資料; 下載自 https://data.fda.gov.tw/data/opendata/export/20/csv (政府資料開放平臺 data.gov.tw dataset id 8543 / TFDA opendata InfoId=20); 查詢頁 https://consumer.fda.gov.tw/Food/TFND.aspx?nodeID=178 ; 整合編號=I0110101 (樣品基本資料)
肉類,牛紐約客火鍋片,,,I0110102,263.0,20.1,19.6,0.0,衛生福利部食品藥物管理署 台灣食品成分資料庫(食品營養成分資料庫)開放資料; 下載自 https://data.fda.gov.tw/data/opendata/export/20/csv (政府資料開放平臺 data.gov.tw dataset id 8543 / TFDA opendata InfoId=20); 查詢頁 https://consumer.fda.gov.tw/Food/TFND.aspx?nodeID=178 ; 整合編號=I0110102 (樣品基本資料)
肉類,牛梅花肉火鍋片,,,I0110103,120.0,20.3,3.7,0.9,衛生福利部食品藥物管理署 台灣食品成分資料庫(食品營養成分資料庫)開放資料; 下載自 https://data.fda.gov.tw/data/opendata/export/20/csv (政府資料開放平臺 data.gov.tw dataset id 8543 / TFDA opendata InfoId=20); 查詢頁 https://consumer.fda.gov.tw/Food/TFND.aspx?nodeID=178 ; 整合編號=I0110103 (樣品基本資料)
肉類,牛嫩肩里肌火鍋片,,,I0110104,188.0,20.0,11.4,1.8,衛生福利部食品藥物管理署 台灣食品成分資料庫(食品營養成分資料庫)開放資料; 下載自 https://data.fda.gov.tw/data/opendata/export/20/csv (政府資料開放平臺 data.gov.tw dataset id 8543 / TFDA opendata InfoId=20); 查詢頁 https://consumer.fda.gov.tw/Food/TFND.aspx?nodeID=178 ; 整合編號=I0110104 (樣品基本資料)
肉類,牛肚平均值,"百葉胃,毛肚,牛百葉,牛百頁,牛草肚(牛之第一胃);蜂巢肚,金錢肚(牛之第二胃)",,I01201,56.0,11.4,0.8,0.1,衛生福利部食品藥物管理署 台灣食品成分資料庫(食品營養成分資料庫)開放資料; 下載自 https://data.fda.gov.tw/data/opendata/export/20/csv (政府資料開放平臺 data.gov.tw dataset id 8543 / TFDA opendata InfoId=20); 查詢頁 https://consumer.fda.gov.tw/Food/TFND.aspx?nodeID=178 ; 整合編號=I01201 (樣品平均值)
肉類,牛肚(瘤胃),"百葉胃,毛肚,牛百葉,牛百頁,牛草肚(牛之第一胃,山鏈狀)",Beef paunch; Rumen; Mountain chain tripe,I0120101,44.0,7.5,1.4,0.0,衛生福利部食品藥物管理署 台灣食品成分資料庫(食品營養成分資料庫)開放資料; 下載自 https://data.fda.gov.tw/data/opendata/export/20/csv (政府資料開放平臺 data.gov.tw dataset id 8543 / TFDA opendata InfoId=20); 查詢頁 https://consumer.fda.gov.tw/Food/TFND.aspx?nodeID=178 ; 整合編號=I0120101 (樣品基本資料)
肉類,牛肚切片(瘤胃),"百葉胃,毛肚,牛百葉,牛百頁,牛草肚(牛之第一胃)",Beef paunch: sliced; Rumen: sliced; Mountain chain tripe: sliced,I0120102,67.0,15.3,0.2,0.3,衛生福利部食品藥物管理署 台灣食品成分資料庫(食品營養成分資料庫)開放資料; 下載自 https://data.fda.gov.tw/data/opendata/export/20/csv (政府資料開放平臺 data.gov.tw dataset id 8543 / TFDA opendata InfoId=20); 查詢頁 https://consumer.fda.gov.tw/Food/TFND.aspx?nodeID=178 ; 整合編號=I0120102 (樣品基本資料)
肉類,牛肚(蜂巢胃),"蜂巢肚,金錢肚(牛之第二胃)",Honeycomb tripe; Reticulum tripe ,I0120201,107.0,19.0,2.8,0.0,衛生福利部食品藥物管理署 台灣食品成分資料庫(食品營養成分資料庫)開放資料; 下載自 https://data.fda.gov.tw/data/opendata/export/20/csv (政府資料開放平臺 data.gov.tw dataset id 8543 / TFDA opendata InfoId=20); 查詢頁 https://consumer.fda.gov.tw/Food/TFND.aspx?nodeID=178 ; 整合編號=I0120201 (樣品基本資料)
肉類,牛筋,蹄筋,Beef Tendons,I0120301,157.0,21.7,7.2,3.3,衛生福利部食品藥物管理署 台灣食品成分資料庫(食品營養成分資料庫)開放資料; 下載自 https://data.fda.gov.tw/data/opendata/export/20/csv (政府資料開放平臺 data.gov.tw dataset id 8543 / TFDA opendata InfoId=20); 查詢頁 https://consumer.fda.gov.tw/Food/TFND.aspx?nodeID=178 ; 整合編號=I0120301 (樣品基本資料)
肉類,山羊帶皮羊肉塊,,Goat meat,I0200101,164.0,20.3,8.6,3.4,衛生福利部食品藥物管理署 台灣食品成分資料庫(食品營養成分資料庫)開放資料; 下載自 https://data.fda.gov.tw/data/opendata/export/20/csv (政府資料開放平臺 data.gov.tw dataset id 8543 / TFDA opendata InfoId=20); 查詢頁 https://consumer.fda.gov.tw/Food/TFND.aspx?nodeID=178 ; 整合編號=I0200101 (樣品基本資料)
肉類,山羊前腿肉片,,Goat: foreleg,I0200201,123.0,21.3,3.5,0.0,衛生福利部食品藥物管理署 台灣食品成分資料庫(食品營養成分資料庫)開放資料; 下載自 https://data.fda.gov.tw/data/opendata/export/20/csv (政府資料開放平臺 data.gov.tw dataset id 8543 / TFDA opendata InfoId=20); 查詢頁 https://consumer.fda.gov.tw/Food/TFND.aspx?nodeID=178 ; 整合編號=I0200201 (樣品基本資料)
肉類,山羊後腿肉火鍋片,,Goat: shore leg,I0200301,170.0,18.9,9.9,0.1,衛生福利部食品藥物管理署 台灣食品成分資料庫(食品營養成分資料庫)開放資料; 下載自 https://data.fda.gov.tw/data/opendata/export/20/csv (政府資料開放平臺 data.gov.tw dataset id 8543 / TFDA opendata InfoId=20); 查詢頁 https://consumer.fda.gov.tw/Food/TFND.aspx?nodeID=178 ; 整合編號=I0200301 (樣品基本資料)
肉類,綿羊肉切片,,Mutton,I0210101,198.0,18.8,13.0,0.0,衛生福利部食品藥物管理署 台灣食品成分資料庫(食品營養成分資料庫)開放資料; 下載自 https://data.fda.gov.tw/data/opendata/export/20/csv (政府資料開放平臺 data.gov.tw dataset id 8543 / TFDA opendata InfoId=20); 查詢頁 https://consumer.fda.gov.tw/Food/TFND.aspx?nodeID=178 ; 整合編號=I0210101 (樣品基本資料)
肉類,法式羊排,"羊肋排,羊小排",Shoulder Frenched Rack,I0210201,260.0,18.8,20.0,0.0,衛生福利部食品藥物管理署 台灣食品成分資料庫(食品營養成分資料庫)開放資料; 下載自 https://data.fda.gov.tw/data/opendata/export/20/csv (政府資料開放平臺 data.gov.tw dataset id 8543 / TFDA opendata InfoId=20); 查詢頁 https://consumer.fda.gov.tw/Food/TFND.aspx?nodeID=178 ; 整合編號=I0210201 (樣品基本資料)
肉類,去骨肩頸眼羊肉,,,I0210301,198.0,17.8,13.5,0.0,衛生福利部食品藥物管理署 台灣食品成分資料庫(食品營養成分資料庫)開放資料; 下載自 https://data.fda.gov.tw/data/opendata/export/20/csv (政府資料開放平臺 data.gov.tw dataset id 8543 / TFDA opendata InfoId=20); 查詢頁 https://consumer.fda.gov.tw/Food/TFND.aspx?nodeID=178 ; 整合編號=I0210301 (樣品基本資料)
肉類,小羊腰脊肉,去骨腰脊肉,Boneless loin,I0210401,143.0,26.5,3.3,0.0,衛生福利部食品藥物管理署 台灣食品成分資料庫(食品營養成分資料庫)開放資料; 下載自 https://data.fda.gov.tw/data/opendata/export/20/csv (政府資料開放平臺 data.gov.tw dataset id 8543 / TFDA opendata InfoId=20); 查詢頁 https://consumer.fda.gov.tw/Food/TFND.aspx?nodeID=178 ; 整合編號=I0210401 (樣品基本資料)
肉類,綿羊腹脅肉火鍋片,五花肉火鍋片,Boneless flap: sliced,I0210501,252.0,16.9,20.0,2.5,衛生福利部食品藥物管理署 台灣食品成分資料庫(食品營養成分資料庫)開放資料; 下載自 https://data.fda.gov.tw/data/opendata/export/20/csv (政府資料開放平臺 data.gov.tw dataset id 8543 / TFDA opendata InfoId=20); 查詢頁 https://consumer.fda.gov.tw/Food/TFND.aspx?nodeID=178 ; 整合編號=I0210501 (樣品基本資料)
肉類,豬下肩肉,前腿肉,Pork: forefeet,I0300101,200.0,18.1,13.6,0.0,衛生福利部食品藥物管理署 台灣食品成分資料庫(食品營養成分資料庫)開放資料; 下載自 https://data.fda.gov.tw/data/opendata/export/20/csv (政府資料開放平臺 data.gov.tw dataset id 8543 / TFDA opendata InfoId=20); 查詢頁 https://consumer.fda.gov.tw/Food/TFND.aspx?nodeID=178 ; 整合編號=I0300101 (樣品基本資料)
肉類,豬下肩瘦肉,前腿瘦肉,"Pork: forefeet, lean meat; Picnic shoulder",I0300201,131.0,20.1,5.0,0.0,衛生福利部食品藥物管理署 台灣食品成分資料庫(食品營養成分資料庫)開放資料; 下載自 https://data.fda.gov.tw/data/opendata/export/20/csv (政府資料開放平臺 data.gov.tw dataset id 8543 / TFDA opendata InfoId=20); 查詢頁 https://consumer.fda.gov.tw/Food/TFND.aspx?nodeID=178 ; 整合編號=I0300201 (樣品基本資料)
肉類,豬上肩肉,梅花肉,Pork: part fat,I0300301,207.0,18.9,14.0,0.0,衛生福利部食品藥物管理署 台灣食品成分資料庫(食品營養成分資料庫)開放資料; 下載自 https://data.fda.gov.tw/data/opendata/export/20/csv (政府資料開放平臺 data.gov.tw dataset id 8543 / TFDA opendata InfoId=20); 查詢頁 https://consumer.fda.gov.tw/Food/TFND.aspx?nodeID=178 ; 整合編號=I0300301 (樣品基本資料)
肉類,豬肩胛肉,胛心肉,Boston butt; Boston butt and picnic shoulder; Pork shoulder; Pork: forefeet,I0300401,295.0,16.5,24.8,0.0,衛生福利部食品藥物管理署 台灣食品成分資料庫(食品營養成分資料庫)開放資料; 下載自 https://data.fda.gov.tw/data/opendata/export/20/csv (政府資料開放平臺 data.gov.tw dataset id 8543 / TFDA opendata InfoId=20); 查詢頁 https://consumer.fda.gov.tw/Food/TFND.aspx?nodeID=178 ; 整合編號=I0300401 (樣品基本資料)
肉類,豬肩胛排,中排,Shoulder ribs,I0300501,191.0,17.9,12.7,0.0,衛生福利部食品藥物管理署 台灣食品成分資料庫(食品營養成分資料庫)開放資料; 下載自 https://data.fda.gov.tw/data/opendata/export/20/csv (政府資料開放平臺 data.gov.tw dataset id 8543 / TFDA opendata InfoId=20); 查詢頁 https://consumer.fda.gov.tw/Food/TFND.aspx?nodeID=178 ; 整合編號=I0300501 (樣品基本資料)
肉類,豬肩胛排(2021年取樣),,Pork shoulder steak,I0300502,244.0,17.8,18.7,0.0,衛生福利部食品藥物管理署 台灣食品成分資料庫(食品營養成分資料庫)開放資料; 下載自 https://data.fda.gov.tw/data/opendata/export/20/csv (政府資料開放平臺 data.gov.tw dataset id 8543 / TFDA opendata InfoId=20); 查詢頁 https://consumer.fda.gov.tw/Food/TFND.aspx?nodeID=178 ; 整合編號=I0300502 (樣品基本資料)
肉類,豬前腿外腱肉,"豬腱,腱子肉",Foreshank,I0300601,146.0,20.7,6.5,0.0,衛生福利部食品藥物管理署 台灣食品成分資料庫(食品營養成分資料庫)開放資料; 下載自 https://data.fda.gov.tw/data/opendata/export/20/csv (政府資料開放平臺 data.gov.tw dataset id 8543 / TFDA opendata InfoId=20); 查詢頁 https://consumer.fda.gov.tw/Food/TFND.aspx?nodeID=178 ; 整合編號=I0300601 (樣品基本資料)
肉類,豬後腿外腱肉,"豬腱,外腱",Shank: hind,I0302101,184.0,19.0,11.4,0.8,衛生福利部食品藥物管理署 台灣食品成分資料庫(食品營養成分資料庫)開放資料; 下載自 https://data.fda.gov.tw/data/opendata/export/20/csv (政府資料開放平臺 data.gov.tw dataset id 8543 / TFDA opendata InfoId=20); 查詢頁 https://consumer.fda.gov.tw/Food/TFND.aspx?nodeID=178 ; 整合編號=I0302101 (樣品基本資料)
肉類,豬後腿肉,,Pork: hind leg; ham; Fresh ham,I0302201,123.0,20.4,4.0,0.4,衛生福利部食品藥物管理署 台灣食品成分資料庫(食品營養成分資料庫)開放資料; 下載自 https://data.fda.gov.tw/data/opendata/export/20/csv (政府資料開放平臺 data.gov.tw dataset id 8543 / TFDA opendata InfoId=20); 查詢頁 https://consumer.fda.gov.tw/Food/TFND.aspx?nodeID=178 ; 整合編號=I0302201 (樣品基本資料)
肉類,豬後腿瘦肉,,"Pork: hind leg, lean meat",I0302301,120.0,21.1,3.4,0.3,衛生福利部食品藥物管理署 台灣食品成分資料庫(食品營養成分資料庫)開放資料; 下載自 https://data.fda.gov.tw/data/opendata/export/20/csv (政府資料開放平臺 data.gov.tw dataset id 8543 / TFDA opendata InfoId=20); 查詢頁 https://consumer.fda.gov.tw/Food/TFND.aspx?nodeID=178 ; 整合編號=I0302301 (樣品基本資料)
肉類,豬大里肌,"背脊肉,里肌肉",Lean pork: fillet; Boneless loin; loin,I0304101,212.0,19.2,14.4,0.0,衛生福利部食品藥物管理署 台灣食品成分資料庫(食品營養成分資料庫)開放資料; 下載自 https://data.fda.gov.tw/data/opendata/export/20/csv (政府資料開放平臺 data.gov.tw dataset id 8543 / TFDA opendata InfoId=20); 查詢頁 https://consumer.fda.gov.tw/Food/TFND.aspx?nodeID=178 ; 整合編號=I0304101 (樣品基本資料)
肉類,豬大排,"背脊,帶骨里肌",Center cut loin; Large sparerib; Loin: bone-in,I0304201,214.0,19.1,14.7,0.0,衛生福利部食品藥物管理署 台灣食品成分資料庫(食品營養成分資料庫)開放資料; 下載自 https://data.fda.gov.tw/data/opendata/export/20/csv (政府資料開放平臺 data.gov.tw dataset id 8543 / TFDA opendata InfoId=20); 查詢頁 https://consumer.fda.gov.tw/Food/TFND.aspx?nodeID=178 ; 整合編號=I0304201 (樣品基本資料)
肉類,豬小排,"里肌小排,肋小排,肋骨排",Back ribs; Small sparerib,I0304301,287.0,18.0,23.3,0.0,衛生福利部食品藥物管理署 台灣食品成分資料庫(食品營養成分資料庫)開放資料; 下載自 https://data.fda.gov.tw/data/opendata/export/20/csv (政府資料開放平臺 data.gov.tw dataset id 8543 / TFDA opendata InfoId=20); 查詢頁 https://consumer.fda.gov.tw/Food/TFND.aspx?nodeID=178 ; 整合編號=I0304301 (樣品基本資料)
肉類,僧帽肌,離緣肉,Trapicius muscle,I0304401,209.0,20.4,13.5,0.0,衛生福利部食品藥物管理署 台灣食品成分資料庫(食品營養成分資料庫)開放資料; 下載自 https://data.fda.gov.tw/data/opendata/export/20/csv (政府資料開放平臺 data.gov.tw dataset id 8543 / TFDA opendata InfoId=20); 查詢頁 https://consumer.fda.gov.tw/Food/TFND.aspx?nodeID=178 ; 整合編號=I0304401 (樣品基本資料)
肉類,豬小里肌,腰內肉,Tenderloin,I0306101,139.0,21.1,5.4,0.0,衛生福利部食品藥物管理署 台灣食品成分資料庫(食品營養成分資料庫)開放資料; 下載自 https://data.fda.gov.tw/data/opendata/export/20/csv (政府資料開放平臺 data.gov.tw dataset id 8543 / TFDA opendata InfoId=20); 查詢頁 https://consumer.fda.gov.tw/Food/TFND.aspx?nodeID=178 ; 整合編號=I0306101 (樣品基本資料)
肉類,豬去皮腹脇肉,"去皮五花肉,去皮三層肉",Pork belly meat: lean and fat; Shoulder (boston): skin-off,I0308101,360.0,14.9,32.9,0.5,衛生福利部食品藥物管理署 台灣食品成分資料庫(食品營養成分資料庫)開放資料; 下載自 https://data.fda.gov.tw/data/opendata/export/20/csv (政府資料開放平臺 data.gov.tw dataset id 8543 / TFDA opendata InfoId=20); 查詢頁 https://consumer.fda.gov.tw/Food/TFND.aspx?nodeID=178 ; 整合編號=I0308101 (樣品基本資料)
肉類,豬帶皮腹脇肉,"帶皮五花肉,帶皮三層肉",Pork belly meat: lean and fat; Shoulder (boston),I0308201,368.0,14.5,33.9,0.0,衛生福利部食品藥物管理署 台灣食品成分資料庫(食品營養成分資料庫)開放資料; 下載自 https://data.fda.gov.tw/data/opendata/export/20/csv (政府資料開放平臺 data.gov.tw dataset id 8543 / TFDA opendata InfoId=20); 查詢頁 https://consumer.fda.gov.tw/Food/TFND.aspx?nodeID=178 ; 整合編號=I0308201 (樣品基本資料)
肉類,豬腹脇排,"腩排,肉排,小排",Spareribs,I0308301,267.0,18.7,20.7,0.0,衛生福利部食品藥物管理署 台灣食品成分資料庫(食品營養成分資料庫)開放資料; 下載自 https://data.fda.gov.tw/data/opendata/export/20/csv (政府資料開放平臺 data.gov.tw dataset id 8543 / TFDA opendata InfoId=20); 查詢頁 https://consumer.fda.gov.tw/Food/TFND.aspx?nodeID=178 ; 整合編號=I0308301 (樣品基本資料)
肉類,豬肝連,"肝連,隔胸肉,條仔肉(橫隔肌)",Pork diaphragm,I0310101,220.0,14.6,17.5,0.0,衛生福利部食品藥物管理署 台灣食品成分資料庫(食品營養成分資料庫)開放資料; 下載自 https://data.fda.gov.tw/data/opendata/export/20/csv (政府資料開放平臺 data.gov.tw dataset id 8543 / TFDA opendata InfoId=20); 查詢頁 https://consumer.fda.gov.tw/Food/TFND.aspx?nodeID=178 ; 整合編號=I0310101 (樣品基本資料)
肉類,豬頰肉,"豬舌肉,菊花肉",Pork: cheek meat,I0310201,182.0,17.5,11.9,1.4,衛生福利部食品藥物管理署 台灣食品成分資料庫(食品營養成分資料庫)開放資料; 下載自 https://data.fda.gov.tw/data/opendata/export/20/csv (政府資料開放平臺 data.gov.tw dataset id 8543 / TFDA opendata InfoId=20); 查詢頁 https://consumer.fda.gov.tw/Food/TFND.aspx?nodeID=178 ; 整合編號=I0310201 (樣品基本資料)
肉類,豬頰肉(2022年取樣),"豬舌肉,菊花肉",Pork: cheek meat,I0310202,157.0,18.9,8.4,2.1,衛生福利部食品藥物管理署 台灣食品成分資料庫(食品營養成分資料庫)開放資料; 下載自 https://data.fda.gov.tw/data/opendata/export/20/csv (政府資料開放平臺 data.gov.tw dataset id 8543 / TFDA opendata InfoId=20); 查詢頁 https://consumer.fda.gov.tw/Food/TFND.aspx?nodeID=178 ; 整合編號=I0310202 (樣品基本資料)
肉類,豬頸肉,松阪豬肉,Pork jowl meat,I0310301,284.0,17.2,23.3,0.8,衛生福利部食品藥物管理署 台灣食品成分資料庫(食品營養成分資料庫)開放資料; 下載自 https://data.fda.gov.tw/data/opendata/export/20/csv (政府資料開放平臺 data.gov.tw dataset id 8543 / TFDA opendata InfoId=20); 查詢頁 https://consumer.fda.gov.tw/Food/TFND.aspx?nodeID=178 ; 整合編號=I0310301 (樣品基本資料)
肉類,豬絞肉平均值,,,I03104,212.0,18.7,14.6,0.0,衛生福利部食品藥物管理署 台灣食品成分資料庫(食品營養成分資料庫)開放資料; 下載自 https://data.fda.gov.tw/data/opendata/export/20/csv (政府資料開放平臺 data.gov.tw dataset id 8543 / TFDA opendata InfoId=20); 查詢頁 https://consumer.fda.gov.tw/Food/TFND.aspx?nodeID=178 ; 整合編號=I03104 (樣品平均值)
肉類,豬絞肉(70％瘦肉率),,Ground pork (70% lean),I0310401,218.0,19.0,15.2,0.0,衛生福利部食品藥物管理署 台灣食品成分資料庫(食品營養成分資料庫)開放資料; 下載自 https://data.fda.gov.tw/data/opendata/export/20/csv (政府資料開放平臺 data.gov.tw dataset id 8543 / TFDA opendata InfoId=20); 查詢頁 https://consumer.fda.gov.tw/Food/TFND.aspx?nodeID=178 ; 整合編號=I0310401 (樣品基本資料)
肉類,豬絞肉(90％瘦肉率),,Ground pork (90% lean),I0310402,205.0,18.5,14.0,0.0,衛生福利部食品藥物管理署 台灣食品成分資料庫(食品營養成分資料庫)開放資料; 下載自 https://data.fda.gov.tw/data/opendata/export/20/csv (政府資料開放平臺 data.gov.tw dataset id 8543 / TFDA opendata InfoId=20); 查詢頁 https://consumer.fda.gov.tw/Food/TFND.aspx?nodeID=178 ; 整合編號=I0310402 (樣品基本資料)
肉類,豬心,,Pork: heart,I0320101,128.0,13.6,7.8,1.0,衛生福利部食品藥物管理署 台灣食品成分資料庫(食品營養成分資料庫)開放資料; 下載自 https://data.fda.gov.tw/data/opendata/export/20/csv (政府資料開放平臺 data.gov.tw dataset id 8543 / TFDA opendata InfoId=20); 查詢頁 https://consumer.fda.gov.tw/Food/TFND.aspx?nodeID=178 ; 整合編號=I0320101 (樣品基本資料)
肉類,豬白管,"豬管庭(廷),皇管(豬之胸大動脈)",Pork: aorta,I0320201,93.0,14.1,3.6,0.0,衛生福利部食品藥物管理署 台灣食品成分資料庫(食品營養成分資料庫)開放資料; 下載自 https://data.fda.gov.tw/data/opendata/export/20/csv (政府資料開放平臺 data.gov.tw dataset id 8543 / TFDA opendata InfoId=20); 查詢頁 https://consumer.fda.gov.tw/Food/TFND.aspx?nodeID=178 ; 整合編號=I0320201 (樣品基本資料)
肉類,豬皮,,,I0320301,491.0,22.1,44.0,0.0,衛生福利部食品藥物管理署 台灣食品成分資料庫(食品營養成分資料庫)開放資料; 下載自 https://data.fda.gov.tw/data/opendata/export/20/csv (政府資料開放平臺 data.gov.tw dataset id 8543 / TFDA opendata InfoId=20); 查詢頁 https://consumer.fda.gov.tw/Food/TFND.aspx?nodeID=178 ; 整合編號=I0320301 (樣品基本資料)
肉類,豬耳,,Pork: ear,I0320401,219.0,24.2,12.8,0.9,衛生福利部食品藥物管理署 台灣食品成分資料庫(食品營養成分資料庫)開放資料; 下載自 https://data.fda.gov.tw/data/opendata/export/20/csv (政府資料開放平臺 data.gov.tw dataset id 8543 / TFDA opendata InfoId=20); 查詢頁 https://consumer.fda.gov.tw/Food/TFND.aspx?nodeID=178 ; 整合編號=I0320401 (樣品基本資料)
肉類,豬舌,,Pork: tongue,I0320501,185.0,18.5,11.8,0.0,衛生福利部食品藥物管理署 台灣食品成分資料庫(食品營養成分資料庫)開放資料; 下載自 https://data.fda.gov.tw/data/opendata/export/20/csv (政府資料開放平臺 data.gov.tw dataset id 8543 / TFDA opendata InfoId=20); 查詢頁 https://consumer.fda.gov.tw/Food/TFND.aspx?nodeID=178 ; 整合編號=I0320501 (樣品基本資料)
肉類,豬血,,Pork: blood,I0320601,29.0,6.3,0.3,0.5,衛生福利部食品藥物管理署 台灣食品成分資料庫(食品營養成分資料庫)開放資料; 下載自 https://data.fda.gov.tw/data/opendata/export/20/csv (政府資料開放平臺 data.gov.tw dataset id 8543 / TFDA opendata InfoId=20); 查詢頁 https://consumer.fda.gov.tw/Food/TFND.aspx?nodeID=178 ; 整合編號=I0320601 (樣品基本資料)
肉類,豬尾,,Pork: tail,I0320701,295.0,16.2,25.0,7.1,衛生福利部食品藥物管理署 台灣食品成分資料庫(食品營養成分資料庫)開放資料; 下載自 https://data.fda.gov.tw/data/opendata/export/20/csv (政府資料開放平臺 data.gov.tw dataset id 8543 / TFDA opendata InfoId=20); 查詢頁 https://consumer.fda.gov.tw/Food/TFND.aspx?nodeID=178 ; 整合編號=I0320701 (樣品基本資料)
肉類,豬肝,,Pork: liver,I0320801,137.0,20.8,5.3,1.7,衛生福利部食品藥物管理署 台灣食品成分資料庫(食品營養成分資料庫)開放資料; 下載自 https://data.fda.gov.tw/data/opendata/export/20/csv (政府資料開放平臺 data.gov.tw dataset id 8543 / TFDA opendata InfoId=20); 查詢頁 https://consumer.fda.gov.tw/Food/TFND.aspx?nodeID=178 ; 整合編號=I0320801 (樣品基本資料)
肉類,豬肚,豬胃,Pork: stomach,I0321101,152.0,12.4,11.0,0.0,衛生福利部食品藥物管理署 台灣食品成分資料庫(食品營養成分資料庫)開放資料; 下載自 https://data.fda.gov.tw/data/opendata/export/20/csv (政府資料開放平臺 data.gov.tw dataset id 8543 / TFDA opendata InfoId=20); 查詢頁 https://consumer.fda.gov.tw/Food/TFND.aspx?nodeID=178 ; 整合編號=I0321101 (樣品基本資料)
肉類,熟豬肚,豬胃,"Pork: stomach, cooked",I0321201,137.0,16.0,7.6,2.7,衛生福利部食品藥物管理署 台灣食品成分資料庫(食品營養成分資料庫)開放資料; 下載自 https://data.fda.gov.tw/data/opendata/export/20/csv (政府資料開放平臺 data.gov.tw dataset id 8543 / TFDA opendata InfoId=20); 查詢頁 https://consumer.fda.gov.tw/Food/TFND.aspx?nodeID=178 ; 整合編號=I0321201 (樣品基本資料)
肉類,豬油渣,,,I0321301,837.0,17.4,84.5,0.0,衛生福利部食品藥物管理署 台灣食品成分資料庫(食品營養成分資料庫)開放資料; 下載自 https://data.fda.gov.tw/data/opendata/export/20/csv (政府資料開放平臺 data.gov.tw dataset id 8543 / TFDA opendata InfoId=20); 查詢頁 https://consumer.fda.gov.tw/Food/TFND.aspx?nodeID=178 ; 整合編號=I0321301 (樣品基本資料)
肉類,豬骨湯平均值,高湯,,I03214,8.0,0.9,0.4,0.0,衛生福利部食品藥物管理署 台灣食品成分資料庫(食品營養成分資料庫)開放資料; 下載自 https://data.fda.gov.tw/data/opendata/export/20/csv (政府資料開放平臺 data.gov.tw dataset id 8543 / TFDA opendata InfoId=20); 查詢頁 https://consumer.fda.gov.tw/Food/TFND.aspx?nodeID=178 ; 整合編號=I03214 (樣品平均值)
肉類,豬大骨湯,高湯,Pork stock,I0321401,7.0,1.0,0.3,0.4,衛生福利部食品藥物管理署 台灣食品成分資料庫(食品營養成分資料庫)開放資料; 下載自 https://data.fda.gov.tw/data/opendata/export/20/csv (政府資料開放平臺 data.gov.tw dataset id 8543 / TFDA opendata InfoId=20); 查詢頁 https://consumer.fda.gov.tw/Food/TFND.aspx?nodeID=178 ; 整合編號=I0321401 (樣品基本資料)
肉類,豬肋骨湯,"高湯,小骨湯,籤仔骨湯,冰仔骨湯,支骨湯",Pork stock,I0321402,9.0,0.7,0.6,0.0,衛生福利部食品藥物管理署 台灣食品成分資料庫(食品營養成分資料庫)開放資料; 下載自 https://data.fda.gov.tw/data/opendata/export/20/csv (政府資料開放平臺 data.gov.tw dataset id 8543 / TFDA opendata InfoId=20); 查詢頁 https://consumer.fda.gov.tw/Food/TFND.aspx?nodeID=178 ; 整合編號=I0321402 (樣品基本資料)
肉類,豬肩骨湯,高湯,Pork stock,I0321403,8.0,1.1,0.4,0.2,衛生福利部食品藥物管理署 台灣食品成分資料庫(食品營養成分資料庫)開放資料; 下載自 https://data.fda.gov.tw/data/opendata/export/20/csv (政府資料開放平臺 data.gov.tw dataset id 8543 / TFDA opendata InfoId=20); 查詢頁 https://consumer.fda.gov.tw/Food/TFND.aspx?nodeID=178 ; 整合編號=I0321403 (樣品基本資料)
肉類,豬軟骨,,,I0321501,332.0,15.6,29.4,0.0,衛生福利部食品藥物管理署 台灣食品成分資料庫(食品營養成分資料庫)開放資料; 下載自 https://data.fda.gov.tw/data/opendata/export/20/csv (政府資料開放平臺 data.gov.tw dataset id 8543 / TFDA opendata InfoId=20); 查詢頁 https://consumer.fda.gov.tw/Food/TFND.aspx?nodeID=178 ; 整合編號=I0321501 (樣品基本資料)
肉類,豬腎,腰子,Pork: kidney,I0321601,82.0,15.0,1.9,1.7,衛生福利部食品藥物管理署 台灣食品成分資料庫(食品營養成分資料庫)開放資料; 下載自 https://data.fda.gov.tw/data/opendata/export/20/csv (政府資料開放平臺 data.gov.tw dataset id 8543 / TFDA opendata InfoId=20); 查詢頁 https://consumer.fda.gov.tw/Food/TFND.aspx?nodeID=178 ; 整合編號=I0321601 (樣品基本資料)
肉類,豬脾臟,腰尺,Pork: spleen,I0321701,79.0,15.0,1.6,2.0,衛生福利部食品藥物管理署 台灣食品成分資料庫(食品營養成分資料庫)開放資料; 下載自 https://data.fda.gov.tw/data/opendata/export/20/csv (政府資料開放平臺 data.gov.tw dataset id 8543 / TFDA opendata InfoId=20); 查詢頁 https://consumer.fda.gov.tw/Food/TFND.aspx?nodeID=178 ; 整合編號=I0321701 (樣品基本資料)
肉類,豬大腸,,Pork: large intestine,I0321801,198.0,6.6,18.9,1.9,衛生福利部食品藥物管理署 台灣食品成分資料庫(食品營養成分資料庫)開放資料; 下載自 https://data.fda.gov.tw/data/opendata/export/20/csv (政府資料開放平臺 data.gov.tw dataset id 8543 / TFDA opendata InfoId=20); 查詢頁 https://consumer.fda.gov.tw/Food/TFND.aspx?nodeID=178 ; 整合編號=I0321801 (樣品基本資料)
肉類,豬小腸,,Pork: small intestine; Chitterlings,I0321901,156.0,12.5,11.4,0.6,衛生福利部食品藥物管理署 台灣食品成分資料庫(食品營養成分資料庫)開放資料; 下載自 https://data.fda.gov.tw/data/opendata/export/20/csv (政府資料開放平臺 data.gov.tw dataset id 8543 / TFDA opendata InfoId=20); 查詢頁 https://consumer.fda.gov.tw/Food/TFND.aspx?nodeID=178 ; 整合編號=I0321901 (樣品基本資料)
肉類,豬空腸,粉腸,Pork jejunum,I0322001,186.0,10.9,15.4,8.6,衛生福利部食品藥物管理署 台灣食品成分資料庫(食品營養成分資料庫)開放資料; 下載自 https://data.fda.gov.tw/data/opendata/export/20/csv (政府資料開放平臺 data.gov.tw dataset id 8543 / TFDA opendata InfoId=20); 查詢頁 https://consumer.fda.gov.tw/Food/TFND.aspx?nodeID=178 ; 整合編號=I0322001 (樣品基本資料)
肉類,豬前腳,"豬腳,豬蹄,短腳","Pork: feet, front",I0322101,252.0,21.9,17.6,0.0,衛生福利部食品藥物管理署 台灣食品成分資料庫(食品營養成分資料庫)開放資料; 下載自 https://data.fda.gov.tw/data/opendata/export/20/csv (政府資料開放平臺 data.gov.tw dataset id 8543 / TFDA opendata InfoId=20); 查詢頁 https://consumer.fda.gov.tw/Food/TFND.aspx?nodeID=178 ; 整合編號=I0322101 (樣品基本資料)
肉類,豬後腳,"豬腳,豬蹄,長腳","Pork: feet, hind",I0322201,253.0,19.5,18.8,0.0,衛生福利部食品藥物管理署 台灣食品成分資料庫(食品營養成分資料庫)開放資料; 下載自 https://data.fda.gov.tw/data/opendata/export/20/csv (政府資料開放平臺 data.gov.tw dataset id 8543 / TFDA opendata InfoId=20); 查詢頁 https://consumer.fda.gov.tw/Food/TFND.aspx?nodeID=178 ; 整合編號=I0322201 (樣品基本資料)
肉類,豬蹄膀,"豬腳,蹄膀,圓蹄",Pork hock,I0322301,331.0,17.1,28.6,0.0,衛生福利部食品藥物管理署 台灣食品成分資料庫(食品營養成分資料庫)開放資料; 下載自 https://data.fda.gov.tw/data/opendata/export/20/csv (政府資料開放平臺 data.gov.tw dataset id 8543 / TFDA opendata InfoId=20); 查詢頁 https://consumer.fda.gov.tw/Food/TFND.aspx?nodeID=178 ; 整合編號=I0322301 (樣品基本資料)
肉類,豬腳筋,"蹄筋,長筋",,I0322501,72.0,14.4,1.1,0.0,衛生福利部食品藥物管理署 台灣食品成分資料庫(食品營養成分資料庫)開放資料; 下載自 https://data.fda.gov.tw/data/opendata/export/20/csv (政府資料開放平臺 data.gov.tw dataset id 8543 / TFDA opendata InfoId=20); 查詢頁 https://consumer.fda.gov.tw/Food/TFND.aspx?nodeID=178 ; 整合編號=I0322501 (樣品基本資料)
肉類,豬腦,,Pork: brain,I0322601,125.0,10.8,8.7,0.0,衛生福利部食品藥物管理署 台灣食品成分資料庫(食品營養成分資料庫)開放資料; 下載自 https://data.fda.gov.tw/data/opendata/export/20/csv (政府資料開放平臺 data.gov.tw dataset id 8543 / TFDA opendata InfoId=20); 查詢頁 https://consumer.fda.gov.tw/Food/TFND.aspx?nodeID=178 ; 整合編號=I0322601 (樣品基本資料)
肉類,土雞,"放山雞,走地雞",Taiwan native chicken,I0400101,196.0,19.0,12.7,0.0,衛生福利部食品藥物管理署 台灣食品成分資料庫(食品營養成分資料庫)開放資料; 下載自 https://data.fda.gov.tw/data/opendata/export/20/csv (政府資料開放平臺 data.gov.tw dataset id 8543 / TFDA opendata InfoId=20); 查詢頁 https://consumer.fda.gov.tw/Food/TFND.aspx?nodeID=178 ; 整合編號=I0400101 (樣品基本資料)
肉類,肉雞,飼料雞,"Chicken: broiler, feed",I0400201,248.0,16.1,19.9,0.0,衛生福利部食品藥物管理署 台灣食品成分資料庫(食品營養成分資料庫)開放資料; 下載自 https://data.fda.gov.tw/data/opendata/export/20/csv (政府資料開放平臺 data.gov.tw dataset id 8543 / TFDA opendata InfoId=20); 查詢頁 https://consumer.fda.gov.tw/Food/TFND.aspx?nodeID=178 ; 整合編號=I0400201 (樣品基本資料)
肉類,烏骨雞,"竹絲雞,絲羽烏骨雞,武山雞,烏雞",Silkie bantam; Silky fowl,I0400301,212.0,17.9,15.1,0.9,衛生福利部食品藥物管理署 台灣食品成分資料庫(食品營養成分資料庫)開放資料; 下載自 https://data.fda.gov.tw/data/opendata/export/20/csv (政府資料開放平臺 data.gov.tw dataset id 8543 / TFDA opendata InfoId=20); 查詢頁 https://consumer.fda.gov.tw/Food/TFND.aspx?nodeID=178 ; 整合編號=I0400301 (樣品基本資料)
肉類,里肌肉平均值,,,I04021,109.0,24.2,0.6,0.0,衛生福利部食品藥物管理署 台灣食品成分資料庫(食品營養成分資料庫)開放資料; 下載自 https://data.fda.gov.tw/data/opendata/export/20/csv (政府資料開放平臺 data.gov.tw dataset id 8543 / TFDA opendata InfoId=20); 查詢頁 https://consumer.fda.gov.tw/Food/TFND.aspx?nodeID=178 ; 整合編號=I04021 (樣品平均值)
肉類,里肌肉(土雞),,"Chicken: tenderloin, wild",I0402101,112.0,24.8,0.6,0.0,衛生福利部食品藥物管理署 台灣食品成分資料庫(食品營養成分資料庫)開放資料; 下載自 https://data.fda.gov.tw/data/opendata/export/20/csv (政府資料開放平臺 data.gov.tw dataset id 8543 / TFDA opendata InfoId=20); 查詢頁 https://consumer.fda.gov.tw/Food/TFND.aspx?nodeID=178 ; 整合編號=I0402101 (樣品基本資料)
肉類,里肌肉(肉雞),,"Chicken: tenderloin, feed",I0402102,106.0,23.7,0.6,0.0,衛生福利部食品藥物管理署 台灣食品成分資料庫(食品營養成分資料庫)開放資料; 下載自 https://data.fda.gov.tw/data/opendata/export/20/csv (政府資料開放平臺 data.gov.tw dataset id 8543 / TFDA opendata InfoId=20); 查詢頁 https://consumer.fda.gov.tw/Food/TFND.aspx?nodeID=178 ; 整合編號=I0402102 (樣品基本資料)
肉類,帶骨去皮對切胸(肉雞),,"Chicken: skinned breast halves with ribs, feed",I0402201,104.0,22.4,0.9,0.0,衛生福利部食品藥物管理署 台灣食品成分資料庫(食品營養成分資料庫)開放資料; 下載自 https://data.fda.gov.tw/data/opendata/export/20/csv (政府資料開放平臺 data.gov.tw dataset id 8543 / TFDA opendata InfoId=20); 查詢頁 https://consumer.fda.gov.tw/Food/TFND.aspx?nodeID=178 ; 整合編號=I0402201 (樣品基本資料)
肉類,帶骨帶皮對切胸(肉雞),,"Chicken: breast halves with ribs, feed",I0402301,219.0,19.3,15.1,0.0,衛生福利部食品藥物管理署 台灣食品成分資料庫(食品營養成分資料庫)開放資料; 下載自 https://data.fda.gov.tw/data/opendata/export/20/csv (政府資料開放平臺 data.gov.tw dataset id 8543 / TFDA opendata InfoId=20); 查詢頁 https://consumer.fda.gov.tw/Food/TFND.aspx?nodeID=178 ; 整合編號=I0402301 (樣品基本資料)
肉類,去皮清肉平均值,,,I04024,119.0,23.3,2.1,0.0,衛生福利部食品藥物管理署 台灣食品成分資料庫(食品營養成分資料庫)開放資料; 下載自 https://data.fda.gov.tw/data/opendata/export/20/csv (政府資料開放平臺 data.gov.tw dataset id 8543 / TFDA opendata InfoId=20); 查詢頁 https://consumer.fda.gov.tw/Food/TFND.aspx?nodeID=178 ; 整合編號=I04024 (樣品平均值)
肉類,去皮清肉(土雞),去皮雞胸肉,"Chicken: skinned breast halves without ribs, wild",I0402401,121.0,23.4,2.3,0.0,衛生福利部食品藥物管理署 台灣食品成分資料庫(食品營養成分資料庫)開放資料; 下載自 https://data.fda.gov.tw/data/opendata/export/20/csv (政府資料開放平臺 data.gov.tw dataset id 8543 / TFDA opendata InfoId=20); 查詢頁 https://consumer.fda.gov.tw/Food/TFND.aspx?nodeID=178 ; 整合編號=I0402401 (樣品基本資料)
肉類,去皮清肉(肉雞),去皮雞胸肉,"Chicken: skinned breast halves without ribs, feed",I0402402,117.0,23.3,1.9,0.6,衛生福利部食品藥物管理署 台灣食品成分資料庫(食品營養成分資料庫)開放資料; 下載自 https://data.fda.gov.tw/data/opendata/export/20/csv (政府資料開放平臺 data.gov.tw dataset id 8543 / TFDA opendata InfoId=20); 查詢頁 https://consumer.fda.gov.tw/Food/TFND.aspx?nodeID=178 ; 整合編號=I0402402 (樣品基本資料)
肉類,骨腿平均值,,,I04041,163.0,18.0,9.5,0.2,衛生福利部食品藥物管理署 台灣食品成分資料庫(食品營養成分資料庫)開放資料; 下載自 https://data.fda.gov.tw/data/opendata/export/20/csv (政府資料開放平臺 data.gov.tw dataset id 8543 / TFDA opendata InfoId=20); 查詢頁 https://consumer.fda.gov.tw/Food/TFND.aspx?nodeID=178 ; 整合編號=I04041 (樣品平均值)
肉類,骨腿(土雞),雞腿,"Chicken: leg quarters, wild",I0404101,130.0,21.7,4.1,0.0,衛生福利部食品藥物管理署 台灣食品成分資料庫(食品營養成分資料庫)開放資料; 下載自 https://data.fda.gov.tw/data/opendata/export/20/csv (政府資料開放平臺 data.gov.tw dataset id 8543 / TFDA opendata InfoId=20); 查詢頁 https://consumer.fda.gov.tw/Food/TFND.aspx?nodeID=178 ; 整合編號=I0404101 (樣品基本資料)
肉類,骨腿(肉雞),雞腿,"Chicken: leg quarters, feed",I0404102,196.0,14.4,14.9,1.7,衛生福利部食品藥物管理署 台灣食品成分資料庫(食品營養成分資料庫)開放資料; 下載自 https://data.fda.gov.tw/data/opendata/export/20/csv (政府資料開放平臺 data.gov.tw dataset id 8543 / TFDA opendata InfoId=20); 查詢頁 https://consumer.fda.gov.tw/Food/TFND.aspx?nodeID=178 ; 整合編號=I0404102 (樣品基本資料)
肉類,清腿平均值,,,I04042,157.0,18.5,8.7,0.0,衛生福利部食品藥物管理署 台灣食品成分資料庫(食品營養成分資料庫)開放資料; 下載自 https://data.fda.gov.tw/data/opendata/export/20/csv (政府資料開放平臺 data.gov.tw dataset id 8543 / TFDA opendata InfoId=20); 查詢頁 https://consumer.fda.gov.tw/Food/TFND.aspx?nodeID=178 ; 整合編號=I04042 (樣品平均值)
肉類,清腿(土雞),雞腿,"Chicken: whole leg, wild",I0404201,142.0,20.4,6.1,0.0,衛生福利部食品藥物管理署 台灣食品成分資料庫(食品營養成分資料庫)開放資料; 下載自 https://data.fda.gov.tw/data/opendata/export/20/csv (政府資料開放平臺 data.gov.tw dataset id 8543 / TFDA opendata InfoId=20); 查詢頁 https://consumer.fda.gov.tw/Food/TFND.aspx?nodeID=178 ; 整合編號=I0404201 (樣品基本資料)
肉類,清腿(肉雞),雞腿,"Chicken: whole leg, feed",I0404202,173.0,16.6,11.3,0.0,衛生福利部食品藥物管理署 台灣食品成分資料庫(食品營養成分資料庫)開放資料; 下載自 https://data.fda.gov.tw/data/opendata/export/20/csv (政府資料開放平臺 data.gov.tw dataset id 8543 / TFDA opendata InfoId=20); 查詢頁 https://consumer.fda.gov.tw/Food/TFND.aspx?nodeID=178 ; 整合編號=I0404202 (樣品基本資料)
肉類,棒棒腿平均值,,,I04043,151.0,18.9,7.8,0.0,衛生福利部食品藥物管理署 台灣食品成分資料庫(食品營養成分資料庫)開放資料; 下載自 https://data.fda.gov.tw/data/opendata/export/20/csv (政府資料開放平臺 data.gov.tw dataset id 8543 / TFDA opendata InfoId=20); 查詢頁 https://consumer.fda.gov.tw/Food/TFND.aspx?nodeID=178 ; 整合編號=I04043 (樣品平均值)
肉類,棒棒腿(土雞),雞腿,"Chicken: drumstick, wild",I0404301,143.0,21.0,5.9,0.0,衛生福利部食品藥物管理署 台灣食品成分資料庫(食品營養成分資料庫)開放資料; 下載自 https://data.fda.gov.tw/data/opendata/export/20/csv (政府資料開放平臺 data.gov.tw dataset id 8543 / TFDA opendata InfoId=20); 查詢頁 https://consumer.fda.gov.tw/Food/TFND.aspx?nodeID=178 ; 整合編號=I0404301 (樣品基本資料)
肉類,棒棒腿(肉雞),雞腿,"Chicken: drumstick, feed",I0404302,159.0,16.8,9.7,0.3,衛生福利部食品藥物管理署 台灣食品成分資料庫(食品營養成分資料庫)開放資料; 下載自 https://data.fda.gov.tw/data/opendata/export/20/csv (政府資料開放平臺 data.gov.tw dataset id 8543 / TFDA opendata InfoId=20); 查詢頁 https://consumer.fda.gov.tw/Food/TFND.aspx?nodeID=178 ; 整合編號=I0404302 (樣品基本資料)
肉類,雞排平均值,,,I04044,183.0,17.1,12.2,0.0,衛生福利部食品藥物管理署 台灣食品成分資料庫(食品營養成分資料庫)開放資料; 下載自 https://data.fda.gov.tw/data/opendata/export/20/csv (政府資料開放平臺 data.gov.tw dataset id 8543 / TFDA opendata InfoId=20); 查詢頁 https://consumer.fda.gov.tw/Food/TFND.aspx?nodeID=178 ; 整合編號=I04044 (樣品平均值)
肉類,雞排(土雞),,Chicken cutlets: wild,I0404401,158.0,18.9,8.6,0.0,衛生福利部食品藥物管理署 台灣食品成分資料庫(食品營養成分資料庫)開放資料; 下載自 https://data.fda.gov.tw/data/opendata/export/20/csv (政府資料開放平臺 data.gov.tw dataset id 8543 / TFDA opendata InfoId=20); 查詢頁 https://consumer.fda.gov.tw/Food/TFND.aspx?nodeID=178 ; 整合編號=I0404401 (樣品基本資料)
肉類,雞排(肉雞),,Chicken cutlets: feed,I0404402,208.0,15.3,15.8,0.0,衛生福利部食品藥物管理署 台灣食品成分資料庫(食品營養成分資料庫)開放資料; 下載自 https://data.fda.gov.tw/data/opendata/export/20/csv (政府資料開放平臺 data.gov.tw dataset id 8543 / TFDA opendata InfoId=20); 查詢頁 https://consumer.fda.gov.tw/Food/TFND.aspx?nodeID=178 ; 整合編號=I0404402 (樣品基本資料)
肉類,雞排(肉雞)(2021年取樣),,,I0404403,251.0,14.9,20.8,0.0,衛生福利部食品藥物管理署 台灣食品成分資料庫(食品營養成分資料庫)開放資料; 下載自 https://data.fda.gov.tw/data/opendata/export/20/csv (政府資料開放平臺 data.gov.tw dataset id 8543 / TFDA opendata InfoId=20); 查詢頁 https://consumer.fda.gov.tw/Food/TFND.aspx?nodeID=178 ; 整合編號=I0404403 (樣品基本資料)
肉類,去皮去骨雞腿(肉雞),,,I0404501,165.0,19.8,8.9,0.0,衛生福利部食品藥物管理署 台灣食品成分資料庫(食品營養成分資料庫)開放資料; 下載自 https://data.fda.gov.tw/data/opendata/export/20/csv (政府資料開放平臺 data.gov.tw dataset id 8543 / TFDA opendata InfoId=20); 查詢頁 https://consumer.fda.gov.tw/Food/TFND.aspx?nodeID=178 ; 整合編號=I0404501 (樣品基本資料)
肉類,二節翅平均值,,,I04061,226.0,18.1,16.4,0.0,衛生福利部食品藥物管理署 台灣食品成分資料庫(食品營養成分資料庫)開放資料; 下載自 https://data.fda.gov.tw/data/opendata/export/20/csv (政府資料開放平臺 data.gov.tw dataset id 8543 / TFDA opendata InfoId=20); 查詢頁 https://consumer.fda.gov.tw/Food/TFND.aspx?nodeID=178 ; 整合編號=I04061 (樣品平均值)
肉類,二節翅(土雞),,"Chicken : mid-joint and tip, wild",I0406101,228.0,19.8,15.9,0.0,衛生福利部食品藥物管理署 台灣食品成分資料庫(食品營養成分資料庫)開放資料; 下載自 https://data.fda.gov.tw/data/opendata/export/20/csv (政府資料開放平臺 data.gov.tw dataset id 8543 / TFDA opendata InfoId=20); 查詢頁 https://consumer.fda.gov.tw/Food/TFND.aspx?nodeID=178 ; 整合編號=I0406101 (樣品基本資料)
肉類,二節翅(肉雞),,"Chicken : mid-joint and tip, feed",I0406102,223.0,16.4,17.0,0.6,衛生福利部食品藥物管理署 台灣食品成分資料庫(食品營養成分資料庫)開放資料; 下載自 https://data.fda.gov.tw/data/opendata/export/20/csv (政府資料開放平臺 data.gov.tw dataset id 8543 / TFDA opendata InfoId=20); 查詢頁 https://consumer.fda.gov.tw/Food/TFND.aspx?nodeID=178 ; 整合編號=I0406102 (樣品基本資料)
肉類,三節翅平均值,,,I04062,210.0,18.3,14.6,0.0,衛生福利部食品藥物管理署 台灣食品成分資料庫(食品營養成分資料庫)開放資料; 下載自 https://data.fda.gov.tw/data/opendata/export/20/csv (政府資料開放平臺 data.gov.tw dataset id 8543 / TFDA opendata InfoId=20); 查詢頁 https://consumer.fda.gov.tw/Food/TFND.aspx?nodeID=178 ; 整合編號=I04062 (樣品平均值)
肉類,三節翅(土雞),,"Chicken: whole wings, wild; Chicken: three joint wings, wild",I0406201,198.0,19.0,13.0,0.0,衛生福利部食品藥物管理署 台灣食品成分資料庫(食品營養成分資料庫)開放資料; 下載自 https://data.fda.gov.tw/data/opendata/export/20/csv (政府資料開放平臺 data.gov.tw dataset id 8543 / TFDA opendata InfoId=20); 查詢頁 https://consumer.fda.gov.tw/Food/TFND.aspx?nodeID=178 ; 整合編號=I0406201 (樣品基本資料)
肉類,三節翅(肉雞),,"Chicken: whole wings, feed; Chicken: three joint wings, feed",I0406202,222.0,17.7,16.3,0.0,衛生福利部食品藥物管理署 台灣食品成分資料庫(食品營養成分資料庫)開放資料; 下載自 https://data.fda.gov.tw/data/opendata/export/20/csv (政府資料開放平臺 data.gov.tw dataset id 8543 / TFDA opendata InfoId=20); 查詢頁 https://consumer.fda.gov.tw/Food/TFND.aspx?nodeID=178 ; 整合編號=I0406202 (樣品基本資料)
肉類,翅腿(肉雞),小雞腿,"Chicken: wing drummettes, feed",I0406301,210.0,17.8,14.8,1.0,衛生福利部食品藥物管理署 台灣食品成分資料庫(食品營養成分資料庫)開放資料; 下載自 https://data.fda.gov.tw/data/opendata/export/20/csv (政府資料開放平臺 data.gov.tw dataset id 8543 / TFDA opendata InfoId=20); 查詢頁 https://consumer.fda.gov.tw/Food/TFND.aspx?nodeID=178 ; 整合編號=I0406301 (樣品基本資料)
肉類,雞絞肉,,Chicken: ground meat,I0410101,131.0,27.4,1.6,0.0,衛生福利部食品藥物管理署 台灣食品成分資料庫(食品營養成分資料庫)開放資料; 下載自 https://data.fda.gov.tw/data/opendata/export/20/csv (政府資料開放平臺 data.gov.tw dataset id 8543 / TFDA opendata InfoId=20); 查詢頁 https://consumer.fda.gov.tw/Food/TFND.aspx?nodeID=178 ; 整合編號=I0410101 (樣品基本資料)
肉類,雞心(肉雞),,Chicken: heart,I0420101,190.0,13.3,14.8,0.1,衛生福利部食品藥物管理署 台灣食品成分資料庫(食品營養成分資料庫)開放資料; 下載自 https://data.fda.gov.tw/data/opendata/export/20/csv (政府資料開放平臺 data.gov.tw dataset id 8543 / TFDA opendata InfoId=20); 查詢頁 https://consumer.fda.gov.tw/Food/TFND.aspx?nodeID=178 ; 整合編號=I0420101 (樣品基本資料)
肉類,雞心(肉雞)(2021年取樣),,chicken heart,I0420102,204.0,14.4,15.8,1.2,衛生福利部食品藥物管理署 台灣食品成分資料庫(食品營養成分資料庫)開放資料; 下載自 https://data.fda.gov.tw/data/opendata/export/20/csv (政府資料開放平臺 data.gov.tw dataset id 8543 / TFDA opendata InfoId=20); 查詢頁 https://consumer.fda.gov.tw/Food/TFND.aspx?nodeID=178 ; 整合編號=I0420102 (樣品基本資料)
肉類,雞尾椎,雞屁股,,I0420201,452.0,9.0,45.9,0.1,衛生福利部食品藥物管理署 台灣食品成分資料庫(食品營養成分資料庫)開放資料; 下載自 https://data.fda.gov.tw/data/opendata/export/20/csv (政府資料開放平臺 data.gov.tw dataset id 8543 / TFDA opendata InfoId=20); 查詢頁 https://consumer.fda.gov.tw/Food/TFND.aspx?nodeID=178 ; 整合編號=I0420201 (樣品基本資料)
肉類,雞肝(肉雞),,Chicken: liver,I0420301,111.0,18.8,3.5,2.7,衛生福利部食品藥物管理署 台灣食品成分資料庫(食品營養成分資料庫)開放資料; 下載自 https://data.fda.gov.tw/data/opendata/export/20/csv (政府資料開放平臺 data.gov.tw dataset id 8543 / TFDA opendata InfoId=20); 查詢頁 https://consumer.fda.gov.tw/Food/TFND.aspx?nodeID=178 ; 整合編號=I0420301 (樣品基本資料)
肉類,雞胗(肉雞),雞肫,Chicken: gizzard,I0420401,89.0,16.6,2.0,0.3,衛生福利部食品藥物管理署 台灣食品成分資料庫(食品營養成分資料庫)開放資料; 下載自 https://data.fda.gov.tw/data/opendata/export/20/csv (政府資料開放平臺 data.gov.tw dataset id 8543 / TFDA opendata InfoId=20); 查詢頁 https://consumer.fda.gov.tw/Food/TFND.aspx?nodeID=178 ; 整合編號=I0420401 (樣品基本資料)
肉類,雞胸骨湯,雞高湯,Chicken broth,I0420601,9.0,1.5,0.3,0.2,衛生福利部食品藥物管理署 台灣食品成分資料庫(食品營養成分資料庫)開放資料; 下載自 https://data.fda.gov.tw/data/opendata/export/20/csv (政府資料開放平臺 data.gov.tw dataset id 8543 / TFDA opendata InfoId=20); 查詢頁 https://consumer.fda.gov.tw/Food/TFND.aspx?nodeID=178 ; 整合編號=I0420601 (樣品基本資料)
肉類,雞睪丸,"雞子,雞弗",Chicken: testicles,I0420701,71.0,10.6,2.8,0.2,衛生福利部食品藥物管理署 台灣食品成分資料庫(食品營養成分資料庫)開放資料; 下載自 https://data.fda.gov.tw/data/opendata/export/20/csv (政府資料開放平臺 data.gov.tw dataset id 8543 / TFDA opendata InfoId=20); 查詢頁 https://consumer.fda.gov.tw/Food/TFND.aspx?nodeID=178 ; 整合編號=I0420701 (樣品基本資料)
肉類,雞腳(肉雞),"雞爪,鳳爪",Chicken: feet,I0420801,209.0,20.7,13.3,1.2,衛生福利部食品藥物管理署 台灣食品成分資料庫(食品營養成分資料庫)開放資料; 下載自 https://data.fda.gov.tw/data/opendata/export/20/csv (政府資料開放平臺 data.gov.tw dataset id 8543 / TFDA opendata InfoId=20); 查詢頁 https://consumer.fda.gov.tw/Food/TFND.aspx?nodeID=178 ; 整合編號=I0420801 (樣品基本資料)
肉類,雞膝軟骨(肉雞),雞軟骨,,I0420901,107.0,20.4,2.2,0.5,衛生福利部食品藥物管理署 台灣食品成分資料庫(食品營養成分資料庫)開放資料; 下載自 https://data.fda.gov.tw/data/opendata/export/20/csv (政府資料開放平臺 data.gov.tw dataset id 8543 / TFDA opendata InfoId=20); 查詢頁 https://consumer.fda.gov.tw/Food/TFND.aspx?nodeID=178 ; 整合編號=I0420901 (樣品基本資料)
肉類,雞皮(肉雞),,,I0421001,442.0,11.7,43.4,0.0,衛生福利部食品藥物管理署 台灣食品成分資料庫(食品營養成分資料庫)開放資料; 下載自 https://data.fda.gov.tw/data/opendata/export/20/csv (政府資料開放平臺 data.gov.tw dataset id 8543 / TFDA opendata InfoId=20); 查詢頁 https://consumer.fda.gov.tw/Food/TFND.aspx?nodeID=178 ; 整合編號=I0421001 (樣品基本資料)
肉類,太空鴨,,"Whole duck without neck, wings ＆ feet",I0500101,319.0,16.0,27.8,0.0,衛生福利部食品藥物管理署 台灣食品成分資料庫(食品營養成分資料庫)開放資料; 下載自 https://data.fda.gov.tw/data/opendata/export/20/csv (政府資料開放平臺 data.gov.tw dataset id 8543 / TFDA opendata InfoId=20); 查詢頁 https://consumer.fda.gov.tw/Food/TFND.aspx?nodeID=178 ; 整合編號=I0500101 (樣品基本資料)
肉類,番鴨,"麝番鴨,紅面鴨,紅面(正)番鴨",Muscovy duck; Cairina moschate,I0500201,229.0,18.2,16.7,0.0,衛生福利部食品藥物管理署 台灣食品成分資料庫(食品營養成分資料庫)開放資料; 下載自 https://data.fda.gov.tw/data/opendata/export/20/csv (政府資料開放平臺 data.gov.tw dataset id 8543 / TFDA opendata InfoId=20); 查詢頁 https://consumer.fda.gov.tw/Food/TFND.aspx?nodeID=178 ; 整合編號=I0500201 (樣品基本資料)
肉類,太空鴨(去皮),,"Whole duck without neck, wings ＆ feet, skinned",I0500301,102.0,20.1,1.8,0.0,衛生福利部食品藥物管理署 台灣食品成分資料庫(食品營養成分資料庫)開放資料; 下載自 https://data.fda.gov.tw/data/opendata/export/20/csv (政府資料開放平臺 data.gov.tw dataset id 8543 / TFDA opendata InfoId=20); 查詢頁 https://consumer.fda.gov.tw/Food/TFND.aspx?nodeID=178 ; 整合編號=I0500301 (樣品基本資料)
肉類,土番鴨,,Mule duck,I0500401,111.0,20.9,2.4,0.0,衛生福利部食品藥物管理署 台灣食品成分資料庫(食品營養成分資料庫)開放資料; 下載自 https://data.fda.gov.tw/data/opendata/export/20/csv (政府資料開放平臺 data.gov.tw dataset id 8543 / TFDA opendata InfoId=20); 查詢頁 https://consumer.fda.gov.tw/Food/TFND.aspx?nodeID=178 ; 整合編號=I0500401 (樣品基本資料)
肉類,櫻桃鴨胸肉片,,,I0502101,227.0,16.7,17.2,4.7,衛生福利部食品藥物管理署 台灣食品成分資料庫(食品營養成分資料庫)開放資料; 下載自 https://data.fda.gov.tw/data/opendata/export/20/csv (政府資料開放平臺 data.gov.tw dataset id 8543 / TFDA opendata InfoId=20); 查詢頁 https://consumer.fda.gov.tw/Food/TFND.aspx?nodeID=178 ; 整合編號=I0502101 (樣品基本資料)
肉類,鴨腿,,Ducks: drumsticks,I0504101,282.0,14.4,24.5,3.4,衛生福利部食品藥物管理署 台灣食品成分資料庫(食品營養成分資料庫)開放資料; 下載自 https://data.fda.gov.tw/data/opendata/export/20/csv (政府資料開放平臺 data.gov.tw dataset id 8543 / TFDA opendata InfoId=20); 查詢頁 https://consumer.fda.gov.tw/Food/TFND.aspx?nodeID=178 ; 整合編號=I0504101 (樣品基本資料)
肉類,鴨血,,Ducks: blood,I0520101,29.0,6.0,0.3,0.0,衛生福利部食品藥物管理署 台灣食品成分資料庫(食品營養成分資料庫)開放資料; 下載自 https://data.fda.gov.tw/data/opendata/export/20/csv (政府資料開放平臺 data.gov.tw dataset id 8543 / TFDA opendata InfoId=20); 查詢頁 https://consumer.fda.gov.tw/Food/TFND.aspx?nodeID=178 ; 整合編號=I0520101 (樣品基本資料)
肉類,鴨胗,鴨肫,Ducks: gizzards,I0520201,97.0,20.5,1.1,0.3,衛生福利部食品藥物管理署 台灣食品成分資料庫(食品營養成分資料庫)開放資料; 下載自 https://data.fda.gov.tw/data/opendata/export/20/csv (政府資料開放平臺 data.gov.tw dataset id 8543 / TFDA opendata InfoId=20); 查詢頁 https://consumer.fda.gov.tw/Food/TFND.aspx?nodeID=178 ; 整合編號=I0520201 (樣品基本資料)
肉類,去骨鴨掌,,,I0520301,113.0,12.6,6.6,0.0,衛生福利部食品藥物管理署 台灣食品成分資料庫(食品營養成分資料庫)開放資料; 下載自 https://data.fda.gov.tw/data/opendata/export/20/csv (政府資料開放平臺 data.gov.tw dataset id 8543 / TFDA opendata InfoId=20); 查詢頁 https://consumer.fda.gov.tw/Food/TFND.aspx?nodeID=178 ; 整合編號=I0520301 (樣品基本資料)
肉類,鴨腸,,Ducks: intestines,I0520401,94.0,13.8,3.9,0.0,衛生福利部食品藥物管理署 台灣食品成分資料庫(食品營養成分資料庫)開放資料; 下載自 https://data.fda.gov.tw/data/opendata/export/20/csv (政府資料開放平臺 data.gov.tw dataset id 8543 / TFDA opendata InfoId=20); 查詢頁 https://consumer.fda.gov.tw/Food/TFND.aspx?nodeID=178 ; 整合編號=I0520401 (樣品基本資料)
肉類,鴨翅,,,I0520601,170.0,22.8,8.1,0.0,衛生福利部食品藥物管理署 台灣食品成分資料庫(食品營養成分資料庫)開放資料; 下載自 https://data.fda.gov.tw/data/opendata/export/20/csv (政府資料開放平臺 data.gov.tw dataset id 8543 / TFDA opendata InfoId=20); 查詢頁 https://consumer.fda.gov.tw/Food/TFND.aspx?nodeID=178 ; 整合編號=I0520601 (樣品基本資料)
肉類,鴨頭,,,I0520701,199.0,16.5,14.3,0.0,衛生福利部食品藥物管理署 台灣食品成分資料庫(食品營養成分資料庫)開放資料; 下載自 https://data.fda.gov.tw/data/opendata/export/20/csv (政府資料開放平臺 data.gov.tw dataset id 8543 / TFDA opendata InfoId=20); 查詢頁 https://consumer.fda.gov.tw/Food/TFND.aspx?nodeID=178 ; 整合編號=I0520701 (樣品基本資料)
肉類,鴨舌,,,I0520801,187.0,16.0,13.2,0.0,衛生福利部食品藥物管理署 台灣食品成分資料庫(食品營養成分資料庫)開放資料; 下載自 https://data.fda.gov.tw/data/opendata/export/20/csv (政府資料開放平臺 data.gov.tw dataset id 8543 / TFDA opendata InfoId=20); 查詢頁 https://consumer.fda.gov.tw/Food/TFND.aspx?nodeID=178 ; 整合編號=I0520801 (樣品基本資料)
肉類,鵝肉,,Goose meat,I0600101,187.0,15.6,13.4,2.4,衛生福利部食品藥物管理署 台灣食品成分資料庫(食品營養成分資料庫)開放資料; 下載自 https://data.fda.gov.tw/data/opendata/export/20/csv (政府資料開放平臺 data.gov.tw dataset id 8543 / TFDA opendata InfoId=20); 查詢頁 https://consumer.fda.gov.tw/Food/TFND.aspx?nodeID=178 ; 整合編號=I0600101 (樣品基本資料)
肉類,鵝胸肉,,Goose: brcast halves without drummtte,I0602101,120.0,23.5,2.2,0.2,衛生福利部食品藥物管理署 台灣食品成分資料庫(食品營養成分資料庫)開放資料; 下載自 https://data.fda.gov.tw/data/opendata/export/20/csv (政府資料開放平臺 data.gov.tw dataset id 8543 / TFDA opendata InfoId=20); 查詢頁 https://consumer.fda.gov.tw/Food/TFND.aspx?nodeID=178 ; 整合編號=I0602101 (樣品基本資料)
肉類,鵝腿肉,,Goose: whole legs,I0604101,130.0,21.7,4.2,0.0,衛生福利部食品藥物管理署 台灣食品成分資料庫(食品營養成分資料庫)開放資料; 下載自 https://data.fda.gov.tw/data/opendata/export/20/csv (政府資料開放平臺 data.gov.tw dataset id 8543 / TFDA opendata InfoId=20); 查詢頁 https://consumer.fda.gov.tw/Food/TFND.aspx?nodeID=178 ; 整合編號=I0604101 (樣品基本資料)
肉類,鵝心,,Goose: heart,I0620101,241.0,14.5,19.9,0.0,衛生福利部食品藥物管理署 台灣食品成分資料庫(食品營養成分資料庫)開放資料; 下載自 https://data.fda.gov.tw/data/opendata/export/20/csv (政府資料開放平臺 data.gov.tw dataset id 8543 / TFDA opendata InfoId=20); 查詢頁 https://consumer.fda.gov.tw/Food/TFND.aspx?nodeID=178 ; 整合編號=I0620101 (樣品基本資料)
肉類,鵝肝,,Goose: liver,I0620201,123.0,20.5,3.9,0.6,衛生福利部食品藥物管理署 台灣食品成分資料庫(食品營養成分資料庫)開放資料; 下載自 https://data.fda.gov.tw/data/opendata/export/20/csv (政府資料開放平臺 data.gov.tw dataset id 8543 / TFDA opendata InfoId=20); 查詢頁 https://consumer.fda.gov.tw/Food/TFND.aspx?nodeID=178 ; 整合編號=I0620201 (樣品基本資料)
肉類,鵝胗,鵝肫,Goose: gizzard,I0620301,95.0,17.4,2.3,2.8,衛生福利部食品藥物管理署 台灣食品成分資料庫(食品營養成分資料庫)開放資料; 下載自 https://data.fda.gov.tw/data/opendata/export/20/csv (政府資料開放平臺 data.gov.tw dataset id 8543 / TFDA opendata InfoId=20); 查詢頁 https://consumer.fda.gov.tw/Food/TFND.aspx?nodeID=178 ; 整合編號=I0620301 (樣品基本資料)
肉類,鵝腸,,Goose: intestines,I0620401,63.0,9.2,2.6,0.7,衛生福利部食品藥物管理署 台灣食品成分資料庫(食品營養成分資料庫)開放資料; 下載自 https://data.fda.gov.tw/data/opendata/export/20/csv (政府資料開放平臺 data.gov.tw dataset id 8543 / TFDA opendata InfoId=20); 查詢頁 https://consumer.fda.gov.tw/Food/TFND.aspx?nodeID=178 ; 整合編號=I0620401 (樣品基本資料)
肉類,火雞肉,"七面鳥,吐綬雞",Turkey meat,I0700101,141.0,21.1,5.6,0.0,衛生福利部食品藥物管理署 台灣食品成分資料庫(食品營養成分資料庫)開放資料; 下載自 https://data.fda.gov.tw/data/opendata/export/20/csv (政府資料開放平臺 data.gov.tw dataset id 8543 / TFDA opendata InfoId=20); 查詢頁 https://consumer.fda.gov.tw/Food/TFND.aspx?nodeID=178 ; 整合編號=I0700101 (樣品基本資料)
肉類,鴕鳥菲力肉排,"鴕鳥腓力,鴕鳥里肌肉","Ostrich: tenderloin, sliced",I0802101,105.0,22.8,0.8,0.8,衛生福利部食品藥物管理署 台灣食品成分資料庫(食品營養成分資料庫)開放資料; 下載自 https://data.fda.gov.tw/data/opendata/export/20/csv (政府資料開放平臺 data.gov.tw dataset id 8543 / TFDA opendata InfoId=20); 查詢頁 https://consumer.fda.gov.tw/Food/TFND.aspx?nodeID=178 ; 整合編號=I0802101 (樣品基本資料)
肉類,鴕鳥沙朗肉排,,,I0804101,97.0,20.9,0.8,6.1,衛生福利部食品藥物管理署 台灣食品成分資料庫(食品營養成分資料庫)開放資料; 下載自 https://data.fda.gov.tw/data/opendata/export/20/csv (政府資料開放平臺 data.gov.tw dataset id 8543 / TFDA opendata InfoId=20); 查詢頁 https://consumer.fda.gov.tw/Food/TFND.aspx?nodeID=178 ; 整合編號=I0804101 (樣品基本資料)
肉類,鴕腱肉,"屈肌,伸肌",Ostrich: shank,I0810101,107.0,18.7,3.1,0.2,衛生福利部食品藥物管理署 台灣食品成分資料庫(食品營養成分資料庫)開放資料; 下載自 https://data.fda.gov.tw/data/opendata/export/20/csv (政府資料開放平臺 data.gov.tw dataset id 8543 / TFDA opendata InfoId=20); 查詢頁 https://consumer.fda.gov.tw/Food/TFND.aspx?nodeID=178 ; 整合編號=I0810101 (樣品基本資料)
肉類,鴕腩肉,,Ostrich: flank,I0810201,144.0,21.2,5.9,0.7,衛生福利部食品藥物管理署 台灣食品成分資料庫(食品營養成分資料庫)開放資料; 下載自 https://data.fda.gov.tw/data/opendata/export/20/csv (政府資料開放平臺 data.gov.tw dataset id 8543 / TFDA opendata InfoId=20); 查詢頁 https://consumer.fda.gov.tw/Food/TFND.aspx?nodeID=178 ; 整合編號=I0810201 (樣品基本資料)
肉類,山豬肉片,山豬肉,Sus scrofa,I1000101,466.0,11.9,46.0,0.0,衛生福利部食品藥物管理署 台灣食品成分資料庫(食品營養成分資料庫)開放資料; 下載自 https://data.fda.gov.tw/data/opendata/export/20/csv (政府資料開放平臺 data.gov.tw dataset id 8543 / TFDA opendata InfoId=20); 查詢頁 https://consumer.fda.gov.tw/Food/TFND.aspx?nodeID=178 ; 整合編號=I1000101 (樣品基本資料)
肉類,虎皮蛙,"虎斑蛙,虎紋蛙,水雞,田雞,台灣青蛙",Frog; Chinese bullfrog,I9900101,94.0,21.1,0.4,0.6,衛生福利部食品藥物管理署 台灣食品成分資料庫(食品營養成分資料庫)開放資料; 下載自 https://data.fda.gov.tw/data/opendata/export/20/csv (政府資料開放平臺 data.gov.tw dataset id 8543 / TFDA opendata InfoId=20); 查詢頁 https://consumer.fda.gov.tw/Food/TFND.aspx?nodeID=178 ; 整合編號=I9900101 (樣品基本資料)
肉類,蛇肉,,Snake flesh,I9900201,85.0,19.0,0.4,0.0,衛生福利部食品藥物管理署 台灣食品成分資料庫(食品營養成分資料庫)開放資料; 下載自 https://data.fda.gov.tw/data/opendata/export/20/csv (政府資料開放平臺 data.gov.tw dataset id 8543 / TFDA opendata InfoId=20); 查詢頁 https://consumer.fda.gov.tw/Food/TFND.aspx?nodeID=178 ; 整合編號=I9900201 (樣品基本資料)
菇類,木耳,"黑木耳,桑耳,白背毛木耳,木樟(檽/菌/茸/蛾/樅),樹雞(毛木耳)",Jew's ear; Juda's ear; Agaric,G0100101,38.0,0.9,0.1,8.8,衛生福利部食品藥物管理署 台灣食品成分資料庫(食品營養成分資料庫)開放資料; 下載自 https://data.fda.gov.tw/data/opendata/export/20/csv (政府資料開放平臺 data.gov.tw dataset id 8543 / TFDA opendata InfoId=20); 查詢頁 https://consumer.fda.gov.tw/Food/TFND.aspx?nodeID=178 ; 整合編號=G0100101 (樣品基本資料)
菇類,冷凍木耳,"黑木耳,桑耳,白背毛木耳,木樟(檽/菌/茸/蛾/樅),樹雞(毛木耳)",Juda's ear: frozen; Agaric: frozen; Jew's ear:froz,G0100201,51.0,0.9,0.1,12.4,衛生福利部食品藥物管理署 台灣食品成分資料庫(食品營養成分資料庫)開放資料; 下載自 https://data.fda.gov.tw/data/opendata/export/20/csv (政府資料開放平臺 data.gov.tw dataset id 8543 / TFDA opendata InfoId=20); 查詢頁 https://consumer.fda.gov.tw/Food/TFND.aspx?nodeID=178 ; 整合編號=G0100201 (樣品基本資料)
菇類,乾木耳平均值,"黑木耳,桑耳,白背毛木耳,木樟(檽/菌/茸/蛾/樅),樹雞(毛木耳)",Jew's ear: dry; Juda's ear: dry; Agaric: dry,G01101,333.0,13.8,0.7,74.7,衛生福利部食品藥物管理署 台灣食品成分資料庫(食品營養成分資料庫)開放資料; 下載自 https://data.fda.gov.tw/data/opendata/export/20/csv (政府資料開放平臺 data.gov.tw dataset id 8543 / TFDA opendata InfoId=20); 查詢頁 https://consumer.fda.gov.tw/Food/TFND.aspx?nodeID=178 ; 整合編號=G01101 (樣品平均值)
菇類,乾木耳(紅耳仔),"黑木耳,桑耳,白背毛木耳,木樟(檽/菌/茸/蛾/樅),樹雞(毛木耳)",Jew's ear: dry; Juda's ear: dry; Agaric: dry,G0110101,329.0,6.1,0.2,79.8,衛生福利部食品藥物管理署 台灣食品成分資料庫(食品營養成分資料庫)開放資料; 下載自 https://data.fda.gov.tw/data/opendata/export/20/csv (政府資料開放平臺 data.gov.tw dataset id 8543 / TFDA opendata InfoId=20); 查詢頁 https://consumer.fda.gov.tw/Food/TFND.aspx?nodeID=178 ; 整合編號=G0110101 (樣品基本資料)
菇類,乾木耳(黑耳仔),"黑木耳,桑耳,白背毛木耳,木樟(檽/菌/茸/蛾/樅),樹雞(毛木耳)",Jew's ear: dry; Juda's ear: dry; Agaric: dry,G0110102,338.0,21.4,1.2,69.6,衛生福利部食品藥物管理署 台灣食品成分資料庫(食品營養成分資料庫)開放資料; 下載自 https://data.fda.gov.tw/data/opendata/export/20/csv (政府資料開放平臺 data.gov.tw dataset id 8543 / TFDA opendata InfoId=20); 查詢頁 https://consumer.fda.gov.tw/Food/TFND.aspx?nodeID=178 ; 整合編號=G0110102 (樣品基本資料)
菇類,乾川耳,,,G0110201,336.0,9.0,0.3,79.4,衛生福利部食品藥物管理署 台灣食品成分資料庫(食品營養成分資料庫)開放資料; 下載自 https://data.fda.gov.tw/data/opendata/export/20/csv (政府資料開放平臺 data.gov.tw dataset id 8543 / TFDA opendata InfoId=20); 查詢頁 https://consumer.fda.gov.tw/Food/TFND.aspx?nodeID=178 ; 整合編號=G0110201 (樣品基本資料)
菇類,銀耳,"白木耳,雪耳",white jelly fungi,G0200101,31.0,1.1,0.0,7.2,衛生福利部食品藥物管理署 台灣食品成分資料庫(食品營養成分資料庫)開放資料; 下載自 https://data.fda.gov.tw/data/opendata/export/20/csv (政府資料開放平臺 data.gov.tw dataset id 8543 / TFDA opendata InfoId=20); 查詢頁 https://consumer.fda.gov.tw/Food/TFND.aspx?nodeID=178 ; 整合編號=G0200101 (樣品基本資料)
菇類,白毛木耳,"毛木耳(白化),雪珍耳",,G0200201,45.0,1.2,0.1,10.6,衛生福利部食品藥物管理署 台灣食品成分資料庫(食品營養成分資料庫)開放資料; 下載自 https://data.fda.gov.tw/data/opendata/export/20/csv (政府資料開放平臺 data.gov.tw dataset id 8543 / TFDA opendata InfoId=20); 查詢頁 https://consumer.fda.gov.tw/Food/TFND.aspx?nodeID=178 ; 整合編號=G0200201 (樣品基本資料)
菇類,乾銀耳,"白木耳,雪耳",,G0210101,310.0,9.3,1.2,70.8,衛生福利部食品藥物管理署 台灣食品成分資料庫(食品營養成分資料庫)開放資料; 下載自 https://data.fda.gov.tw/data/opendata/export/20/csv (政府資料開放平臺 data.gov.tw dataset id 8543 / TFDA opendata InfoId=20); 查詢頁 https://consumer.fda.gov.tw/Food/TFND.aspx?nodeID=178 ; 整合編號=G0210101 (樣品基本資料)
菇類,草菇,"蘭花菇,美味草菇,包腳菇,中國蘑菇,稈(麻/貢)菇,南華菇,家生菇(小包腳菇)",(Paddy) Straw mushroom; Agaricus; Button mushroom; Chinese mushroom,G0300101,36.0,3.8,0.3,5.9,衛生福利部食品藥物管理署 台灣食品成分資料庫(食品營養成分資料庫)開放資料; 下載自 https://data.fda.gov.tw/data/opendata/export/20/csv (政府資料開放平臺 data.gov.tw dataset id 8543 / TFDA opendata InfoId=20); 查詢頁 https://consumer.fda.gov.tw/Food/TFND.aspx?nodeID=178 ; 整合編號=G0300101 (樣品基本資料)
菇類,雞腿菇,"雞腿(蘑)菇,雞髀菇,墨水菇,一夜菇(毛頭鬼傘)",Lawyer's wig; Shappy mane mushroom; Shappy ink cap,G0400101,36.0,2.1,0.1,7.5,衛生福利部食品藥物管理署 台灣食品成分資料庫(食品營養成分資料庫)開放資料; 下載自 https://data.fda.gov.tw/data/opendata/export/20/csv (政府資料開放平臺 data.gov.tw dataset id 8543 / TFDA opendata InfoId=20); 查詢頁 https://consumer.fda.gov.tw/Food/TFND.aspx?nodeID=178 ; 整合編號=G0400101 (樣品基本資料)
菇類,雞腿菇(乾),"雞腿(蘑)菇,雞髀菇,墨水菇,一夜菇(毛頭鬼傘)",Lawyer's wig; Shappy mane mushroom; Shappy ink cap,G0410101,298.0,20.1,1.4,59.8,衛生福利部食品藥物管理署 台灣食品成分資料庫(食品營養成分資料庫)開放資料; 下載自 https://data.fda.gov.tw/data/opendata/export/20/csv (政府資料開放平臺 data.gov.tw dataset id 8543 / TFDA opendata InfoId=20); 查詢頁 https://consumer.fda.gov.tw/Food/TFND.aspx?nodeID=178 ; 整合編號=G0410101 (樣品基本資料)
菇類,松茸,"台灣松茸,松口蘑,大花菌,松蕈,剝皮菌(台灣松口蘑)",,G0500101,36.0,3.1,0.5,5.9,衛生福利部食品藥物管理署 台灣食品成分資料庫(食品營養成分資料庫)開放資料; 下載自 https://data.fda.gov.tw/data/opendata/export/20/csv (政府資料開放平臺 data.gov.tw dataset id 8543 / TFDA opendata InfoId=20); 查詢頁 https://consumer.fda.gov.tw/Food/TFND.aspx?nodeID=178 ; 整合編號=G0500101 (樣品基本資料)
菇類,雪白菇(長),"美白菇,白精靈菇",white beech mushroom,G0600101,36.0,2.1,0.4,6.9,衛生福利部食品藥物管理署 台灣食品成分資料庫(食品營養成分資料庫)開放資料; 下載自 https://data.fda.gov.tw/data/opendata/export/20/csv (政府資料開放平臺 data.gov.tw dataset id 8543 / TFDA opendata InfoId=20); 查詢頁 https://consumer.fda.gov.tw/Food/TFND.aspx?nodeID=178 ; 整合編號=G0600101 (樣品基本資料)
菇類,柳松菇,"柳松茸,茶樹菇,楊樹菇,田頭菇(柱狀田頭菇)",Poplar field-cap; brown swordbelt,G0700101,36.0,3.7,0.3,6.0,衛生福利部食品藥物管理署 台灣食品成分資料庫(食品營養成分資料庫)開放資料; 下載自 https://data.fda.gov.tw/data/opendata/export/20/csv (政府資料開放平臺 data.gov.tw dataset id 8543 / TFDA opendata InfoId=20); 查詢頁 https://consumer.fda.gov.tw/Food/TFND.aspx?nodeID=178 ; 整合編號=G0700101 (樣品基本資料)
菇類,乾柳松菇,"柳松茸,茶樹菇,楊樹菇,田頭菇(柱狀田頭菇)",Poplar field-cap: dry,G0710101,286.0,23.5,1.9,53.5,衛生福利部食品藥物管理署 台灣食品成分資料庫(食品營養成分資料庫)開放資料; 下載自 https://data.fda.gov.tw/data/opendata/export/20/csv (政府資料開放平臺 data.gov.tw dataset id 8543 / TFDA opendata InfoId=20); 查詢頁 https://consumer.fda.gov.tw/Food/TFND.aspx?nodeID=178 ; 整合編號=G0710101 (樣品基本資料)
菇類,香菇平均值,"冬(北/花/厚/毛)菇,椎茸,香蕈(信/椹),合蕈",Mushroom; Champignon; Shiitake,G08001,39.0,3.0,0.1,7.6,衛生福利部食品藥物管理署 台灣食品成分資料庫(食品營養成分資料庫)開放資料; 下載自 https://data.fda.gov.tw/data/opendata/export/20/csv (政府資料開放平臺 data.gov.tw dataset id 8543 / TFDA opendata InfoId=20); 查詢頁 https://consumer.fda.gov.tw/Food/TFND.aspx?nodeID=178 ; 整合編號=G08001 (樣品平均值)
菇類,香菇(大),"冬(北/花/厚/毛)菇,椎茸,香蕈(信/椹),合蕈",Mushroom; Champignon; Shiitake,G0800101,37.0,3.0,0.2,7.1,衛生福利部食品藥物管理署 台灣食品成分資料庫(食品營養成分資料庫)開放資料; 下載自 https://data.fda.gov.tw/data/opendata/export/20/csv (政府資料開放平臺 data.gov.tw dataset id 8543 / TFDA opendata InfoId=20); 查詢頁 https://consumer.fda.gov.tw/Food/TFND.aspx?nodeID=178 ; 整合編號=G0800101 (樣品基本資料)
菇類,香菇(小),"冬(北/花/厚/毛)菇,椎茸,香蕈(信/椹),合蕈",Mushroom; Champignon; Shiitake,G0800102,26.0,2.4,0.1,4.9,衛生福利部食品藥物管理署 台灣食品成分資料庫(食品營養成分資料庫)開放資料; 下載自 https://data.fda.gov.tw/data/opendata/export/20/csv (政府資料開放平臺 data.gov.tw dataset id 8543 / TFDA opendata InfoId=20); 查詢頁 https://consumer.fda.gov.tw/Food/TFND.aspx?nodeID=178 ; 整合編號=G0800102 (樣品基本資料)
菇類,花菇,"冬(北/花/厚/毛)菇,椎茸,香蕈(信/椹),合蕈",Mushroom; Champignon; Shiitake,G0800103,52.0,3.6,0.1,10.7,衛生福利部食品藥物管理署 台灣食品成分資料庫(食品營養成分資料庫)開放資料; 下載自 https://data.fda.gov.tw/data/opendata/export/20/csv (政府資料開放平臺 data.gov.tw dataset id 8543 / TFDA opendata InfoId=20); 查詢頁 https://consumer.fda.gov.tw/Food/TFND.aspx?nodeID=178 ; 整合編號=G0800103 (樣品基本資料)
菇類,乾香菇平均值,"冬(北/花/厚/毛)菇,椎茸,香蕈(信/椹),合蕈",Mushroom: dry; Champignon: dry; Shiitake: dry,G08101,321.0,20.9,1.6,64.9,衛生福利部食品藥物管理署 台灣食品成分資料庫(食品營養成分資料庫)開放資料; 下載自 https://data.fda.gov.tw/data/opendata/export/20/csv (政府資料開放平臺 data.gov.tw dataset id 8543 / TFDA opendata InfoId=20); 查詢頁 https://consumer.fda.gov.tw/Food/TFND.aspx?nodeID=178 ; 整合編號=G08101 (樣品平均值)
菇類,乾香菇,"冬(北/花/厚/毛)菇,椎茸,香蕈(信/椹),合蕈",Mushroom: dry; Champignon: dry; Shiitake: dry,G0810101,333.0,23.3,1.4,66.6,衛生福利部食品藥物管理署 台灣食品成分資料庫(食品營養成分資料庫)開放資料; 下載自 https://data.fda.gov.tw/data/opendata/export/20/csv (政府資料開放平臺 data.gov.tw dataset id 8543 / TFDA opendata InfoId=20); 查詢頁 https://consumer.fda.gov.tw/Food/TFND.aspx?nodeID=178 ; 整合編號=G0810101 (樣品基本資料)
菇類,乾花菇,"冬(北/花/厚/毛)菇,椎茸,香蕈(信/椹),合蕈",Mushroom: dry; Champignon: dry; Shiitake: dry,G0810102,317.0,17.0,1.1,67.4,衛生福利部食品藥物管理署 台灣食品成分資料庫(食品營養成分資料庫)開放資料; 下載自 https://data.fda.gov.tw/data/opendata/export/20/csv (政府資料開放平臺 data.gov.tw dataset id 8543 / TFDA opendata InfoId=20); 查詢頁 https://consumer.fda.gov.tw/Food/TFND.aspx?nodeID=178 ; 整合編號=G0810102 (樣品基本資料)
菇類,乾白花菇,"冬(北/花/厚/毛)菇,椎茸,香蕈(信/椹),合蕈",Mushroom: dry; Champignon: dry; Shiitake: dry,G0810103,310.0,18.7,1.1,64.5,衛生福利部食品藥物管理署 台灣食品成分資料庫(食品營養成分資料庫)開放資料; 下載自 https://data.fda.gov.tw/data/opendata/export/20/csv (政府資料開放平臺 data.gov.tw dataset id 8543 / TFDA opendata InfoId=20); 查詢頁 https://consumer.fda.gov.tw/Food/TFND.aspx?nodeID=178 ; 整合編號=G0810103 (樣品基本資料)
菇類,乾鈕釦菇,"冬(北/花/厚/毛)菇,椎茸,香蕈(信/椹),合蕈",Mushroom: dry; Champignon: dry; Shiitake: dry,G0810104,325.0,24.6,2.7,60.9,衛生福利部食品藥物管理署 台灣食品成分資料庫(食品營養成分資料庫)開放資料; 下載自 https://data.fda.gov.tw/data/opendata/export/20/csv (政府資料開放平臺 data.gov.tw dataset id 8543 / TFDA opendata InfoId=20); 查詢頁 https://consumer.fda.gov.tw/Food/TFND.aspx?nodeID=178 ; 整合編號=G0810104 (樣品基本資料)
菇類,姬松茸,"姬松菇,巴西蘑菇,柏氏蘑菇,小松菇",Agaricus blazei Murill,G1000101,40.0,4.0,0.4,6.9,衛生福利部食品藥物管理署 台灣食品成分資料庫(食品營養成分資料庫)開放資料; 下載自 https://data.fda.gov.tw/data/opendata/export/20/csv (政府資料開放平臺 data.gov.tw dataset id 8543 / TFDA opendata InfoId=20); 查詢頁 https://consumer.fda.gov.tw/Food/TFND.aspx?nodeID=178 ; 整合編號=G1000101 (樣品基本資料)
菇類,乾姬松茸,"姬松菇,巴西蘑菇,柏氏蘑菇,小松菇",Agaricus blazei Murill: dry,G1010101,294.0,34.0,2.7,46.7,衛生福利部食品藥物管理署 台灣食品成分資料庫(食品營養成分資料庫)開放資料; 下載自 https://data.fda.gov.tw/data/opendata/export/20/csv (政府資料開放平臺 data.gov.tw dataset id 8543 / TFDA opendata InfoId=20); 查詢頁 https://consumer.fda.gov.tw/Food/TFND.aspx?nodeID=178 ; 整合編號=G1010101 (樣品基本資料)
菇類,酒杯菇,"大杯傘,大杯菇,葉松茸,豬肚菇",,G1100101,50.0,4.6,0.3,9.0,衛生福利部食品藥物管理署 台灣食品成分資料庫(食品營養成分資料庫)開放資料; 下載自 https://data.fda.gov.tw/data/opendata/export/20/csv (政府資料開放平臺 data.gov.tw dataset id 8543 / TFDA opendata InfoId=20); 查詢頁 https://consumer.fda.gov.tw/Food/TFND.aspx?nodeID=178 ; 整合編號=G1100101 (樣品基本資料)
菇類,秀珍菇,"平菇,小平菇,側耳平菇,蠔菇,袖珍(鮑魚)菇(側耳)",(Common) Oyster mushroom; Obalonus,G1200101,28.0,3.3,0.1,4.6,衛生福利部食品藥物管理署 台灣食品成分資料庫(食品營養成分資料庫)開放資料; 下載自 https://data.fda.gov.tw/data/opendata/export/20/csv (政府資料開放平臺 data.gov.tw dataset id 8543 / TFDA opendata InfoId=20); 查詢頁 https://consumer.fda.gov.tw/Food/TFND.aspx?nodeID=178 ; 整合編號=G1200101 (樣品基本資料)
菇類,天喜菇,,,G1200201,26.0,4.5,0.5,2.5,衛生福利部食品藥物管理署 台灣食品成分資料庫(食品營養成分資料庫)開放資料; 下載自 https://data.fda.gov.tw/data/opendata/export/20/csv (政府資料開放平臺 data.gov.tw dataset id 8543 / TFDA opendata InfoId=20); 查詢頁 https://consumer.fda.gov.tw/Food/TFND.aspx?nodeID=178 ; 整合編號=G1200201 (樣品基本資料)
菇類,白蠔菇,,White Oyster Mushroom,G1200301,33.0,2.2,0.3,6.4,衛生福利部食品藥物管理署 台灣食品成分資料庫(食品營養成分資料庫)開放資料; 下載自 https://data.fda.gov.tw/data/opendata/export/20/csv (政府資料開放平臺 data.gov.tw dataset id 8543 / TFDA opendata InfoId=20); 查詢頁 https://consumer.fda.gov.tw/Food/TFND.aspx?nodeID=178 ; 整合編號=G1200301 (樣品基本資料)
菇類,玫瑰菇,"紅側耳,桃紅平菇,紅平菇,粉紅菇",,G1200401,35.0,4.5,0.1,5.6,衛生福利部食品藥物管理署 台灣食品成分資料庫(食品營養成分資料庫)開放資料; 下載自 https://data.fda.gov.tw/data/opendata/export/20/csv (政府資料開放平臺 data.gov.tw dataset id 8543 / TFDA opendata InfoId=20); 查詢頁 https://consumer.fda.gov.tw/Food/TFND.aspx?nodeID=178 ; 整合編號=G1200401 (樣品基本資料)
菇類,杏香菇,"香微蘑,雪茸,帝王菇,平菇王",King Oyster Mushroom,G1300101,26.0,2.7,0.1,4.6,衛生福利部食品藥物管理署 台灣食品成分資料庫(食品營養成分資料庫)開放資料; 下載自 https://data.fda.gov.tw/data/opendata/export/20/csv (政府資料開放平臺 data.gov.tw dataset id 8543 / TFDA opendata InfoId=20); 查詢頁 https://consumer.fda.gov.tw/Food/TFND.aspx?nodeID=178 ; 整合編號=G1300101 (樣品基本資料)
菇類,杏鮑菇平均值,"鳳尾菇,雪茸,帝王菇,平菇王,蠔菇王,干貝菇,刺芹側耳,義大利側耳,義大利蠔菌,杏鮑茸,西洋刺耳",King oyster mushroom; apricot mushroom; almond abalone mushroom ,G13002,41.0,2.7,0.2,8.3,衛生福利部食品藥物管理署 台灣食品成分資料庫(食品營養成分資料庫)開放資料; 下載自 https://data.fda.gov.tw/data/opendata/export/20/csv (政府資料開放平臺 data.gov.tw dataset id 8543 / TFDA opendata InfoId=20); 查詢頁 https://consumer.fda.gov.tw/Food/TFND.aspx?nodeID=178 ; 整合編號=G13002 (樣品平均值)
菇類,杏鮑菇(大),"鳳尾菇,雪茸,帝王菇,平菇王,蠔菇王,干貝菇,刺芹側耳,義大利側耳,義大利蠔菌,杏鮑茸,西洋刺耳",King oyster mushroom; apricot mushroom; almond abalone mushroom ,G1300201,37.0,2.4,0.1,7.5,衛生福利部食品藥物管理署 台灣食品成分資料庫(食品營養成分資料庫)開放資料; 下載自 https://data.fda.gov.tw/data/opendata/export/20/csv (政府資料開放平臺 data.gov.tw dataset id 8543 / TFDA opendata InfoId=20); 查詢頁 https://consumer.fda.gov.tw/Food/TFND.aspx?nodeID=178 ; 整合編號=G1300201 (樣品基本資料)
菇類,杏鮑菇(中),"鳳尾菇,雪茸,帝王菇,平菇王,蠔菇王,干貝菇,刺芹側耳,義大利側耳,義大利蠔菌,杏鮑茸,西洋刺耳",King oyster mushroom; apricot mushroom; almond abalone mushroom ,G1300202,40.0,2.5,0.2,8.2,衛生福利部食品藥物管理署 台灣食品成分資料庫(食品營養成分資料庫)開放資料; 下載自 https://data.fda.gov.tw/data/opendata/export/20/csv (政府資料開放平臺 data.gov.tw dataset id 8543 / TFDA opendata InfoId=20); 查詢頁 https://consumer.fda.gov.tw/Food/TFND.aspx?nodeID=178 ; 整合編號=G1300202 (樣品基本資料)
菇類,杏鮑菇(小),"鳳尾菇,雪茸,帝王菇,平菇王,蠔菇王,干貝菇,刺芹側耳,義大利側耳,義大利蠔菌,杏鮑茸,西洋刺耳",King oyster mushroom; apricot mushroom; almond abalone mushroom ,G1300203,47.0,3.2,0.3,9.2,衛生福利部食品藥物管理署 台灣食品成分資料庫(食品營養成分資料庫)開放資料; 下載自 https://data.fda.gov.tw/data/opendata/export/20/csv (政府資料開放平臺 data.gov.tw dataset id 8543 / TFDA opendata InfoId=20); 查詢頁 https://consumer.fda.gov.tw/Food/TFND.aspx?nodeID=178 ; 整合編號=G1300203 (樣品基本資料)
菇類,珊瑚菇,"金頂鮑魚菇,金頂蘑,榆黃蘑,榆(黃)蘑,黃金菇,玉皇(米)菇,粗口黃,楊柳菌,黃樹窩(金頂側耳)",,G1400301,33.0,4.0,0.2,5.2,衛生福利部食品藥物管理署 台灣食品成分資料庫(食品營養成分資料庫)開放資料; 下載自 https://data.fda.gov.tw/data/opendata/export/20/csv (政府資料開放平臺 data.gov.tw dataset id 8543 / TFDA opendata InfoId=20); 查詢頁 https://consumer.fda.gov.tw/Food/TFND.aspx?nodeID=178 ; 整合編號=G1400301 (樣品基本資料)
菇類,蠔菇,"平菇,日本蠔菇,糙皮側耳,黑牡丹菇,黑美人菇,人工口蘑(囊狀側耳)",Obalonus; Cystidiate Pleurotus; The Abalone Mushroom,G1500101,26.0,2.1,0.3,4.8,衛生福利部食品藥物管理署 台灣食品成分資料庫(食品營養成分資料庫)開放資料; 下載自 https://data.fda.gov.tw/data/opendata/export/20/csv (政府資料開放平臺 data.gov.tw dataset id 8543 / TFDA opendata InfoId=20); 查詢頁 https://consumer.fda.gov.tw/Food/TFND.aspx?nodeID=178 ; 整合編號=G1500101 (樣品基本資料)
菇類,鮑魚菇,"夏季鮑魚菇,高溫平菇,台灣平菇,黑美人菇,人工口蘑(囊狀側耳)",Obalonus; Cystidiate Pleurotus; The Abalone Mushroom,G1500201,22.0,1.7,0.2,4.0,衛生福利部食品藥物管理署 台灣食品成分資料庫(食品營養成分資料庫)開放資料; 下載自 https://data.fda.gov.tw/data/opendata/export/20/csv (政府資料開放平臺 data.gov.tw dataset id 8543 / TFDA opendata InfoId=20); 查詢頁 https://consumer.fda.gov.tw/Food/TFND.aspx?nodeID=178 ; 整合編號=G1500201 (樣品基本資料)
菇類,金針菇,"金(冬/榎/朴)菇,金絲菇,金菇菜,秋葷,樸蕈構菌,毛柄金線菇,菌子(絨柄金錢菇)",Velvet foot; Gold mushroom; Enokitake; Winter Mushroom; Snow Mushroom,G1600101,37.0,2.6,0.3,7.2,衛生福利部食品藥物管理署 台灣食品成分資料庫(食品營養成分資料庫)開放資料; 下載自 https://data.fda.gov.tw/data/opendata/export/20/csv (政府資料開放平臺 data.gov.tw dataset id 8543 / TFDA opendata InfoId=20); 查詢頁 https://consumer.fda.gov.tw/Food/TFND.aspx?nodeID=178 ; 整合編號=G1600101 (樣品基本資料)
菇類,華翠菇,"滿天星菇,黃色金針菇(絨柄金錢菇)",,G1600201,29.0,2.5,0.2,5.1,衛生福利部食品藥物管理署 台灣食品成分資料庫(食品營養成分資料庫)開放資料; 下載自 https://data.fda.gov.tw/data/opendata/export/20/csv (政府資料開放平臺 data.gov.tw dataset id 8543 / TFDA opendata InfoId=20); 查詢頁 https://consumer.fda.gov.tw/Food/TFND.aspx?nodeID=178 ; 整合編號=G1600201 (樣品基本資料)
菇類,滑菇,"珍珠菇,滑子,滑子蘑,光蓋鱗傘,光帽黃傘(滑鱗傘)",Pholiota nameko,G1700101,27.0,2.6,0.2,4.7,衛生福利部食品藥物管理署 台灣食品成分資料庫(食品營養成分資料庫)開放資料; 下載自 https://data.fda.gov.tw/data/opendata/export/20/csv (政府資料開放平臺 data.gov.tw dataset id 8543 / TFDA opendata InfoId=20); 查詢頁 https://consumer.fda.gov.tw/Food/TFND.aspx?nodeID=178 ; 整合編號=G1700101 (樣品基本資料)
菇類,舞菇,"舞茸,灰樹花,葉多孔菌,栗子蘑,千佛菌,蓮花菌",,G1800101,28.0,1.4,0.1,5.8,衛生福利部食品藥物管理署 台灣食品成分資料庫(食品營養成分資料庫)開放資料; 下載自 https://data.fda.gov.tw/data/opendata/export/20/csv (政府資料開放平臺 data.gov.tw dataset id 8543 / TFDA opendata InfoId=20); 查詢頁 https://consumer.fda.gov.tw/Food/TFND.aspx?nodeID=178 ; 整合編號=G1800101 (樣品基本資料)
菇類,鴻喜菇,"紅喜菇,真姬菇,斑玉蕈,玉蕈,膠玉蘑,蟹味菇,海鮮菇,假松茸,松茸菇,榆菇,靈芝菇,黑真珠",Bunashimeji; Hon-shimeji; small oyster mushroom ,G1900101,30.0,2.9,0.1,5.3,衛生福利部食品藥物管理署 台灣食品成分資料庫(食品營養成分資料庫)開放資料; 下載自 https://data.fda.gov.tw/data/opendata/export/20/csv (政府資料開放平臺 data.gov.tw dataset id 8543 / TFDA opendata InfoId=20); 查詢頁 https://consumer.fda.gov.tw/Food/TFND.aspx?nodeID=178 ; 整合編號=G1900101 (樣品基本資料)
菇類,雪白菇,"美白菇,白玉菇",white beech mushroom ,G1900201,31.0,2.2,0.0,6.4,衛生福利部食品藥物管理署 台灣食品成分資料庫(食品營養成分資料庫)開放資料; 下載自 https://data.fda.gov.tw/data/opendata/export/20/csv (政府資料開放平臺 data.gov.tw dataset id 8543 / TFDA opendata InfoId=20); 查詢頁 https://consumer.fda.gov.tw/Food/TFND.aspx?nodeID=178 ; 整合編號=G1900201 (樣品基本資料)
菇類,洋菇,"西洋蘑菇(蘑菇,雙孢蘑菇)",Mushroom; Button; Champignon,G2000101,25.0,3.0,0.2,3.8,衛生福利部食品藥物管理署 台灣食品成分資料庫(食品營養成分資料庫)開放資料; 下載自 https://data.fda.gov.tw/data/opendata/export/20/csv (政府資料開放平臺 data.gov.tw dataset id 8543 / TFDA opendata InfoId=20); 查詢頁 https://consumer.fda.gov.tw/Food/TFND.aspx?nodeID=178 ; 整合編號=G2000101 (樣品基本資料)
菇類,冷凍洋菇,"西洋蘑菇(蘑菇,雙孢蘑菇)",Marshroom: frozen,G2000201,39.0,3.8,1.5,4.3,衛生福利部食品藥物管理署 台灣食品成分資料庫(食品營養成分資料庫)開放資料; 下載自 https://data.fda.gov.tw/data/opendata/export/20/csv (政府資料開放平臺 data.gov.tw dataset id 8543 / TFDA opendata InfoId=20); 查詢頁 https://consumer.fda.gov.tw/Food/TFND.aspx?nodeID=178 ; 整合編號=G2000201 (樣品基本資料)
菇類,白茯苓,"松(雲/安/閩)苓,玉(茯)靈,茯兔(龜),松柏芋,松薯,不死麵,萬靈桂(精),更生,金翁",Poria,G2100101,316.0,1.0,0.2,79.9,衛生福利部食品藥物管理署 台灣食品成分資料庫(食品營養成分資料庫)開放資料; 下載自 https://data.fda.gov.tw/data/opendata/export/20/csv (政府資料開放平臺 data.gov.tw dataset id 8543 / TFDA opendata InfoId=20); 查詢頁 https://consumer.fda.gov.tw/Food/TFND.aspx?nodeID=178 ; 整合編號=G2100101 (樣品基本資料)
菇類,猴頭菇,"猴頭蘑,刺蝟菌,蝟菌,花菜菇,圓頭菇,陰陽蘑,對臉蘑",Monkey's mane; Lion's mane; Old man's beard,G2300101,30.0,2.1,0.2,5.9,衛生福利部食品藥物管理署 台灣食品成分資料庫(食品營養成分資料庫)開放資料; 下載自 https://data.fda.gov.tw/data/opendata/export/20/csv (政府資料開放平臺 data.gov.tw dataset id 8543 / TFDA opendata InfoId=20); 查詢頁 https://consumer.fda.gov.tw/Food/TFND.aspx?nodeID=178 ; 整合編號=G2300101 (樣品基本資料)
菇類,乾猴頭菇,"猴頭蘑,刺蝟菌,蝟菌,花菜菇,圓頭菇,陰陽蘑,對臉蘑",,G2310101,311.0,12.3,3.4,64.3,衛生福利部食品藥物管理署 台灣食品成分資料庫(食品營養成分資料庫)開放資料; 下載自 https://data.fda.gov.tw/data/opendata/export/20/csv (政府資料開放平臺 data.gov.tw dataset id 8543 / TFDA opendata InfoId=20); 查詢頁 https://consumer.fda.gov.tw/Food/TFND.aspx?nodeID=178 ; 整合編號=G2310101 (樣品基本資料)
菇類,乾竹笙,"竹蓀,竹參(長裙竹蓀)",Basket stinkhorn(籃框臭角菌),G2410101,312.0,17.5,2.0,64.1,衛生福利部食品藥物管理署 台灣食品成分資料庫(食品營養成分資料庫)開放資料; 下載自 https://data.fda.gov.tw/data/opendata/export/20/csv (政府資料開放平臺 data.gov.tw dataset id 8543 / TFDA opendata InfoId=20); 查詢頁 https://consumer.fda.gov.tw/Food/TFND.aspx?nodeID=178 ; 整合編號=G2410101 (樣品基本資料)
菇類,松茸白菇,,,G9000101,38.0,5.1,0.5,5.3,衛生福利部食品藥物管理署 台灣食品成分資料庫(食品營養成分資料庫)開放資料; 下載自 https://data.fda.gov.tw/data/opendata/export/20/csv (政府資料開放平臺 data.gov.tw dataset id 8543 / TFDA opendata InfoId=20); 查詢頁 https://consumer.fda.gov.tw/Food/TFND.aspx?nodeID=178 ; 整合編號=G9000101 (樣品基本資料)
菇類,金喜菇,,brown needle mushroom ,G9000201,39.0,2.7,0.2,7.7,衛生福利部食品藥物管理署 台灣食品成分資料庫(食品營養成分資料庫)開放資料; 下載自 https://data.fda.gov.tw/data/opendata/export/20/csv (政府資料開放平臺 data.gov.tw dataset id 8543 / TFDA opendata InfoId=20); 查詢頁 https://consumer.fda.gov.tw/Food/TFND.aspx?nodeID=178 ; 整合編號=G9000201 (樣品基本資料)
菇類,喜來菇,,,G9000301,37.0,3.5,0.4,6.3,衛生福利部食品藥物管理署 台灣食品成分資料庫(食品營養成分資料庫)開放資料; 下載自 https://data.fda.gov.tw/data/opendata/export/20/csv (政府資料開放平臺 data.gov.tw dataset id 8543 / TFDA opendata InfoId=20); 查詢頁 https://consumer.fda.gov.tw/Food/TFND.aspx?nodeID=178 ; 整合編號=G9000301 (樣品基本資料)
菇類,富珍茸,,,G9000401,37.0,3.0,0.4,6.8,衛生福利部食品藥物管理署 台灣食品成分資料庫(食品營養成分資料庫)開放資料; 下載自 https://data.fda.gov.tw/data/opendata/export/20/csv (政府資料開放平臺 data.gov.tw dataset id 8543 / TFDA opendata InfoId=20); 查詢頁 https://consumer.fda.gov.tw/Food/TFND.aspx?nodeID=178 ; 整合編號=G9000401 (樣品基本資料)
蔬菜類,牛蒡,"吳帽,吳某,牛菜,蒡翁菜,鼠黏","Great burdock, edible burdock",E0100101,84.0,2.5,0.4,19.1,衛生福利部食品藥物管理署 台灣食品成分資料庫(食品營養成分資料庫)開放資料; 下載自 https://data.fda.gov.tw/data/opendata/export/20/csv (政府資料開放平臺 data.gov.tw dataset id 8543 / TFDA opendata InfoId=20); 查詢頁 https://consumer.fda.gov.tw/Food/TFND.aspx?nodeID=178 ; 整合編號=E0100101 (樣品基本資料)
蔬菜類,胡蘿蔔平均值,"紅蘿蔔,紅菜頭,黃蘿蔔,丁香蘿蔔,人參,金筍",Carrot,E02001,39.0,1.1,0.1,8.9,衛生福利部食品藥物管理署 台灣食品成分資料庫(食品營養成分資料庫)開放資料; 下載自 https://data.fda.gov.tw/data/opendata/export/20/csv (政府資料開放平臺 data.gov.tw dataset id 8543 / TFDA opendata InfoId=20); 查詢頁 https://consumer.fda.gov.tw/Food/TFND.aspx?nodeID=178 ; 整合編號=E02001 (樣品平均值)
蔬菜類,胡蘿蔔,"紅蘿蔔,紅菜頭,黃蘿蔔,丁香蘿蔔,人參,金筍",Carrot,E0200101,37.0,1.0,0.2,8.5,衛生福利部食品藥物管理署 台灣食品成分資料庫(食品營養成分資料庫)開放資料; 下載自 https://data.fda.gov.tw/data/opendata/export/20/csv (政府資料開放平臺 data.gov.tw dataset id 8543 / TFDA opendata InfoId=20); 查詢頁 https://consumer.fda.gov.tw/Food/TFND.aspx?nodeID=178 ; 整合編號=E0200101 (樣品基本資料)
蔬菜類,向陽二號胡蘿蔔,"紅蘿蔔,紅菜頭,黃蘿蔔,丁香蘿蔔,人參,金筍",Carrot,E0200102,44.0,0.6,0.1,10.6,衛生福利部食品藥物管理署 台灣食品成分資料庫(食品營養成分資料庫)開放資料; 下載自 https://data.fda.gov.tw/data/opendata/export/20/csv (政府資料開放平臺 data.gov.tw dataset id 8543 / TFDA opendata InfoId=20); 查詢頁 https://consumer.fda.gov.tw/Food/TFND.aspx?nodeID=178 ; 整合編號=E0200102 (樣品基本資料)
蔬菜類,澳洲胡蘿蔔(細長型),"紅蘿蔔,紅菜頭,黃蘿蔔,丁香蘿蔔,人參,金筍",Carrot,E0200103,34.0,1.7,0.1,7.5,衛生福利部食品藥物管理署 台灣食品成分資料庫(食品營養成分資料庫)開放資料; 下載自 https://data.fda.gov.tw/data/opendata/export/20/csv (政府資料開放平臺 data.gov.tw dataset id 8543 / TFDA opendata InfoId=20); 查詢頁 https://consumer.fda.gov.tw/Food/TFND.aspx?nodeID=178 ; 整合編號=E0200103 (樣品基本資料)
蔬菜類,黃胡蘿蔔,"紅蘿蔔,紅菜頭,黃蘿蔔,丁香蘿蔔,人參,金筍",Carrot,E0200201,42.0,1.1,0.3,9.4,衛生福利部食品藥物管理署 台灣食品成分資料庫(食品營養成分資料庫)開放資料; 下載自 https://data.fda.gov.tw/data/opendata/export/20/csv (政府資料開放平臺 data.gov.tw dataset id 8543 / TFDA opendata InfoId=20); 查詢頁 https://consumer.fda.gov.tw/Food/TFND.aspx?nodeID=178 ; 整合編號=E0200201 (樣品基本資料)
蔬菜類,冷凍胡蘿蔔,"紅蘿蔔,紅菜頭,黃蘿蔔,丁香蘿蔔,人參,金筍",Carrot: frozen,E0200301,13.0,0.5,0.1,3.0,衛生福利部食品藥物管理署 台灣食品成分資料庫(食品營養成分資料庫)開放資料; 下載自 https://data.fda.gov.tw/data/opendata/export/20/csv (政府資料開放平臺 data.gov.tw dataset id 8543 / TFDA opendata InfoId=20); 查詢頁 https://consumer.fda.gov.tw/Food/TFND.aspx?nodeID=178 ; 整合編號=E0200301 (樣品基本資料)
蔬菜類,根菾菜根,"甜菜根,火焰菜根","Beet, Beetroot",E0300101,27.0,1.2,0.1,6.0,衛生福利部食品藥物管理署 台灣食品成分資料庫(食品營養成分資料庫)開放資料; 下載自 https://data.fda.gov.tw/data/opendata/export/20/csv (政府資料開放平臺 data.gov.tw dataset id 8543 / TFDA opendata InfoId=20); 查詢頁 https://consumer.fda.gov.tw/Food/TFND.aspx?nodeID=178 ; 整合編號=E0300101 (樣品基本資料)
蔬菜類,根菾菜根(2023年取樣),"甜菜根,火焰菜根",Beetroot,E0300102,37.0,1.2,0.0,8.6,衛生福利部食品藥物管理署 台灣食品成分資料庫(食品營養成分資料庫)開放資料; 下載自 https://data.fda.gov.tw/data/opendata/export/20/csv (政府資料開放平臺 data.gov.tw dataset id 8543 / TFDA opendata InfoId=20); 查詢頁 https://consumer.fda.gov.tw/Food/TFND.aspx?nodeID=178 ; 整合編號=E0300102 (樣品基本資料)
蔬菜類,白蘿蔔平均值,"蘿蔔,菜頭,萊菔,蘆萉,仙人骨,大菜,大根","Radish, Chinese radish",E04001,18.0,0.5,0.1,3.9,衛生福利部食品藥物管理署 台灣食品成分資料庫(食品營養成分資料庫)開放資料; 下載自 https://data.fda.gov.tw/data/opendata/export/20/csv (政府資料開放平臺 data.gov.tw dataset id 8543 / TFDA opendata InfoId=20); 查詢頁 https://consumer.fda.gov.tw/Food/TFND.aspx?nodeID=178 ; 整合編號=E04001 (樣品平均值)
蔬菜類,白蘿蔔,"蘿蔔,菜頭,萊菔,蘆萉,仙人骨,大菜,大根","Radish, Chinese radish",E0400101,16.0,0.7,0.1,3.3,衛生福利部食品藥物管理署 台灣食品成分資料庫(食品營養成分資料庫)開放資料; 下載自 https://data.fda.gov.tw/data/opendata/export/20/csv (政府資料開放平臺 data.gov.tw dataset id 8543 / TFDA opendata InfoId=20); 查詢頁 https://consumer.fda.gov.tw/Food/TFND.aspx?nodeID=178 ; 整合編號=E0400101 (樣品基本資料)
蔬菜類,白蘿蔔(長形),"蘿蔔,菜頭,萊菔,蘆萉,仙人骨,大菜,大根","Radish, Chinese radish",E0400102,19.0,0.4,0.1,4.4,衛生福利部食品藥物管理署 台灣食品成分資料庫(食品營養成分資料庫)開放資料; 下載自 https://data.fda.gov.tw/data/opendata/export/20/csv (政府資料開放平臺 data.gov.tw dataset id 8543 / TFDA opendata InfoId=20); 查詢頁 https://consumer.fda.gov.tw/Food/TFND.aspx?nodeID=178 ; 整合編號=E0400102 (樣品基本資料)
蔬菜類,櫻桃蘿蔔,"蘿蔔,菜頭,萊菔,小根蘿蔔,二十日蘿蔔,小粒菜頭","Radish, Chinese radish, Radicula radish",E0400201,11.0,0.6,0.0,2.3,衛生福利部食品藥物管理署 台灣食品成分資料庫(食品營養成分資料庫)開放資料; 下載自 https://data.fda.gov.tw/data/opendata/export/20/csv (政府資料開放平臺 data.gov.tw dataset id 8543 / TFDA opendata InfoId=20); 查詢頁 https://consumer.fda.gov.tw/Food/TFND.aspx?nodeID=178 ; 整合編號=E0400201 (樣品基本資料)
蔬菜類,青蘿蔔,"蘿蔔,菜頭,萊菔,綠蘿蔔,綠長蘿蔔,青菜頭,青大根","Radish, Chinese radish",E0400301,33.0,1.8,0.1,7.0,衛生福利部食品藥物管理署 台灣食品成分資料庫(食品營養成分資料庫)開放資料; 下載自 https://data.fda.gov.tw/data/opendata/export/20/csv (政府資料開放平臺 data.gov.tw dataset id 8543 / TFDA opendata InfoId=20); 查詢頁 https://consumer.fda.gov.tw/Food/TFND.aspx?nodeID=178 ; 整合編號=E0400301 (樣品基本資料)
蔬菜類,蘿蔔乾,"菜脯乾,菜脯",Radish: dried,E0420101,58.0,2.2,1.2,10.8,衛生福利部食品藥物管理署 台灣食品成分資料庫(食品營養成分資料庫)開放資料; 下載自 https://data.fda.gov.tw/data/opendata/export/20/csv (政府資料開放平臺 data.gov.tw dataset id 8543 / TFDA opendata InfoId=20); 查詢頁 https://consumer.fda.gov.tw/Food/TFND.aspx?nodeID=178 ; 整合編號=E0420101 (樣品基本資料)
蔬菜類,百合鱗片,"百合,百合花鱗片,蒜腦藷",Fresh lily bulb,E0500101,137.0,3.8,0.1,32.3,衛生福利部食品藥物管理署 台灣食品成分資料庫(食品營養成分資料庫)開放資料; 下載自 https://data.fda.gov.tw/data/opendata/export/20/csv (政府資料開放平臺 data.gov.tw dataset id 8543 / TFDA opendata InfoId=20); 查詢頁 https://consumer.fda.gov.tw/Food/TFND.aspx?nodeID=178 ; 整合編號=E0500101 (樣品基本資料)
蔬菜類,乾百合鱗片,"乾百合,乾百合花鱗片,乾蒜腦藷",Dry lily bulb,E0510101,304.0,11.8,0.7,68.4,衛生福利部食品藥物管理署 台灣食品成分資料庫(食品營養成分資料庫)開放資料; 下載自 https://data.fda.gov.tw/data/opendata/export/20/csv (政府資料開放平臺 data.gov.tw dataset id 8543 / TFDA opendata InfoId=20); 查詢頁 https://consumer.fda.gov.tw/Food/TFND.aspx?nodeID=178 ; 整合編號=E0510101 (樣品基本資料)
蔬菜類,芋莖,"芋拐,芋橫,芋葉梗",Taro shoot; Dasheen stalk; Taro petiole ,E0600101,20.0,1.1,0.5,3.4,衛生福利部食品藥物管理署 台灣食品成分資料庫(食品營養成分資料庫)開放資料; 下載自 https://data.fda.gov.tw/data/opendata/export/20/csv (政府資料開放平臺 data.gov.tw dataset id 8543 / TFDA opendata InfoId=20); 查詢頁 https://consumer.fda.gov.tw/Food/TFND.aspx?nodeID=178 ; 整合編號=E0600101 (樣品基本資料)
蔬菜類,金針菜嫩莖,"碧玉筍,金針筍,金針菜梗,軟化金針菜,金針嫩菜芽,萱草菜嫩芽",Day-lily; Common orange Day-lily,E0700101,24.0,0.7,0.2,5.3,衛生福利部食品藥物管理署 台灣食品成分資料庫(食品營養成分資料庫)開放資料; 下載自 https://data.fda.gov.tw/data/opendata/export/20/csv (政府資料開放平臺 data.gov.tw dataset id 8543 / TFDA opendata InfoId=20); 查詢頁 https://consumer.fda.gov.tw/Food/TFND.aspx?nodeID=178 ; 整合編號=E0700101 (樣品基本資料)
蔬菜類,草石蠶,"甘露兒,甘露菜,寶塔菜,地蠶,螺獅菜,土蛹(坊間誤稱為冬蟲夏草)",Chinese artichoke,E0800101,75.0,1.7,0.0,18.0,衛生福利部食品藥物管理署 台灣食品成分資料庫(食品營養成分資料庫)開放資料; 下載自 https://data.fda.gov.tw/data/opendata/export/20/csv (政府資料開放平臺 data.gov.tw dataset id 8543 / TFDA opendata InfoId=20); 查詢頁 https://consumer.fda.gov.tw/Food/TFND.aspx?nodeID=178 ; 整合編號=E0800101 (樣品基本資料)
蔬菜類,球莖甘藍,"大頭菜,結頭菜,芥頭,菜菜鵠,菜叩,莖藍,蕪菁蕓苔",Kohlrabi,E0900101,20.0,1.6,0.2,3.6,衛生福利部食品藥物管理署 台灣食品成分資料庫(食品營養成分資料庫)開放資料; 下載自 https://data.fda.gov.tw/data/opendata/export/20/csv (政府資料開放平臺 data.gov.tw dataset id 8543 / TFDA opendata InfoId=20); 查詢頁 https://consumer.fda.gov.tw/Food/TFND.aspx?nodeID=178 ; 整合編號=E0900101 (樣品基本資料)
蔬菜類,孟宗竹筍,"毛竹,茅竹,茅茹竹,江南竹,貓竹,貓兒竹,楠竹,南竹,至竹,斑竹(冬筍)",Bamboo shoot; Bamboo sprout; Moso bamboo,E1000101,40.0,4.0,0.2,7.3,衛生福利部食品藥物管理署 台灣食品成分資料庫(食品營養成分資料庫)開放資料; 下載自 https://data.fda.gov.tw/data/opendata/export/20/csv (政府資料開放平臺 data.gov.tw dataset id 8543 / TFDA opendata InfoId=20); 查詢頁 https://consumer.fda.gov.tw/Food/TFND.aspx?nodeID=178 ; 整合編號=E1000101 (樣品基本資料)
蔬菜類,熟桂竹筍,"桂竹仔筍,石竹仔筍,簍竹,筀竹筍",Bamboo shoot; Bamboo sprout; Makino bamboo,E1100101,21.0,2.1,0.2,3.5,衛生福利部食品藥物管理署 台灣食品成分資料庫(食品營養成分資料庫)開放資料; 下載自 https://data.fda.gov.tw/data/opendata/export/20/csv (政府資料開放平臺 data.gov.tw dataset id 8543 / TFDA opendata InfoId=20); 查詢頁 https://consumer.fda.gov.tw/Food/TFND.aspx?nodeID=178 ; 整合編號=E1100101 (樣品基本資料)
蔬菜類,烏殼綠竹筍,"烏殼筍,烏殼綠,烏綠竹,烏腳綠竹筍,烏腳綠仔,四季竹,南洋竹,食用刺竹",Bamboo shoot; Bamboo sprout; Edible bamboo,E1200101,21.0,1.8,0.2,3.8,衛生福利部食品藥物管理署 台灣食品成分資料庫(食品營養成分資料庫)開放資料; 下載自 https://data.fda.gov.tw/data/opendata/export/20/csv (政府資料開放平臺 data.gov.tw dataset id 8543 / TFDA opendata InfoId=20); 查詢頁 https://consumer.fda.gov.tw/Food/TFND.aspx?nodeID=178 ; 整合編號=E1200101 (樣品基本資料)
蔬菜類,茭白筍,"茭白,茭筍,茭草,水筍,腳白筍,加白筍,菰,菰菜,菰筍,菰蔣"," Water bamboo, ",E1300101,20.0,1.3,0.2,4.0,衛生福利部食品藥物管理署 台灣食品成分資料庫(食品營養成分資料庫)開放資料; 下載自 https://data.fda.gov.tw/data/opendata/export/20/csv (政府資料開放平臺 data.gov.tw dataset id 8543 / TFDA opendata InfoId=20); 查詢頁 https://consumer.fda.gov.tw/Food/TFND.aspx?nodeID=178 ; 整合編號=E1300101 (樣品基本資料)
蔬菜類,玉米筍,"番麥筍,珍珠筍",Baby corn,E1300201,33.0,1.8,0.2,7.0,衛生福利部食品藥物管理署 台灣食品成分資料庫(食品營養成分資料庫)開放資料; 下載自 https://data.fda.gov.tw/data/opendata/export/20/csv (政府資料開放平臺 data.gov.tw dataset id 8543 / TFDA opendata InfoId=20); 查詢頁 https://consumer.fda.gov.tw/Food/TFND.aspx?nodeID=178 ; 整合編號=E1300201 (樣品基本資料)
蔬菜類,麻竹筍,"蔴竹,甜竹,巨竹,坭竹,大綠竹,瓦坭竹,巨麻竹,美濃麻竹,吊絲麻竹",Bamboo shoot; Bamboo sprout; Ma bamboo,E1400101,22.0,1.4,0.1,4.4,衛生福利部食品藥物管理署 台灣食品成分資料庫(食品營養成分資料庫)開放資料; 下載自 https://data.fda.gov.tw/data/opendata/export/20/csv (政府資料開放平臺 data.gov.tw dataset id 8543 / TFDA opendata InfoId=20); 查詢頁 https://consumer.fda.gov.tw/Food/TFND.aspx?nodeID=178 ; 整合編號=E1400101 (樣品基本資料)
蔬菜類,冷凍麻竹筍,"蔴竹,甜竹,巨竹,坭竹,大綠竹,瓦坭竹,巨麻竹,美濃麻竹,吊絲麻竹",Bamboo shoot: frozen; Bamboo sprout: frozen,E1400201,17.0,0.9,0.0,3.8,衛生福利部食品藥物管理署 台灣食品成分資料庫(食品營養成分資料庫)開放資料; 下載自 https://data.fda.gov.tw/data/opendata/export/20/csv (政府資料開放平臺 data.gov.tw dataset id 8543 / TFDA opendata InfoId=20); 查詢頁 https://consumer.fda.gov.tw/Food/TFND.aspx?nodeID=178 ; 整合編號=E1400201 (樣品基本資料)
蔬菜類,綠竹筍,"甜竹,甜竹筍,綠仔筍,綠仔笋,綠竹笋",Bamboo shoot; Bamboo sprout; Green bamboo,E1500101,25.0,1.7,0.2,4.7,衛生福利部食品藥物管理署 台灣食品成分資料庫(食品營養成分資料庫)開放資料; 下載自 https://data.fda.gov.tw/data/opendata/export/20/csv (政府資料開放平臺 data.gov.tw dataset id 8543 / TFDA opendata InfoId=20); 查詢頁 https://consumer.fda.gov.tw/Food/TFND.aspx?nodeID=178 ; 整合編號=E1500101 (樣品基本資料)
蔬菜類,帶殼熟綠竹筍,"甜竹,甜竹筍,綠仔筍,綠仔笋,綠竹笋",Bamboo shoot; Bamboo sprout; Green bamboo,E1500201,25.0,2.0,0.1,4.9,衛生福利部食品藥物管理署 台灣食品成分資料庫(食品營養成分資料庫)開放資料; 下載自 https://data.fda.gov.tw/data/opendata/export/20/csv (政府資料開放平臺 data.gov.tw dataset id 8543 / TFDA opendata InfoId=20); 查詢頁 https://consumer.fda.gov.tw/Food/TFND.aspx?nodeID=178 ; 整合編號=E1500201 (樣品基本資料)
蔬菜類,沙拉筍塊,涼筍,,E1500301,24.0,1.6,0.1,4.8,衛生福利部食品藥物管理署 台灣食品成分資料庫(食品營養成分資料庫)開放資料; 下載自 https://data.fda.gov.tw/data/opendata/export/20/csv (政府資料開放平臺 data.gov.tw dataset id 8543 / TFDA opendata InfoId=20); 查詢頁 https://consumer.fda.gov.tw/Food/TFND.aspx?nodeID=178 ; 整合編號=E1500301 (樣品基本資料)
蔬菜類,熟箭竹筍,"箭筍,台灣箭竹,矢竹仔,玉山箭竹","Kunishi cane, Usawa cane:cooked",E1600101,20.0,2.1,0.3,2.9,衛生福利部食品藥物管理署 台灣食品成分資料庫(食品營養成分資料庫)開放資料; 下載自 https://data.fda.gov.tw/data/opendata/export/20/csv (政府資料開放平臺 data.gov.tw dataset id 8543 / TFDA opendata InfoId=20); 查詢頁 https://consumer.fda.gov.tw/Food/TFND.aspx?nodeID=178 ; 整合編號=E1600101 (樣品基本資料)
蔬菜類,白蘆筍,"野天門冬,松葉土當歸,石刁柏,龍鬚菜",Asparagus,E1700101,25.0,1.8,0.2,4.9,衛生福利部食品藥物管理署 台灣食品成分資料庫(食品營養成分資料庫)開放資料; 下載自 https://data.fda.gov.tw/data/opendata/export/20/csv (政府資料開放平臺 data.gov.tw dataset id 8543 / TFDA opendata InfoId=20); 查詢頁 https://consumer.fda.gov.tw/Food/TFND.aspx?nodeID=178 ; 整合編號=E1700101 (樣品基本資料)
蔬菜類,綠蘆筍平均值,"野天門冬,松葉土當歸,石刁柏,龍鬚菜","Asparagus, Spargel, Asperge, Gardon asparagus",E17002,22.0,2.7,0.2,3.5,衛生福利部食品藥物管理署 台灣食品成分資料庫(食品營養成分資料庫)開放資料; 下載自 https://data.fda.gov.tw/data/opendata/export/20/csv (政府資料開放平臺 data.gov.tw dataset id 8543 / TFDA opendata InfoId=20); 查詢頁 https://consumer.fda.gov.tw/Food/TFND.aspx?nodeID=178 ; 整合編號=E17002 (樣品平均值)
蔬菜類,綠蘆筍,"野天門冬,松葉土當歸,石刁柏,龍鬚菜",Asparagus,E1700201,22.0,1.3,0.2,4.5,衛生福利部食品藥物管理署 台灣食品成分資料庫(食品營養成分資料庫)開放資料; 下載自 https://data.fda.gov.tw/data/opendata/export/20/csv (政府資料開放平臺 data.gov.tw dataset id 8543 / TFDA opendata InfoId=20); 查詢頁 https://consumer.fda.gov.tw/Food/TFND.aspx?nodeID=178 ; 整合編號=E1700201 (樣品基本資料)
蔬菜類,澳洲綠蘆筍(粗短型),"野天門冬,松葉土當歸,石刁柏,龍鬚菜",Asparagus,E1700202,20.0,2.5,0.2,3.1,衛生福利部食品藥物管理署 台灣食品成分資料庫(食品營養成分資料庫)開放資料; 下載自 https://data.fda.gov.tw/data/opendata/export/20/csv (政府資料開放平臺 data.gov.tw dataset id 8543 / TFDA opendata InfoId=20); 查詢頁 https://consumer.fda.gov.tw/Food/TFND.aspx?nodeID=178 ; 整合編號=E1700202 (樣品基本資料)
蔬菜類,綠蘆筍(細短型),"野天門冬,松葉土當歸,石刁柏,龍鬚菜",Asparagus,E1700203,23.0,3.3,0.2,3.2,衛生福利部食品藥物管理署 台灣食品成分資料庫(食品營養成分資料庫)開放資料; 下載自 https://data.fda.gov.tw/data/opendata/export/20/csv (政府資料開放平臺 data.gov.tw dataset id 8543 / TFDA opendata InfoId=20); 查詢頁 https://consumer.fda.gov.tw/Food/TFND.aspx?nodeID=178 ; 整合編號=E1700203 (樣品基本資料)
蔬菜類,綠蘆筍(短型),"野天門冬,松葉土當歸,石刁柏,龍鬚菜",,E1700204,22.0,3.5,0.1,3.0,衛生福利部食品藥物管理署 台灣食品成分資料庫(食品營養成分資料庫)開放資料; 下載自 https://data.fda.gov.tw/data/opendata/export/20/csv (政府資料開放平臺 data.gov.tw dataset id 8543 / TFDA opendata InfoId=20); 查詢頁 https://consumer.fda.gov.tw/Food/TFND.aspx?nodeID=178 ; 整合編號=E1700204 (樣品基本資料)
蔬菜類,蘆筍花,,,E1700301,21.0,2.9,0.3,2.7,衛生福利部食品藥物管理署 台灣食品成分資料庫(食品營養成分資料庫)開放資料; 下載自 https://data.fda.gov.tw/data/opendata/export/20/csv (政府資料開放平臺 data.gov.tw dataset id 8543 / TFDA opendata InfoId=20); 查詢頁 https://consumer.fda.gov.tw/Food/TFND.aspx?nodeID=178 ; 整合編號=E1700301 (樣品基本資料)
蔬菜類,嫩莖萵苣,"鵝菜心,莖用萵苣,萵(鵝)仔菜心,大心萵(媚)仔菜,萵苣筍(莖),妹仔菜筍,",Stem lettuce; Asparagus lettuce,E1800101,16.0,1.0,0.2,3.1,衛生福利部食品藥物管理署 台灣食品成分資料庫(食品營養成分資料庫)開放資料; 下載自 https://data.fda.gov.tw/data/opendata/export/20/csv (政府資料開放平臺 data.gov.tw dataset id 8543 / TFDA opendata InfoId=20); 查詢頁 https://consumer.fda.gov.tw/Food/TFND.aspx?nodeID=178 ; 整合編號=E1800101 (樣品基本資料)
蔬菜類,嫩薑,"薑仔,生薑,生姜,羌,蘘荷,茗荷,甘露子,紫薑",Ginger,E1900101,21.0,0.0,0.3,4.8,衛生福利部食品藥物管理署 台灣食品成分資料庫(食品營養成分資料庫)開放資料; 下載自 https://data.fda.gov.tw/data/opendata/export/20/csv (政府資料開放平臺 data.gov.tw dataset id 8543 / TFDA opendata InfoId=20); 查詢頁 https://consumer.fda.gov.tw/Food/TFND.aspx?nodeID=178 ; 整合編號=E1900101 (樣品基本資料)
蔬菜類,粉薑,"薑仔,生薑,生姜,羌,蘘荷,茗荷,甘露子,紫薑",Ginger,E1900102,28.0,1.0,0.3,6.1,衛生福利部食品藥物管理署 台灣食品成分資料庫(食品營養成分資料庫)開放資料; 下載自 https://data.fda.gov.tw/data/opendata/export/20/csv (政府資料開放平臺 data.gov.tw dataset id 8543 / TFDA opendata InfoId=20); 查詢頁 https://consumer.fda.gov.tw/Food/TFND.aspx?nodeID=178 ; 整合編號=E1900102 (樣品基本資料)
蔬菜類,老薑,"薑仔,生薑,生姜,羌,蘘荷,茗荷,甘露子,紫薑",Ginger,E1900103,53.0,1.1,0.5,11.7,衛生福利部食品藥物管理署 台灣食品成分資料庫(食品營養成分資料庫)開放資料; 下載自 https://data.fda.gov.tw/data/opendata/export/20/csv (政府資料開放平臺 data.gov.tw dataset id 8543 / TFDA opendata InfoId=20); 查詢頁 https://consumer.fda.gov.tw/Food/TFND.aspx?nodeID=178 ; 整合編號=E1900103 (樣品基本資料)
蔬菜類,檳榔嫩莖,"半天筍,檳榔樹心",Betel-nut stem,E2000101,31.0,2.2,0.4,5.6,衛生福利部食品藥物管理署 台灣食品成分資料庫(食品營養成分資料庫)開放資料; 下載自 https://data.fda.gov.tw/data/opendata/export/20/csv (政府資料開放平臺 data.gov.tw dataset id 8543 / TFDA opendata InfoId=20); 查詢頁 https://consumer.fda.gov.tw/Food/TFND.aspx?nodeID=178 ; 整合編號=E2000101 (樣品基本資料)
蔬菜類,大蒜,"蒜頭,大蒜頭,蒜球,蒜瓣,蒜仔頭",Garlic,E2100101,122.0,6.7,0.2,26.4,衛生福利部食品藥物管理署 台灣食品成分資料庫(食品營養成分資料庫)開放資料; 下載自 https://data.fda.gov.tw/data/opendata/export/20/csv (政府資料開放平臺 data.gov.tw dataset id 8543 / TFDA opendata InfoId=20); 查詢頁 https://consumer.fda.gov.tw/Food/TFND.aspx?nodeID=178 ; 整合編號=E2100101 (樣品基本資料)
蔬菜類,青蒜,"蒜仔,葫,胡蒜,洋蒜,韭蔥",Garlic,E2100201,33.0,2.1,0.3,6.4,衛生福利部食品藥物管理署 台灣食品成分資料庫(食品營養成分資料庫)開放資料; 下載自 https://data.fda.gov.tw/data/opendata/export/20/csv (政府資料開放平臺 data.gov.tw dataset id 8543 / TFDA opendata InfoId=20); 查詢頁 https://consumer.fda.gov.tw/Food/TFND.aspx?nodeID=178 ; 整合編號=E2100201 (樣品基本資料)
蔬菜類,蒜苗,蒜黃,,E2100301,54.0,2.2,0.1,12.0,衛生福利部食品藥物管理署 台灣食品成分資料庫(食品營養成分資料庫)開放資料; 下載自 https://data.fda.gov.tw/data/opendata/export/20/csv (政府資料開放平臺 data.gov.tw dataset id 8543 / TFDA opendata InfoId=20); 查詢頁 https://consumer.fda.gov.tw/Food/TFND.aspx?nodeID=178 ; 整合編號=E2100301 (樣品基本資料)
蔬菜類,青蔥平均值,,"Welsh onion, Bunching onion, Green onion",E23001,31.0,1.3,0.2,6.6,衛生福利部食品藥物管理署 台灣食品成分資料庫(食品營養成分資料庫)開放資料; 下載自 https://data.fda.gov.tw/data/opendata/export/20/csv (政府資料開放平臺 data.gov.tw dataset id 8543 / TFDA opendata InfoId=20); 查詢頁 https://consumer.fda.gov.tw/Food/TFND.aspx?nodeID=178 ; 整合編號=E23001 (樣品平均值)
蔬菜類,青蔥(有機),"蔥,葉蔥,蔥仔","Welsh onion, Bunching onion, Green onion",E2300101,31.0,1.1,0.2,6.8,衛生福利部食品藥物管理署 台灣食品成分資料庫(食品營養成分資料庫)開放資料; 下載自 https://data.fda.gov.tw/data/opendata/export/20/csv (政府資料開放平臺 data.gov.tw dataset id 8543 / TFDA opendata InfoId=20); 查詢頁 https://consumer.fda.gov.tw/Food/TFND.aspx?nodeID=178 ; 整合編號=E2300101 (樣品基本資料)
蔬菜類,山東大蔥,"蔥,大蔥,葉蔥,蔥仔,水蔥,漢蔥","Welsh onion, Bunching onion, Green onion",E2300102,31.0,1.3,0.1,6.7,衛生福利部食品藥物管理署 台灣食品成分資料庫(食品營養成分資料庫)開放資料; 下載自 https://data.fda.gov.tw/data/opendata/export/20/csv (政府資料開放平臺 data.gov.tw dataset id 8543 / TFDA opendata InfoId=20); 查詢頁 https://consumer.fda.gov.tw/Food/TFND.aspx?nodeID=178 ; 整合編號=E2300102 (樣品基本資料)
蔬菜類,日本甜蔥,"蔥,大蔥,葉蔥,蔥仔,水蔥,漢蔥","Welsh onion, Bunching onion, Green onion",E2300103,33.0,1.0,0.1,7.6,衛生福利部食品藥物管理署 台灣食品成分資料庫(食品營養成分資料庫)開放資料; 下載自 https://data.fda.gov.tw/data/opendata/export/20/csv (政府資料開放平臺 data.gov.tw dataset id 8543 / TFDA opendata InfoId=20); 查詢頁 https://consumer.fda.gov.tw/Food/TFND.aspx?nodeID=178 ; 整合編號=E2300103 (樣品基本資料)
蔬菜類,宜蘭粉蔥,"蔥,葉蔥,蔥仔,水蔥,漢蔥","Welsh onion, Bunching onion, Green onion",E2300104,27.0,1.6,0.2,5.4,衛生福利部食品藥物管理署 台灣食品成分資料庫(食品營養成分資料庫)開放資料; 下載自 https://data.fda.gov.tw/data/opendata/export/20/csv (政府資料開放平臺 data.gov.tw dataset id 8543 / TFDA opendata InfoId=20); 查詢頁 https://consumer.fda.gov.tw/Food/TFND.aspx?nodeID=178 ; 整合編號=E2300104 (樣品基本資料)
蔬菜類,白洋蔥,"玉蔥,蔥頭,球蔥,胡蔥,日本蔥頭,大粒蔥頭,洋蔥頭,大蔥頭",Onion,E2400101,42.0,1.0,0.1,10.0,衛生福利部食品藥物管理署 台灣食品成分資料庫(食品營養成分資料庫)開放資料; 下載自 https://data.fda.gov.tw/data/opendata/export/20/csv (政府資料開放平臺 data.gov.tw dataset id 8543 / TFDA opendata InfoId=20); 查詢頁 https://consumer.fda.gov.tw/Food/TFND.aspx?nodeID=178 ; 整合編號=E2400101 (樣品基本資料)
蔬菜類,紫洋蔥,"玉蔥,蔥頭,球蔥,胡蔥,日本蔥頭,大粒蔥頭,洋蔥頭,大蔥頭",Onion,E2400201,32.0,0.9,0.1,7.3,衛生福利部食品藥物管理署 台灣食品成分資料庫(食品營養成分資料庫)開放資料; 下載自 https://data.fda.gov.tw/data/opendata/export/20/csv (政府資料開放平臺 data.gov.tw dataset id 8543 / TFDA opendata InfoId=20); 查詢頁 https://consumer.fda.gov.tw/Food/TFND.aspx?nodeID=178 ; 整合編號=E2400201 (樣品基本資料)
蔬菜類,黃洋蔥,"玉蔥,蔥頭,球蔥,胡蔥,日本蔥頭,大粒蔥頭,洋蔥頭,大蔥頭",Onion,E2400301,42.0,1.0,0.2,9.5,衛生福利部食品藥物管理署 台灣食品成分資料庫(食品營養成分資料庫)開放資料; 下載自 https://data.fda.gov.tw/data/opendata/export/20/csv (政府資料開放平臺 data.gov.tw dataset id 8543 / TFDA opendata InfoId=20); 查詢頁 https://consumer.fda.gov.tw/Food/TFND.aspx?nodeID=178 ; 整合編號=E2400301 (樣品基本資料)
蔬菜類,紅蔥頭,"油蔥頭,珠蔥頭,分蔥頭,大頭蔥頭,四季蔥頭",Shallot,E2500101,75.0,3.4,0.3,16.4,衛生福利部食品藥物管理署 台灣食品成分資料庫(食品營養成分資料庫)開放資料; 下載自 https://data.fda.gov.tw/data/opendata/export/20/csv (政府資料開放平臺 data.gov.tw dataset id 8543 / TFDA opendata InfoId=20); 查詢頁 https://consumer.fda.gov.tw/Food/TFND.aspx?nodeID=178 ; 整合編號=E2500101 (樣品基本資料)
蔬菜類,韮菜花,"花韮菜,韮花,韭菜苔(韮/韭通用)",Chinese chive flower; Chinese leek flower,E2600101,28.0,1.8,0.2,5.6,衛生福利部食品藥物管理署 台灣食品成分資料庫(食品營養成分資料庫)開放資料; 下載自 https://data.fda.gov.tw/data/opendata/export/20/csv (政府資料開放平臺 data.gov.tw dataset id 8543 / TFDA opendata InfoId=20); 查詢頁 https://consumer.fda.gov.tw/Food/TFND.aspx?nodeID=178 ; 整合編號=E2600101 (樣品基本資料)
蔬菜類,韮菜,"韮,塊莖蒜,起陽草(韮/韭通用)",Chinese chive; Chinese leek,E2600201,23.0,1.9,0.4,3.9,衛生福利部食品藥物管理署 台灣食品成分資料庫(食品營養成分資料庫)開放資料; 下載自 https://data.fda.gov.tw/data/opendata/export/20/csv (政府資料開放平臺 data.gov.tw dataset id 8543 / TFDA opendata InfoId=20); 查詢頁 https://consumer.fda.gov.tw/Food/TFND.aspx?nodeID=178 ; 整合編號=E2600201 (樣品基本資料)
蔬菜類,韮黃,"韮黃,黃韮菜,白韮菜,軟化韮菜(韮/韭通用)",Etiolated Chinese chive; Etiolated Chinese leek,E2600301,16.0,1.5,0.1,2.9,衛生福利部食品藥物管理署 台灣食品成分資料庫(食品營養成分資料庫)開放資料; 下載自 https://data.fda.gov.tw/data/opendata/export/20/csv (政府資料開放平臺 data.gov.tw dataset id 8543 / TFDA opendata InfoId=20); 查詢頁 https://consumer.fda.gov.tw/Food/TFND.aspx?nodeID=178 ; 整合編號=E2600301 (樣品基本資料)
蔬菜類,九層塔,"千層塔,羅勒,家佩蘭,零陵菜,香菜(草),薰草,西王母菜,塞香菜,光明子,醒頭香",Basil; Common basil; Sweet basil,E2700101,27.0,2.9,0.3,4.4,衛生福利部食品藥物管理署 台灣食品成分資料庫(食品營養成分資料庫)開放資料; 下載自 https://data.fda.gov.tw/data/opendata/export/20/csv (政府資料開放平臺 data.gov.tw dataset id 8543 / TFDA opendata InfoId=20); 查詢頁 https://consumer.fda.gov.tw/Food/TFND.aspx?nodeID=178 ; 整合編號=E2700101 (樣品基本資料)
蔬菜類,小麥苗,,,E2800101,34.0,3.3,0.5,5.5,衛生福利部食品藥物管理署 台灣食品成分資料庫(食品營養成分資料庫)開放資料; 下載自 https://data.fda.gov.tw/data/opendata/export/20/csv (政府資料開放平臺 data.gov.tw dataset id 8543 / TFDA opendata InfoId=20); 查詢頁 https://consumer.fda.gov.tw/Food/TFND.aspx?nodeID=178 ; 整合編號=E2800101 (樣品基本資料)
蔬菜類,水菜(日本種),,Mizuna,E2900101,11.0,1.2,0.2,1.6,衛生福利部食品藥物管理署 台灣食品成分資料庫(食品營養成分資料庫)開放資料; 下載自 https://data.fda.gov.tw/data/opendata/export/20/csv (政府資料開放平臺 data.gov.tw dataset id 8543 / TFDA opendata InfoId=20); 查詢頁 https://consumer.fda.gov.tw/Food/TFND.aspx?nodeID=178 ; 整合編號=E2900101 (樣品基本資料)
蔬菜類,甘藍平均值,"高麗菜,包菜,洋白菜,玻璃菜,玉菜,捲心菜,球葉甘藍,結球甘藍,蕃芥藍",Cabbage; White cabbage,E30001,23.0,1.3,0.1,4.8,衛生福利部食品藥物管理署 台灣食品成分資料庫(食品營養成分資料庫)開放資料; 下載自 https://data.fda.gov.tw/data/opendata/export/20/csv (政府資料開放平臺 data.gov.tw dataset id 8543 / TFDA opendata InfoId=20); 查詢頁 https://consumer.fda.gov.tw/Food/TFND.aspx?nodeID=178 ; 整合編號=E30001 (樣品平均值)
蔬菜類,梨山甘藍(尖球形),"高麗菜,包菜,洋白菜,玻璃菜,玉菜,捲心菜,球葉甘藍,結球甘藍,蕃芥藍",Cabbage; White cabbage,E3000101,24.0,1.4,0.1,5.1,衛生福利部食品藥物管理署 台灣食品成分資料庫(食品營養成分資料庫)開放資料; 下載自 https://data.fda.gov.tw/data/opendata/export/20/csv (政府資料開放平臺 data.gov.tw dataset id 8543 / TFDA opendata InfoId=20); 查詢頁 https://consumer.fda.gov.tw/Food/TFND.aspx?nodeID=178 ; 整合編號=E3000101 (樣品基本資料)
蔬菜類,甘藍(扁圓形),"高麗菜,包菜,洋白菜,玻璃菜,玉菜,捲心菜,球葉甘藍,結球甘藍,蕃芥藍",Cabbage; White cabbage,E3000102,21.0,1.1,0.2,4.3,衛生福利部食品藥物管理署 台灣食品成分資料庫(食品營養成分資料庫)開放資料; 下載自 https://data.fda.gov.tw/data/opendata/export/20/csv (政府資料開放平臺 data.gov.tw dataset id 8543 / TFDA opendata InfoId=20); 查詢頁 https://consumer.fda.gov.tw/Food/TFND.aspx?nodeID=178 ; 整合編號=E3000102 (樣品基本資料)
蔬菜類,甘藍(圓球形),"高麗菜,包菜,洋白菜,玻璃菜,玉菜,捲心菜,球葉甘藍,結球甘藍,蕃芥藍",Cabbage; White cabbage,E3000103,24.0,1.4,0.2,4.9,衛生福利部食品藥物管理署 台灣食品成分資料庫(食品營養成分資料庫)開放資料; 下載自 https://data.fda.gov.tw/data/opendata/export/20/csv (政府資料開放平臺 data.gov.tw dataset id 8543 / TFDA opendata InfoId=20); 查詢頁 https://consumer.fda.gov.tw/Food/TFND.aspx?nodeID=178 ; 整合編號=E3000103 (樣品基本資料)
蔬菜類,甘藍(圓球形)(2021年取樣),高麗菜,Cabbage,E3000104,20.0,0.8,0.0,4.6,衛生福利部食品藥物管理署 台灣食品成分資料庫(食品營養成分資料庫)開放資料; 下載自 https://data.fda.gov.tw/data/opendata/export/20/csv (政府資料開放平臺 data.gov.tw dataset id 8543 / TFDA opendata InfoId=20); 查詢頁 https://consumer.fda.gov.tw/Food/TFND.aspx?nodeID=178 ; 整合編號=E3000104 (樣品基本資料)
蔬菜類,紫色甘藍,"紫甘藍,紫色高麗菜,紅色高麗菜,紅玻璃菜,紅玉菜",Purple cabbage; Red cabbage,E3000201,28.0,1.5,0.2,5.9,衛生福利部食品藥物管理署 台灣食品成分資料庫(食品營養成分資料庫)開放資料; 下載自 https://data.fda.gov.tw/data/opendata/export/20/csv (政府資料開放平臺 data.gov.tw dataset id 8543 / TFDA opendata InfoId=20); 查詢頁 https://consumer.fda.gov.tw/Food/TFND.aspx?nodeID=178 ; 整合編號=E3000201 (樣品基本資料)
蔬菜類,甘藍芽,高麗菜芽,,E3000301,33.0,2.7,0.6,5.4,衛生福利部食品藥物管理署 台灣食品成分資料庫(食品營養成分資料庫)開放資料; 下載自 https://data.fda.gov.tw/data/opendata/export/20/csv (政府資料開放平臺 data.gov.tw dataset id 8543 / TFDA opendata InfoId=20); 查詢頁 https://consumer.fda.gov.tw/Food/TFND.aspx?nodeID=178 ; 整合編號=E3000301 (樣品基本資料)
蔬菜類,冷凍甘藍,"高麗菜,包菜,洋白菜,玻璃菜,玉菜,捲心菜,球葉甘藍,結球甘藍,蕃芥藍",Cabbage: frozen,E3000401,20.0,1.3,0.1,4.2,衛生福利部食品藥物管理署 台灣食品成分資料庫(食品營養成分資料庫)開放資料; 下載自 https://data.fda.gov.tw/data/opendata/export/20/csv (政府資料開放平臺 data.gov.tw dataset id 8543 / TFDA opendata InfoId=20); 查詢頁 https://consumer.fda.gov.tw/Food/TFND.aspx?nodeID=178 ; 整合編號=E3000401 (樣品基本資料)
蔬菜類,羽衣甘藍(有機),,Kale,E3000501,35.0,3.0,0.9,5.1,衛生福利部食品藥物管理署 台灣食品成分資料庫(食品營養成分資料庫)開放資料; 下載自 https://data.fda.gov.tw/data/opendata/export/20/csv (政府資料開放平臺 data.gov.tw dataset id 8543 / TFDA opendata InfoId=20); 查詢頁 https://consumer.fda.gov.tw/Food/TFND.aspx?nodeID=178 ; 整合編號=E3000501 (樣品基本資料)
蔬菜類,脫水甘藍,,,E3010101,341.0,6.9,0.1,82.6,衛生福利部食品藥物管理署 台灣食品成分資料庫(食品營養成分資料庫)開放資料; 下載自 https://data.fda.gov.tw/data/opendata/export/20/csv (政府資料開放平臺 data.gov.tw dataset id 8543 / TFDA opendata InfoId=20); 查詢頁 https://consumer.fda.gov.tw/Food/TFND.aspx?nodeID=178 ; 整合編號=E3010101 (樣品基本資料)
蔬菜類,甘藷葉,"地瓜葉,番藷葉,過溝菜(藷同薯)",Sweet potato vine,E3100101,28.0,3.2,0.3,4.4,衛生福利部食品藥物管理署 台灣食品成分資料庫(食品營養成分資料庫)開放資料; 下載自 https://data.fda.gov.tw/data/opendata/export/20/csv (政府資料開放平臺 data.gov.tw dataset id 8543 / TFDA opendata InfoId=20); 查詢頁 https://consumer.fda.gov.tw/Food/TFND.aspx?nodeID=178 ; 整合編號=E3100101 (樣品基本資料)
蔬菜類,蚵仔白菜(2022年取樣),"白菜,青菜,散葉白菜,無心菜,菘,不結球白菜,尼龍白菜,皺(碎/曲)葉白菜,皺葉中蕓苔",Chinese mustard; Chinese cabbage,E3200102,13.0,1.4,0.3,1.8,衛生福利部食品藥物管理署 台灣食品成分資料庫(食品營養成分資料庫)開放資料; 下載自 https://data.fda.gov.tw/data/opendata/export/20/csv (政府資料開放平臺 data.gov.tw dataset id 8543 / TFDA opendata InfoId=20); 查詢頁 https://consumer.fda.gov.tw/Food/TFND.aspx?nodeID=178 ; 整合編號=E3200102 (樣品基本資料)
蔬菜類,荷葉白菜,"白菜,青菜,散葉白菜,無心菜,菘,不結球白菜",Chinese mustard; Chinese cabbage,E3200201,14.0,1.4,0.1,2.5,衛生福利部食品藥物管理署 台灣食品成分資料庫(食品營養成分資料庫)開放資料; 下載自 https://data.fda.gov.tw/data/opendata/export/20/csv (政府資料開放平臺 data.gov.tw dataset id 8543 / TFDA opendata InfoId=20); 查詢頁 https://consumer.fda.gov.tw/Food/TFND.aspx?nodeID=178 ; 整合編號=E3200201 (樣品基本資料)
蔬菜類,葵扇白菜,"白菜,青菜,散葉白菜,無心菜,菘,不結球白菜,江戶(門)白菜,黑葉白菜,扇子白菜,黑芥菜,排菜",Chinese mustard; Chinese cabbage,E3200301,14.0,1.6,0.1,2.4,衛生福利部食品藥物管理署 台灣食品成分資料庫(食品營養成分資料庫)開放資料; 下載自 https://data.fda.gov.tw/data/opendata/export/20/csv (政府資料開放平臺 data.gov.tw dataset id 8543 / TFDA opendata InfoId=20); 查詢頁 https://consumer.fda.gov.tw/Food/TFND.aspx?nodeID=178 ; 整合編號=E3200301 (樣品基本資料)
蔬菜類,黑葉白菜(短梗),"白菜,青菜,散葉白菜,無心菜,菘,不結球白菜",Chinese mustard; Chinese cabbage,E3200401,15.0,1.3,0.0,2.9,衛生福利部食品藥物管理署 台灣食品成分資料庫(食品營養成分資料庫)開放資料; 下載自 https://data.fda.gov.tw/data/opendata/export/20/csv (政府資料開放平臺 data.gov.tw dataset id 8543 / TFDA opendata InfoId=20); 查詢頁 https://consumer.fda.gov.tw/Food/TFND.aspx?nodeID=178 ; 整合編號=E3200401 (樣品基本資料)
蔬菜類,千寶菜,,Winter mustard,E3200501,20.0,1.7,0.2,3.6,衛生福利部食品藥物管理署 台灣食品成分資料庫(食品營養成分資料庫)開放資料; 下載自 https://data.fda.gov.tw/data/opendata/export/20/csv (政府資料開放平臺 data.gov.tw dataset id 8543 / TFDA opendata InfoId=20); 查詢頁 https://consumer.fda.gov.tw/Food/TFND.aspx?nodeID=178 ; 整合編號=E3200501 (樣品基本資料)
蔬菜類,小白菜(土植)(1月取樣),"土白菜,青菜,白菜,不結球白菜,水白菜",Pak-choi,E3200601,10.0,1.2,0.2,1.5,衛生福利部食品藥物管理署 台灣食品成分資料庫(食品營養成分資料庫)開放資料; 下載自 https://data.fda.gov.tw/data/opendata/export/20/csv (政府資料開放平臺 data.gov.tw dataset id 8543 / TFDA opendata InfoId=20); 查詢頁 https://consumer.fda.gov.tw/Food/TFND.aspx?nodeID=178 ; 整合編號=E3200601 (樣品基本資料)
蔬菜類,小白菜(土植)(3月取樣),"土白菜,青菜,白菜,不結球白菜,水白菜",Pak-choi,E3200602,14.0,1.2,0.1,2.4,衛生福利部食品藥物管理署 台灣食品成分資料庫(食品營養成分資料庫)開放資料; 下載自 https://data.fda.gov.tw/data/opendata/export/20/csv (政府資料開放平臺 data.gov.tw dataset id 8543 / TFDA opendata InfoId=20); 查詢頁 https://consumer.fda.gov.tw/Food/TFND.aspx?nodeID=178 ; 整合編號=E3200602 (樣品基本資料)
蔬菜類,小白菜(土植)(4月取樣),"土白菜,青菜,白菜,不結球白菜,水白菜","Pak-choi, ",E3200603,13.0,1.1,0.2,2.2,衛生福利部食品藥物管理署 台灣食品成分資料庫(食品營養成分資料庫)開放資料; 下載自 https://data.fda.gov.tw/data/opendata/export/20/csv (政府資料開放平臺 data.gov.tw dataset id 8543 / TFDA opendata InfoId=20); 查詢頁 https://consumer.fda.gov.tw/Food/TFND.aspx?nodeID=178 ; 整合編號=E3200603 (樣品基本資料)
蔬菜類,小白菜(土植)(7月取樣),"土白菜,青菜,白菜,不結球白菜,水白菜","Pak-choi, ",E3200604,10.0,1.0,0.1,1.8,衛生福利部食品藥物管理署 台灣食品成分資料庫(食品營養成分資料庫)開放資料; 下載自 https://data.fda.gov.tw/data/opendata/export/20/csv (政府資料開放平臺 data.gov.tw dataset id 8543 / TFDA opendata InfoId=20); 查詢頁 https://consumer.fda.gov.tw/Food/TFND.aspx?nodeID=178 ; 整合編號=E3200604 (樣品基本資料)
蔬菜類,小白菜(土植)(10月取樣),"土白菜,青菜,白菜,不結球白菜,水白菜","Pak-choi, ",E3200605,11.0,1.1,0.2,1.7,衛生福利部食品藥物管理署 台灣食品成分資料庫(食品營養成分資料庫)開放資料; 下載自 https://data.fda.gov.tw/data/opendata/export/20/csv (政府資料開放平臺 data.gov.tw dataset id 8543 / TFDA opendata InfoId=20); 查詢頁 https://consumer.fda.gov.tw/Food/TFND.aspx?nodeID=178 ; 整合編號=E3200605 (樣品基本資料)
蔬菜類,小白菜(水耕)(1月取樣),"土白菜,青菜,白菜,不結球白菜,水白菜","Pak-choi, ",E3200701,13.0,1.5,0.1,2.1,衛生福利部食品藥物管理署 台灣食品成分資料庫(食品營養成分資料庫)開放資料; 下載自 https://data.fda.gov.tw/data/opendata/export/20/csv (政府資料開放平臺 data.gov.tw dataset id 8543 / TFDA opendata InfoId=20); 查詢頁 https://consumer.fda.gov.tw/Food/TFND.aspx?nodeID=178 ; 整合編號=E3200701 (樣品基本資料)
蔬菜類,小白菜(水耕)(4月取樣),"土白菜,青菜,白菜,不結球白菜,水白菜","Pak-choi, ",E3200702,13.0,1.0,0.2,2.4,衛生福利部食品藥物管理署 台灣食品成分資料庫(食品營養成分資料庫)開放資料; 下載自 https://data.fda.gov.tw/data/opendata/export/20/csv (政府資料開放平臺 data.gov.tw dataset id 8543 / TFDA opendata InfoId=20); 查詢頁 https://consumer.fda.gov.tw/Food/TFND.aspx?nodeID=178 ; 整合編號=E3200702 (樣品基本資料)
蔬菜類,小白菜(水耕)(7月取樣),"土白菜,青菜,白菜,不結球白菜,水白菜","Pak-choi, ",E3200703,12.0,0.9,0.1,2.4,衛生福利部食品藥物管理署 台灣食品成分資料庫(食品營養成分資料庫)開放資料; 下載自 https://data.fda.gov.tw/data/opendata/export/20/csv (政府資料開放平臺 data.gov.tw dataset id 8543 / TFDA opendata InfoId=20); 查詢頁 https://consumer.fda.gov.tw/Food/TFND.aspx?nodeID=178 ; 整合編號=E3200703 (樣品基本資料)
蔬菜類,小白菜(水耕)(10月取樣),"土白菜,青菜,白菜,不結球白菜,水白菜","Pak-choi, ",E3200704,12.0,1.1,0.3,1.8,衛生福利部食品藥物管理署 台灣食品成分資料庫(食品營養成分資料庫)開放資料; 下載自 https://data.fda.gov.tw/data/opendata/export/20/csv (政府資料開放平臺 data.gov.tw dataset id 8543 / TFDA opendata InfoId=20); 查詢頁 https://consumer.fda.gov.tw/Food/TFND.aspx?nodeID=178 ; 整合編號=E3200704 (樣品基本資料)
蔬菜類,小白菜(有機)(1月取樣),"土白菜,青菜,白菜,不結球白菜,水白菜",Pak-choi:organic,E3200801,9.0,1.8,0.2,0.8,衛生福利部食品藥物管理署 台灣食品成分資料庫(食品營養成分資料庫)開放資料; 下載自 https://data.fda.gov.tw/data/opendata/export/20/csv (政府資料開放平臺 data.gov.tw dataset id 8543 / TFDA opendata InfoId=20); 查詢頁 https://consumer.fda.gov.tw/Food/TFND.aspx?nodeID=178 ; 整合編號=E3200801 (樣品基本資料)
蔬菜類,小白菜(有機)(4月取樣),"土白菜,青菜,白菜,不結球白菜,水白菜",Pak-choi:organic,E3200802,14.0,1.3,0.2,2.4,衛生福利部食品藥物管理署 台灣食品成分資料庫(食品營養成分資料庫)開放資料; 下載自 https://data.fda.gov.tw/data/opendata/export/20/csv (政府資料開放平臺 data.gov.tw dataset id 8543 / TFDA opendata InfoId=20); 查詢頁 https://consumer.fda.gov.tw/Food/TFND.aspx?nodeID=178 ; 整合編號=E3200802 (樣品基本資料)
蔬菜類,小白菜(有機)(7月取樣),"土白菜,青菜,白菜,不結球白菜,水白菜",Pak-choi:organic,E3200803,11.0,1.3,0.1,1.7,衛生福利部食品藥物管理署 台灣食品成分資料庫(食品營養成分資料庫)開放資料; 下載自 https://data.fda.gov.tw/data/opendata/export/20/csv (政府資料開放平臺 data.gov.tw dataset id 8543 / TFDA opendata InfoId=20); 查詢頁 https://consumer.fda.gov.tw/Food/TFND.aspx?nodeID=178 ; 整合編號=E3200803 (樣品基本資料)
蔬菜類,小白菜(有機)(10月取樣),"土白菜,青菜,白菜,不結球白菜,水白菜",Pak-choi:organic,E3200804,13.0,1.3,0.2,1.9,衛生福利部食品藥物管理署 台灣食品成分資料庫(食品營養成分資料庫)開放資料; 下載自 https://data.fda.gov.tw/data/opendata/export/20/csv (政府資料開放平臺 data.gov.tw dataset id 8543 / TFDA opendata InfoId=20); 查詢頁 https://consumer.fda.gov.tw/Food/TFND.aspx?nodeID=178 ; 整合編號=E3200804 (樣品基本資料)
蔬菜類,珍珠小白菜,珍珠白菜,Pak-choi,E3200901,11.0,1.5,0.1,1.7,衛生福利部食品藥物管理署 台灣食品成分資料庫(食品營養成分資料庫)開放資料; 下載自 https://data.fda.gov.tw/data/opendata/export/20/csv (政府資料開放平臺 data.gov.tw dataset id 8543 / TFDA opendata InfoId=20); 查詢頁 https://consumer.fda.gov.tw/Food/TFND.aspx?nodeID=178 ; 整合編號=E3200901 (樣品基本資料)
蔬菜類,油菜心,,,E3201001,31.0,3.2,0.9,4.0,衛生福利部食品藥物管理署 台灣食品成分資料庫(食品營養成分資料庫)開放資料; 下載自 https://data.fda.gov.tw/data/opendata/export/20/csv (政府資料開放平臺 data.gov.tw dataset id 8543 / TFDA opendata InfoId=20); 查詢頁 https://consumer.fda.gov.tw/Food/TFND.aspx?nodeID=178 ; 整合編號=E3201001 (樣品基本資料)
蔬菜類,油菜(有機),蕓苔,Edible Rape; cole ,E3201101,13.0,1.3,0.1,2.2,衛生福利部食品藥物管理署 台灣食品成分資料庫(食品營養成分資料庫)開放資料; 下載自 https://data.fda.gov.tw/data/opendata/export/20/csv (政府資料開放平臺 data.gov.tw dataset id 8543 / TFDA opendata InfoId=20); 查詢頁 https://consumer.fda.gov.tw/Food/TFND.aspx?nodeID=178 ; 整合編號=E3201101 (樣品基本資料)
蔬菜類,青江菜(土植)(1月取樣),"江門白菜, 湯匙菜,青梗白菜","Pak-choi , Chinese mustard",E3201201,10.0,1.3,0.0,1.6,衛生福利部食品藥物管理署 台灣食品成分資料庫(食品營養成分資料庫)開放資料; 下載自 https://data.fda.gov.tw/data/opendata/export/20/csv (政府資料開放平臺 data.gov.tw dataset id 8543 / TFDA opendata InfoId=20); 查詢頁 https://consumer.fda.gov.tw/Food/TFND.aspx?nodeID=178 ; 整合編號=E3201201 (樣品基本資料)
蔬菜類,青江菜(土植)(3月取樣),"江門白菜 ,湯匙菜,青梗白菜","Pak-choi , Chinese mustard",E3201202,13.0,1.2,0.1,2.2,衛生福利部食品藥物管理署 台灣食品成分資料庫(食品營養成分資料庫)開放資料; 下載自 https://data.fda.gov.tw/data/opendata/export/20/csv (政府資料開放平臺 data.gov.tw dataset id 8543 / TFDA opendata InfoId=20); 查詢頁 https://consumer.fda.gov.tw/Food/TFND.aspx?nodeID=178 ; 整合編號=E3201202 (樣品基本資料)
蔬菜類,青江菜(土植)(4月取樣),"江門白菜, 湯匙菜,青梗白菜","Pak-choi , Chinese mustard",E3201203,11.0,1.0,0.1,1.8,衛生福利部食品藥物管理署 台灣食品成分資料庫(食品營養成分資料庫)開放資料; 下載自 https://data.fda.gov.tw/data/opendata/export/20/csv (政府資料開放平臺 data.gov.tw dataset id 8543 / TFDA opendata InfoId=20); 查詢頁 https://consumer.fda.gov.tw/Food/TFND.aspx?nodeID=178 ; 整合編號=E3201203 (樣品基本資料)
蔬菜類,青江菜(土植)(7月取樣),"江門白菜,湯匙菜,青梗白菜","Pak-choi , Chinese mustard",E3201204,15.0,1.5,0.1,2.5,衛生福利部食品藥物管理署 台灣食品成分資料庫(食品營養成分資料庫)開放資料; 下載自 https://data.fda.gov.tw/data/opendata/export/20/csv (政府資料開放平臺 data.gov.tw dataset id 8543 / TFDA opendata InfoId=20); 查詢頁 https://consumer.fda.gov.tw/Food/TFND.aspx?nodeID=178 ; 整合編號=E3201204 (樣品基本資料)
蔬菜類,青江菜(土植)(10月取樣),"江門白菜, 湯匙菜,青梗白菜","Pak-choi , Chinese mustard",E3201205,18.0,1.7,0.1,3.4,衛生福利部食品藥物管理署 台灣食品成分資料庫(食品營養成分資料庫)開放資料; 下載自 https://data.fda.gov.tw/data/opendata/export/20/csv (政府資料開放平臺 data.gov.tw dataset id 8543 / TFDA opendata InfoId=20); 查詢頁 https://consumer.fda.gov.tw/Food/TFND.aspx?nodeID=178 ; 整合編號=E3201205 (樣品基本資料)
蔬菜類,青江菜(水耕)(1月取樣),"江門白菜 ,湯匙菜,青梗白菜","Pak-choi,Chinese mustard",E3201301,12.0,1.2,0.0,2.4,衛生福利部食品藥物管理署 台灣食品成分資料庫(食品營養成分資料庫)開放資料; 下載自 https://data.fda.gov.tw/data/opendata/export/20/csv (政府資料開放平臺 data.gov.tw dataset id 8543 / TFDA opendata InfoId=20); 查詢頁 https://consumer.fda.gov.tw/Food/TFND.aspx?nodeID=178 ; 整合編號=E3201301 (樣品基本資料)
蔬菜類,青江菜(水耕)(4月取樣),"江門白菜 , 湯匙菜,青梗白菜","Pak-choi, Chinese mustard",E3201302,14.0,1.4,0.2,2.4,衛生福利部食品藥物管理署 台灣食品成分資料庫(食品營養成分資料庫)開放資料; 下載自 https://data.fda.gov.tw/data/opendata/export/20/csv (政府資料開放平臺 data.gov.tw dataset id 8543 / TFDA opendata InfoId=20); 查詢頁 https://consumer.fda.gov.tw/Food/TFND.aspx?nodeID=178 ; 整合編號=E3201302 (樣品基本資料)
蔬菜類,青江菜(水耕)(7月取樣),"江門白菜 ,湯匙菜,青梗白菜","Pak-choi ,Chinese mustard",E3201303,14.0,1.7,0.1,2.2,衛生福利部食品藥物管理署 台灣食品成分資料庫(食品營養成分資料庫)開放資料; 下載自 https://data.fda.gov.tw/data/opendata/export/20/csv (政府資料開放平臺 data.gov.tw dataset id 8543 / TFDA opendata InfoId=20); 查詢頁 https://consumer.fda.gov.tw/Food/TFND.aspx?nodeID=178 ; 整合編號=E3201303 (樣品基本資料)
蔬菜類,青江菜(水耕)(10月取樣),"江門白菜 ,湯匙菜,青梗白菜","Pak-choi , Chinese mustard",E3201304,11.0,1.4,0.2,1.4,衛生福利部食品藥物管理署 台灣食品成分資料庫(食品營養成分資料庫)開放資料; 下載自 https://data.fda.gov.tw/data/opendata/export/20/csv (政府資料開放平臺 data.gov.tw dataset id 8543 / TFDA opendata InfoId=20); 查詢頁 https://consumer.fda.gov.tw/Food/TFND.aspx?nodeID=178 ; 整合編號=E3201304 (樣品基本資料)
蔬菜類,青江菜(有機)(1月取樣),"江門白菜,湯匙菜,青梗白菜","Pak-choi ,Chinese Mustard:organic",E3201401,10.0,1.5,0.0,1.5,衛生福利部食品藥物管理署 台灣食品成分資料庫(食品營養成分資料庫)開放資料; 下載自 https://data.fda.gov.tw/data/opendata/export/20/csv (政府資料開放平臺 data.gov.tw dataset id 8543 / TFDA opendata InfoId=20); 查詢頁 https://consumer.fda.gov.tw/Food/TFND.aspx?nodeID=178 ; 整合編號=E3201401 (樣品基本資料)
蔬菜類,青江菜(有機)(4月取樣),"江門白菜 ,湯匙菜,青梗白菜","Pak-choi ,Chinese Mustard:organic",E3201402,15.0,1.4,0.2,2.5,衛生福利部食品藥物管理署 台灣食品成分資料庫(食品營養成分資料庫)開放資料; 下載自 https://data.fda.gov.tw/data/opendata/export/20/csv (政府資料開放平臺 data.gov.tw dataset id 8543 / TFDA opendata InfoId=20); 查詢頁 https://consumer.fda.gov.tw/Food/TFND.aspx?nodeID=178 ; 整合編號=E3201402 (樣品基本資料)
蔬菜類,青江菜(有機)(7月取樣),"江門白菜 ,湯匙菜,青梗白菜","Pak-choi ,Chinese Mustard:organic",E3201403,21.0,1.9,0.2,3.5,衛生福利部食品藥物管理署 台灣食品成分資料庫(食品營養成分資料庫)開放資料; 下載自 https://data.fda.gov.tw/data/opendata/export/20/csv (政府資料開放平臺 data.gov.tw dataset id 8543 / TFDA opendata InfoId=20); 查詢頁 https://consumer.fda.gov.tw/Food/TFND.aspx?nodeID=178 ; 整合編號=E3201403 (樣品基本資料)
蔬菜類,青江菜(有機)(10月取樣),"江門白菜 , 湯匙菜,青梗白菜","Pak-choi ,Chinese Mustard:organic",E3201404,15.0,1.6,0.1,2.7,衛生福利部食品藥物管理署 台灣食品成分資料庫(食品營養成分資料庫)開放資料; 下載自 https://data.fda.gov.tw/data/opendata/export/20/csv (政府資料開放平臺 data.gov.tw dataset id 8543 / TFDA opendata InfoId=20); 查詢頁 https://consumer.fda.gov.tw/Food/TFND.aspx?nodeID=178 ; 整合編號=E3201404 (樣品基本資料)
蔬菜類,塔菇菜(有機),塌棵菜；塔菜；瓢兒芥,"Chinese savoy, Chinese flat cabbage",E3201501,14.0,1.9,0.0,2.3,衛生福利部食品藥物管理署 台灣食品成分資料庫(食品營養成分資料庫)開放資料; 下載自 https://data.fda.gov.tw/data/opendata/export/20/csv (政府資料開放平臺 data.gov.tw dataset id 8543 / TFDA opendata InfoId=20); 查詢頁 https://consumer.fda.gov.tw/Food/TFND.aspx?nodeID=178 ; 整合編號=E3201501 (樣品基本資料)
蔬菜類,廣島野菜,廣島菜,,E3201601,16.0,1.7,0.0,2.9,衛生福利部食品藥物管理署 台灣食品成分資料庫(食品營養成分資料庫)開放資料; 下載自 https://data.fda.gov.tw/data/opendata/export/20/csv (政府資料開放平臺 data.gov.tw dataset id 8543 / TFDA opendata InfoId=20); 查詢頁 https://consumer.fda.gov.tw/Food/TFND.aspx?nodeID=178 ; 整合編號=E3201601 (樣品基本資料)
蔬菜類,日本油菜(有機),"鶯菜,小松菜",komutsuna,E3201701,20.0,1.5,0.4,3.3,衛生福利部食品藥物管理署 台灣食品成分資料庫(食品營養成分資料庫)開放資料; 下載自 https://data.fda.gov.tw/data/opendata/export/20/csv (政府資料開放平臺 data.gov.tw dataset id 8543 / TFDA opendata InfoId=20); 查詢頁 https://consumer.fda.gov.tw/Food/TFND.aspx?nodeID=178 ; 整合編號=E3201701 (樣品基本資料)
蔬菜類,結球白菜平均值,"大白菜,黃芽菜,包心白菜,卷心白菜,山東白菜,結球白菜","Chinese cabbage, Celery cabbage",E33001,17.0,1.2,0.3,2.9,衛生福利部食品藥物管理署 台灣食品成分資料庫(食品營養成分資料庫)開放資料; 下載自 https://data.fda.gov.tw/data/opendata/export/20/csv (政府資料開放平臺 data.gov.tw dataset id 8543 / TFDA opendata InfoId=20); 查詢頁 https://consumer.fda.gov.tw/Food/TFND.aspx?nodeID=178 ; 整合編號=E33001 (樣品平均值)
蔬菜類,煙台白菜,"大白菜,黃芽菜,包心白菜,卷心白菜,山東白菜,結球白菜(包頭蓮)","Chinese cabbage, ",E3300101,14.0,1.3,0.3,2.2,衛生福利部食品藥物管理署 台灣食品成分資料庫(食品營養成分資料庫)開放資料; 下載自 https://data.fda.gov.tw/data/opendata/export/20/csv (政府資料開放平臺 data.gov.tw dataset id 8543 / TFDA opendata InfoId=20); 查詢頁 https://consumer.fda.gov.tw/Food/TFND.aspx?nodeID=178 ; 整合編號=E3300101 (樣品基本資料)
蔬菜類,迷你竹筍白菜,"大白菜,黃芽菜,包心白菜,卷心白菜,山東白菜,結球白菜",Chinese cabbage,E3300102,19.0,1.3,0.1,3.8,衛生福利部食品藥物管理署 台灣食品成分資料庫(食品營養成分資料庫)開放資料; 下載自 https://data.fda.gov.tw/data/opendata/export/20/csv (政府資料開放平臺 data.gov.tw dataset id 8543 / TFDA opendata InfoId=20); 查詢頁 https://consumer.fda.gov.tw/Food/TFND.aspx?nodeID=178 ; 整合編號=E3300102 (樣品基本資料)
蔬菜類,翠玉白菜,"天津白菜,直筒白菜,長筒白菜,竹筒白菜","Chinese cabbage, ",E3300103,19.0,1.0,0.7,2.8,衛生福利部食品藥物管理署 台灣食品成分資料庫(食品營養成分資料庫)開放資料; 下載自 https://data.fda.gov.tw/data/opendata/export/20/csv (政府資料開放平臺 data.gov.tw dataset id 8543 / TFDA opendata InfoId=20); 查詢頁 https://consumer.fda.gov.tw/Food/TFND.aspx?nodeID=178 ; 整合編號=E3300103 (樣品基本資料)
蔬菜類,包心白菜,"大白菜,黃芽菜,包心白菜,卷心白菜,山東白菜,結球白菜","Chinese cabbage, ",E3300104,14.0,1.2,0.1,2.6,衛生福利部食品藥物管理署 台灣食品成分資料庫(食品營養成分資料庫)開放資料; 下載自 https://data.fda.gov.tw/data/opendata/export/20/csv (政府資料開放平臺 data.gov.tw dataset id 8543 / TFDA opendata InfoId=20); 查詢頁 https://consumer.fda.gov.tw/Food/TFND.aspx?nodeID=178 ; 整合編號=E3300104 (樣品基本資料)
蔬菜類,白菜芽,娃娃菜,,E3300201,21.0,3.1,0.1,3.2,衛生福利部食品藥物管理署 台灣食品成分資料庫(食品營養成分資料庫)開放資料; 下載自 https://data.fda.gov.tw/data/opendata/export/20/csv (政府資料開放平臺 data.gov.tw dataset id 8543 / TFDA opendata InfoId=20); 查詢頁 https://consumer.fda.gov.tw/Food/TFND.aspx?nodeID=178 ; 整合編號=E3300201 (樣品基本資料)
蔬菜類,白鳳菜,白蓊菜,Edible Gynura,E3400101,27.0,2.0,0.4,4.8,衛生福利部食品藥物管理署 台灣食品成分資料庫(食品營養成分資料庫)開放資料; 下載自 https://data.fda.gov.tw/data/opendata/export/20/csv (政府資料開放平臺 data.gov.tw dataset id 8543 / TFDA opendata InfoId=20); 查詢頁 https://consumer.fda.gov.tw/Food/TFND.aspx?nodeID=178 ; 整合編號=E3400101 (樣品基本資料)
蔬菜類,紅鳳菜,"紅蓊菜,紅菜,紅葉,紫背天葵,雙色三七草,天青地紅,地黃菜,腳目草",Edible Gynura,E3400201,22.0,2.1,0.4,3.5,衛生福利部食品藥物管理署 台灣食品成分資料庫(食品營養成分資料庫)開放資料; 下載自 https://data.fda.gov.tw/data/opendata/export/20/csv (政府資料開放平臺 data.gov.tw dataset id 8543 / TFDA opendata InfoId=20); 查詢頁 https://consumer.fda.gov.tw/Food/TFND.aspx?nodeID=178 ; 整合編號=E3400201 (樣品基本資料)
蔬菜類,豆瓣菜,"西洋菜,水芥(田/應/蕹)菜,無心芥(菜),廣東芥菜,微子蔊菜,風花菜,水生山葵菜,麥藍菜,角菜",Watercress,E3500101,21.0,2.2,0.3,3.2,衛生福利部食品藥物管理署 台灣食品成分資料庫(食品營養成分資料庫)開放資料; 下載自 https://data.fda.gov.tw/data/opendata/export/20/csv (政府資料開放平臺 data.gov.tw dataset id 8543 / TFDA opendata InfoId=20); 查詢頁 https://consumer.fda.gov.tw/Food/TFND.aspx?nodeID=178 ; 整合編號=E3500101 (樣品基本資料)
蔬菜類,明日葉,"鹹草,明日草,長壽草,八丈草,還陽草,珍立草,海峰人參,天賜草",,E3600101,57.0,1.4,0.8,11.9,衛生福利部食品藥物管理署 台灣食品成分資料庫(食品營養成分資料庫)開放資料; 下載自 https://data.fda.gov.tw/data/opendata/export/20/csv (政府資料開放平臺 data.gov.tw dataset id 8543 / TFDA opendata InfoId=20); 查詢頁 https://consumer.fda.gov.tw/Food/TFND.aspx?nodeID=178 ; 整合編號=E3600101 (樣品基本資料)
蔬菜類,山芹菜,"鴨兒芹,三葉芹,三葉山芹菜","Japanese parsley, Japanese honewort, Shaddock",E3700101,28.0,2.1,0.3,5.2,衛生福利部食品藥物管理署 台灣食品成分資料庫(食品營養成分資料庫)開放資料; 下載自 https://data.fda.gov.tw/data/opendata/export/20/csv (政府資料開放平臺 data.gov.tw dataset id 8543 / TFDA opendata InfoId=20); 查詢頁 https://consumer.fda.gov.tw/Food/TFND.aspx?nodeID=178 ; 整合編號=E3700101 (樣品基本資料)
蔬菜類,芹菜平均值,"旱芹,藥芹,洋芹,白芹,塘蒿,和蘭鴨兒芹",Celery,E37002,15.0,0.8,0.1,3.1,衛生福利部食品藥物管理署 台灣食品成分資料庫(食品營養成分資料庫)開放資料; 下載自 https://data.fda.gov.tw/data/opendata/export/20/csv (政府資料開放平臺 data.gov.tw dataset id 8543 / TFDA opendata InfoId=20); 查詢頁 https://consumer.fda.gov.tw/Food/TFND.aspx?nodeID=178 ; 整合編號=E37002 (樣品平均值)
蔬菜類,芹菜(青梗),"旱芹,藥芹,洋芹,白芹,塘蒿,和蘭鴨兒芹",Celery,E3700201,12.0,0.8,0.1,2.4,衛生福利部食品藥物管理署 台灣食品成分資料庫(食品營養成分資料庫)開放資料; 下載自 https://data.fda.gov.tw/data/opendata/export/20/csv (政府資料開放平臺 data.gov.tw dataset id 8543 / TFDA opendata InfoId=20); 查詢頁 https://consumer.fda.gov.tw/Food/TFND.aspx?nodeID=178 ; 整合編號=E3700201 (樣品基本資料)
蔬菜類,芹菜,"旱芹,藥芹,洋芹,白芹,塘蒿,和蘭鴨兒芹",Celery,E3700202,18.0,0.8,0.2,3.8,衛生福利部食品藥物管理署 台灣食品成分資料庫(食品營養成分資料庫)開放資料; 下載自 https://data.fda.gov.tw/data/opendata/export/20/csv (政府資料開放平臺 data.gov.tw dataset id 8543 / TFDA opendata InfoId=20); 查詢頁 https://consumer.fda.gov.tw/Food/TFND.aspx?nodeID=178 ; 整合編號=E3700202 (樣品基本資料)
蔬菜類,西洋芹菜,"美國芹菜,洋芹菜,金白芹菜,巨無霸芹菜",Celery; American celery; Celeriac,E3700301,11.0,0.4,0.2,2.2,衛生福利部食品藥物管理署 台灣食品成分資料庫(食品營養成分資料庫)開放資料; 下載自 https://data.fda.gov.tw/data/opendata/export/20/csv (政府資料開放平臺 data.gov.tw dataset id 8543 / TFDA opendata InfoId=20); 查詢頁 https://consumer.fda.gov.tw/Food/TFND.aspx?nodeID=178 ; 整合編號=E3700301 (樣品基本資料)
蔬菜類,大心芥菜,"大心菜,菜心,大骨芥菜,大莖菜",Big stem mustard,E3800101,13.0,1.0,0.0,2.5,衛生福利部食品藥物管理署 台灣食品成分資料庫(食品營養成分資料庫)開放資料; 下載自 https://data.fda.gov.tw/data/opendata/export/20/csv (政府資料開放平臺 data.gov.tw dataset id 8543 / TFDA opendata InfoId=20); 查詢頁 https://consumer.fda.gov.tw/Food/TFND.aspx?nodeID=178 ; 整合編號=E3800101 (樣品基本資料)
蔬菜類,大芥菜,"芥菜,大心芥菜,大葉芥菜,長年菜,孤腰菜",Chinese mustard; Leaf mustard; Mustard,E3800201,19.0,0.8,0.5,3.4,衛生福利部食品藥物管理署 台灣食品成分資料庫(食品營養成分資料庫)開放資料; 下載自 https://data.fda.gov.tw/data/opendata/export/20/csv (政府資料開放平臺 data.gov.tw dataset id 8543 / TFDA opendata InfoId=20); 查詢頁 https://consumer.fda.gov.tw/Food/TFND.aspx?nodeID=178 ; 整合編號=E3800201 (樣品基本資料)
蔬菜類,包心芥菜,"包心刈菜,捲心芥菜",Leaf mustard,E3800301,17.0,1.0,0.5,2.7,衛生福利部食品藥物管理署 台灣食品成分資料庫(食品營養成分資料庫)開放資料; 下載自 https://data.fda.gov.tw/data/opendata/export/20/csv (政府資料開放平臺 data.gov.tw dataset id 8543 / TFDA opendata InfoId=20); 查詢頁 https://consumer.fda.gov.tw/Food/TFND.aspx?nodeID=178 ; 整合編號=E3800301 (樣品基本資料)
蔬菜類,芥菜平均值,"刈菜,大菜,芥葉菜,雞冠菜,孤腰菜",Mustard green,E38004,19.0,1.5,0.2,3.5,衛生福利部食品藥物管理署 台灣食品成分資料庫(食品營養成分資料庫)開放資料; 下載自 https://data.fda.gov.tw/data/opendata/export/20/csv (政府資料開放平臺 data.gov.tw dataset id 8543 / TFDA opendata InfoId=20); 查詢頁 https://consumer.fda.gov.tw/Food/TFND.aspx?nodeID=178 ; 整合編號=E38004 (樣品平均值)
蔬菜類,芥菜,"刈菜,大菜,芥葉菜,雞冠菜,孤腰菜",Mustard green,E3800401,18.0,1.6,0.1,3.2,衛生福利部食品藥物管理署 台灣食品成分資料庫(食品營養成分資料庫)開放資料; 下載自 https://data.fda.gov.tw/data/opendata/export/20/csv (政府資料開放平臺 data.gov.tw dataset id 8543 / TFDA opendata InfoId=20); 查詢頁 https://consumer.fda.gov.tw/Food/TFND.aspx?nodeID=178 ; 整合編號=E3800401 (樣品基本資料)
蔬菜類,雪裡蕻,"雪裡(裏)紅,雪菜,多葉藺蕓苔,千筋葉菜,春不老",Leaf mustard,E3800402,20.0,1.5,0.2,3.8,衛生福利部食品藥物管理署 台灣食品成分資料庫(食品營養成分資料庫)開放資料; 下載自 https://data.fda.gov.tw/data/opendata/export/20/csv (政府資料開放平臺 data.gov.tw dataset id 8543 / TFDA opendata InfoId=20); 查詢頁 https://consumer.fda.gov.tw/Food/TFND.aspx?nodeID=178 ; 整合編號=E3800402 (樣品基本資料)
蔬菜類,抱子芥菜,娃娃菜,Brassica juncea var.,E3800501,21.0,2.1,0.1,3.8,衛生福利部食品藥物管理署 台灣食品成分資料庫(食品營養成分資料庫)開放資料; 下載自 https://data.fda.gov.tw/data/opendata/export/20/csv (政府資料開放平臺 data.gov.tw dataset id 8543 / TFDA opendata InfoId=20); 查詢頁 https://consumer.fda.gov.tw/Food/TFND.aspx?nodeID=178 ; 整合編號=E3800501 (樣品基本資料)
蔬菜類,芥藍菜,"芥蘭菜,格藍菜,綠葉甘藍,佛光菜,隔暝仔菜",Chinese kale,E3900101,20.0,1.7,0.3,3.2,衛生福利部食品藥物管理署 台灣食品成分資料庫(食品營養成分資料庫)開放資料; 下載自 https://data.fda.gov.tw/data/opendata/export/20/csv (政府資料開放平臺 data.gov.tw dataset id 8543 / TFDA opendata InfoId=20); 查詢頁 https://consumer.fda.gov.tw/Food/TFND.aspx?nodeID=178 ; 整合編號=E3900101 (樣品基本資料)
蔬菜類,芥藍芽,"菜嬰,格藍菜嬰",,E3900201,26.0,2.2,0.3,4.5,衛生福利部食品藥物管理署 台灣食品成分資料庫(食品營養成分資料庫)開放資料; 下載自 https://data.fda.gov.tw/data/opendata/export/20/csv (政府資料開放平臺 data.gov.tw dataset id 8543 / TFDA opendata InfoId=20); 查詢頁 https://consumer.fda.gov.tw/Food/TFND.aspx?nodeID=178 ; 整合編號=E3900201 (樣品基本資料)
蔬菜類,芫荽,"香菜,香荽,胡荽,蒝荽,芫蓑,松鬚菜",Chinese parsley,E4000101,26.0,2.3,0.3,4.5,衛生福利部食品藥物管理署 台灣食品成分資料庫(食品營養成分資料庫)開放資料; 下載自 https://data.fda.gov.tw/data/opendata/export/20/csv (政府資料開放平臺 data.gov.tw dataset id 8543 / TFDA opendata InfoId=20); 查詢頁 https://consumer.fda.gov.tw/Food/TFND.aspx?nodeID=178 ; 整合編號=E4000101 (樣品基本資料)
蔬菜類,紅梗珍珠菜,"角菜,香芹(甜)菜,山芹菜,甜菜,乳白艾,香甜菜,納艾香",Lysimachia fortunei Maxim.,E4100101,37.0,2.6,1.0,5.6,衛生福利部食品藥物管理署 台灣食品成分資料庫(食品營養成分資料庫)開放資料; 下載自 https://data.fda.gov.tw/data/opendata/export/20/csv (政府資料開放平臺 data.gov.tw dataset id 8543 / TFDA opendata InfoId=20); 查詢頁 https://consumer.fda.gov.tw/Food/TFND.aspx?nodeID=178 ; 整合編號=E4100101 (樣品基本資料)
蔬菜類,食茱萸,"刺楤,紅刺楤,刺江某,越椒,艾子,茱萸,刺公牡",Fagara ailanthoides Engl. Zanthoxylum ailanthoides S. et Z.,E4200101,127.0,11.9,0.3,23.8,衛生福利部食品藥物管理署 台灣食品成分資料庫(食品營養成分資料庫)開放資料; 下載自 https://data.fda.gov.tw/data/opendata/export/20/csv (政府資料開放平臺 data.gov.tw dataset id 8543 / TFDA opendata InfoId=20); 查詢頁 https://consumer.fda.gov.tw/Food/TFND.aspx?nodeID=178 ; 整合編號=E4200101 (樣品基本資料)
蔬菜類,香樁,"椿,紅椿(樹),椿樹,杶,春芽(陽)樹,椿樗,櫄,虎目樹,大眼桐,栲,大紅椿樹",,E4300101,99.0,4.3,1.5,19.4,衛生福利部食品藥物管理署 台灣食品成分資料庫(食品營養成分資料庫)開放資料; 下載自 https://data.fda.gov.tw/data/opendata/export/20/csv (政府資料開放平臺 data.gov.tw dataset id 8543 / TFDA opendata InfoId=20); 查詢頁 https://consumer.fda.gov.tw/Food/TFND.aspx?nodeID=178 ; 整合編號=E4300101 (樣品基本資料)
蔬菜類,茴香,"蘹香,小茴香,茴香子,臭蒝荽,客人蒝荽,香絲菜,茴香八角珠,蒝荽",Fennel,E4400101,24.0,2.2,0.2,4.1,衛生福利部食品藥物管理署 台灣食品成分資料庫(食品營養成分資料庫)開放資料; 下載自 https://data.fda.gov.tw/data/opendata/export/20/csv (政府資料開放平臺 data.gov.tw dataset id 8543 / TFDA opendata InfoId=20); 查詢頁 https://consumer.fda.gov.tw/Food/TFND.aspx?nodeID=178 ; 整合編號=E4400101 (樣品基本資料)
蔬菜類,馬齒莧,"豬母乳(菜/草),寶釧菜,長命菜,荷蘭菜,馬尺莧,瓜子菜,五行(才)草,馬子菜,地馬菜,醬瓣頭草",Purslane,E4500101,14.0,1.2,0.4,1.9,衛生福利部食品藥物管理署 台灣食品成分資料庫(食品營養成分資料庫)開放資料; 下載自 https://data.fda.gov.tw/data/opendata/export/20/csv (政府資料開放平臺 data.gov.tw dataset id 8543 / TFDA opendata InfoId=20); 查詢頁 https://consumer.fda.gov.tw/Food/TFND.aspx?nodeID=178 ; 整合編號=E4500101 (樣品基本資料)
蔬菜類,茼蒿,"茼蒿菜,春菊,打某(妻)菜,苳蒿菜,花冠菊,艾菜,蓬蒿,菊蒿菜,菊花菜,實盡菜",Garland Chrysanthemum,E4600101,16.0,1.7,0.3,2.2,衛生福利部食品藥物管理署 台灣食品成分資料庫(食品營養成分資料庫)開放資料; 下載自 https://data.fda.gov.tw/data/opendata/export/20/csv (政府資料開放平臺 data.gov.tw dataset id 8543 / TFDA opendata InfoId=20); 查詢頁 https://consumer.fda.gov.tw/Food/TFND.aspx?nodeID=178 ; 整合編號=E4600101 (樣品基本資料)
蔬菜類,日本茼蒿(有機),"春菊,山茼蒿,小葉茼蒿",Garland Chrysanthemum,E4600201,26.0,1.9,0.2,4.8,衛生福利部食品藥物管理署 台灣食品成分資料庫(食品營養成分資料庫)開放資料; 下載自 https://data.fda.gov.tw/data/opendata/export/20/csv (政府資料開放平臺 data.gov.tw dataset id 8543 / TFDA opendata InfoId=20); 查詢頁 https://consumer.fda.gov.tw/Food/TFND.aspx?nodeID=178 ; 整合編號=E4600201 (樣品基本資料)
蔬菜類,昭和草,"山茼蒿,野茼蒿,太子原,飛機草,神仙草",,E4600301,26.0,2.2,0.7,3.8,衛生福利部食品藥物管理署 台灣食品成分資料庫(食品營養成分資料庫)開放資料; 下載自 https://data.fda.gov.tw/data/opendata/export/20/csv (政府資料開放平臺 data.gov.tw dataset id 8543 / TFDA opendata InfoId=20); 查詢頁 https://consumer.fda.gov.tw/Food/TFND.aspx?nodeID=178 ; 整合編號=E4600301 (樣品基本資料)
蔬菜類,隼人瓜苗,"隼人瓜鬚,佛手瓜苗(鬚),香櫞瓜苗(鬚),梨瓜苗(鬚),番瓜鬚(龍鬚菜是誤用)",,E4700101,24.0,3.3,0.2,3.5,衛生福利部食品藥物管理署 台灣食品成分資料庫(食品營養成分資料庫)開放資料; 下載自 https://data.fda.gov.tw/data/opendata/export/20/csv (政府資料開放平臺 data.gov.tw dataset id 8543 / TFDA opendata InfoId=20); 查詢頁 https://consumer.fda.gov.tw/Food/TFND.aspx?nodeID=178 ; 整合編號=E4700101 (樣品基本資料)
蔬菜類,白莧菜,"杏菜,荇菜,莕菜,茵菜,白杏菜,白荇菜",Edible amaranth; Chinese amaranth ,E4800101,17.0,1.9,0.3,2.6,衛生福利部食品藥物管理署 台灣食品成分資料庫(食品營養成分資料庫)開放資料; 下載自 https://data.fda.gov.tw/data/opendata/export/20/csv (政府資料開放平臺 data.gov.tw dataset id 8543 / TFDA opendata InfoId=20); 查詢頁 https://consumer.fda.gov.tw/Food/TFND.aspx?nodeID=178 ; 整合編號=E4800101 (樣品基本資料)
蔬菜類,紅莧菜,"紅莧,虎菜,紅虎莧,赤莧,紅杏(荇)菜,赤杏菜,紫杏(莧)菜",Edible amaranth; Chinese amaranth ,E4800201,22.0,2.6,0.3,3.3,衛生福利部食品藥物管理署 台灣食品成分資料庫(食品營養成分資料庫)開放資料; 下載自 https://data.fda.gov.tw/data/opendata/export/20/csv (政府資料開放平臺 data.gov.tw dataset id 8543 / TFDA opendata InfoId=20); 查詢頁 https://consumer.fda.gov.tw/Food/TFND.aspx?nodeID=178 ; 整合編號=E4800201 (樣品基本資料)
蔬菜類,野莧菜,"野莧(杏),綠莧,豬莧,鳥仔莧(杏),假莧(杏)菜,山荇(杏,莧)菜,",Edible amaranth; Chinese amaranth ,E4800301,41.0,6.3,0.6,4.9,衛生福利部食品藥物管理署 台灣食品成分資料庫(食品營養成分資料庫)開放資料; 下載自 https://data.fda.gov.tw/data/opendata/export/20/csv (政府資料開放平臺 data.gov.tw dataset id 8543 / TFDA opendata InfoId=20); 查詢頁 https://consumer.fda.gov.tw/Food/TFND.aspx?nodeID=178 ; 整合編號=E4800301 (樣品基本資料)
蔬菜類,紫蘇,"蘇草,紅(赤/綠/青)紫蘇,桂荏",perilla,E4900101,71.0,5.5,1.2,11.9,衛生福利部食品藥物管理署 台灣食品成分資料庫(食品營養成分資料庫)開放資料; 下載自 https://data.fda.gov.tw/data/opendata/export/20/csv (政府資料開放平臺 data.gov.tw dataset id 8543 / TFDA opendata InfoId=20); 查詢頁 https://consumer.fda.gov.tw/Food/TFND.aspx?nodeID=178 ; 整合編號=E4900101 (樣品基本資料)
蔬菜類,菠菜,"菠菱菜,赤根菜,飛龍菜,角菜,波斯草,波斯菜,波菱菜",Spinach,E5000101,18.0,2.2,0.3,2.4,衛生福利部食品藥物管理署 台灣食品成分資料庫(食品營養成分資料庫)開放資料; 下載自 https://data.fda.gov.tw/data/opendata/export/20/csv (政府資料開放平臺 data.gov.tw dataset id 8543 / TFDA opendata InfoId=20); 查詢頁 https://consumer.fda.gov.tw/Food/TFND.aspx?nodeID=178 ; 整合編號=E5000101 (樣品基本資料)
蔬菜類,菠菜(葉)(有機),"菠菱菜,赤根菜,飛龍菜,角菜,波斯草,波斯菜,波菱菜",,E5000201,26.0,3.3,0.4,3.6,衛生福利部食品藥物管理署 台灣食品成分資料庫(食品營養成分資料庫)開放資料; 下載自 https://data.fda.gov.tw/data/opendata/export/20/csv (政府資料開放平臺 data.gov.tw dataset id 8543 / TFDA opendata InfoId=20); 查詢頁 https://consumer.fda.gov.tw/Food/TFND.aspx?nodeID=178 ; 整合編號=E5000201 (樣品基本資料)
蔬菜類,冷凍菠菜,"菠菱菜,赤根菜,飛龍菜,角菜,波斯草,波斯菜,波菱菜",Spinach: frozen,E5000301,17.0,2.1,0.0,2.9,衛生福利部食品藥物管理署 台灣食品成分資料庫(食品營養成分資料庫)開放資料; 下載自 https://data.fda.gov.tw/data/opendata/export/20/csv (政府資料開放平臺 data.gov.tw dataset id 8543 / TFDA opendata InfoId=20); 查詢頁 https://consumer.fda.gov.tw/Food/TFND.aspx?nodeID=178 ; 整合編號=E5000301 (樣品基本資料)
蔬菜類,菾菜,"葉用甜菜,莙薘菜,牛皮菜,豬乸菜",,E5100101,21.0,2.0,0.1,3.7,衛生福利部食品藥物管理署 台灣食品成分資料庫(食品營養成分資料庫)開放資料; 下載自 https://data.fda.gov.tw/data/opendata/export/20/csv (政府資料開放平臺 data.gov.tw dataset id 8543 / TFDA opendata InfoId=20); 查詢頁 https://consumer.fda.gov.tw/Food/TFND.aspx?nodeID=178 ; 整合編號=E5100101 (樣品基本資料)
蔬菜類,黃金菾菜,"黃金火焰菜,君達菜,甜菜",Garden Beet;Table Beet;Swiss Chard;Spinach Beet;Chard;White Beet,E5100201,18.0,2.4,0.2,2.6,衛生福利部食品藥物管理署 台灣食品成分資料庫(食品營養成分資料庫)開放資料; 下載自 https://data.fda.gov.tw/data/opendata/export/20/csv (政府資料開放平臺 data.gov.tw dataset id 8543 / TFDA opendata InfoId=20); 查詢頁 https://consumer.fda.gov.tw/Food/TFND.aspx?nodeID=178 ; 整合編號=E5100201 (樣品基本資料)
蔬菜類,落葵,"皇宮菜,蟳菜,胭(臙)脂菜,紅落葵,潺菜,蔠菜,藤葵,藤菜,天葵,御菜,牛皮凍",Malaber spinach; Ceylon spinach;malabar nightshade,E5200101,33.0,2.7,0.3,6.0,衛生福利部食品藥物管理署 台灣食品成分資料庫(食品營養成分資料庫)開放資料; 下載自 https://data.fda.gov.tw/data/opendata/export/20/csv (政府資料開放平臺 data.gov.tw dataset id 8543 / TFDA opendata InfoId=20); 查詢頁 https://consumer.fda.gov.tw/Food/TFND.aspx?nodeID=178 ; 整合編號=E5200101 (樣品基本資料)
蔬菜類,藤三七,"洋落葵,蔓安迪,落葵安迪,藤子三七,雲南白藥,小年藥,馬德拉藤,金錢珠,中枝蓮(習以川七誤稱)",Madeira vine,E5200201,21.0,1.6,0.5,3.2,衛生福利部食品藥物管理署 台灣食品成分資料庫(食品營養成分資料庫)開放資料; 下載自 https://data.fda.gov.tw/data/opendata/export/20/csv (政府資料開放平臺 data.gov.tw dataset id 8543 / TFDA opendata InfoId=20); 查詢頁 https://consumer.fda.gov.tw/Food/TFND.aspx?nodeID=178 ; 整合編號=E5200201 (樣品基本資料)
蔬菜類,不結球萵苣平均值,"葉萵苣,葉萵,萵仔菜,刈葉萵苣,生菜,妹(媚)仔菜,鵝仔菜(草),春不老,印度萵苣",Lettuce; (Chinese) Leaf lettuce; Gardon lettuce,E53001,16.0,1.1,0.3,2.8,衛生福利部食品藥物管理署 台灣食品成分資料庫(食品營養成分資料庫)開放資料; 下載自 https://data.fda.gov.tw/data/opendata/export/20/csv (政府資料開放平臺 data.gov.tw dataset id 8543 / TFDA opendata InfoId=20); 查詢頁 https://consumer.fda.gov.tw/Food/TFND.aspx?nodeID=178 ; 整合編號=E53001 (樣品平均值)
蔬菜類,奶油萵苣(日本種),"葉萵苣,葉萵,萵仔菜,刈葉萵苣,生菜,妹(媚)仔菜,鵝仔菜(草),春不老,印度萵苣",Lettuce; ,E5300101,16.0,1.1,0.3,2.6,衛生福利部食品藥物管理署 台灣食品成分資料庫(食品營養成分資料庫)開放資料; 下載自 https://data.fda.gov.tw/data/opendata/export/20/csv (政府資料開放平臺 data.gov.tw dataset id 8543 / TFDA opendata InfoId=20); 查詢頁 https://consumer.fda.gov.tw/Food/TFND.aspx?nodeID=178 ; 整合編號=E5300101 (樣品基本資料)
蔬菜類,紅葉萵苣(荷蘭種）,"彩葉萵苣,彩色媚仔菜,紅色萵苣菜,紅萵仔菜",Lettuce; ,E5300102,16.0,1.4,0.3,2.5,衛生福利部食品藥物管理署 台灣食品成分資料庫(食品營養成分資料庫)開放資料; 下載自 https://data.fda.gov.tw/data/opendata/export/20/csv (政府資料開放平臺 data.gov.tw dataset id 8543 / TFDA opendata InfoId=20); 查詢頁 https://consumer.fda.gov.tw/Food/TFND.aspx?nodeID=178 ; 整合編號=E5300102 (樣品基本資料)
蔬菜類,廣東萵苣,"皺葉萵苣,縮葉萵苣,皺萵仔菜,皺妹菜",Lettuce; ,E5300103,20.0,1.0,0.2,4.0,衛生福利部食品藥物管理署 台灣食品成分資料庫(食品營養成分資料庫)開放資料; 下載自 https://data.fda.gov.tw/data/opendata/export/20/csv (政府資料開放平臺 data.gov.tw dataset id 8543 / TFDA opendata InfoId=20); 查詢頁 https://consumer.fda.gov.tw/Food/TFND.aspx?nodeID=178 ; 整合編號=E5300103 (樣品基本資料)
蔬菜類,蘿美萵苣,"葉萵苣,葉萵,萵仔菜,刈葉萵苣,生菜,妹(媚)仔菜,鵝仔菜(草),春不老,印度萵苣(大陸妹)",romaine lettuce: organic,E5300104,13.0,1.0,0.2,2.3,衛生福利部食品藥物管理署 台灣食品成分資料庫(食品營養成分資料庫)開放資料; 下載自 https://data.fda.gov.tw/data/opendata/export/20/csv (政府資料開放平臺 data.gov.tw dataset id 8543 / TFDA opendata InfoId=20); 查詢頁 https://consumer.fda.gov.tw/Food/TFND.aspx?nodeID=178 ; 整合編號=E5300104 (樣品基本資料)
蔬菜類,本島萵苣(土植)(1月取樣),"葉萵苣,葉萵,萵仔菜,刈葉萵苣,生菜,妹(媚)仔菜,鵝仔菜(草),春不老,印度萵苣",Lettuce,E5300201,17.0,1.6,0.4,2.5,衛生福利部食品藥物管理署 台灣食品成分資料庫(食品營養成分資料庫)開放資料; 下載自 https://data.fda.gov.tw/data/opendata/export/20/csv (政府資料開放平臺 data.gov.tw dataset id 8543 / TFDA opendata InfoId=20); 查詢頁 https://consumer.fda.gov.tw/Food/TFND.aspx?nodeID=178 ; 整合編號=E5300201 (樣品基本資料)
蔬菜類,本島萵苣(土植)(3月取樣),"葉萵苣,葉萵,萵仔菜,刈葉萵苣,生菜,妹(媚)仔菜,鵝仔菜(草),春不老,印度萵苣",Lettuce,E5300202,18.0,0.3,0.3,3.8,衛生福利部食品藥物管理署 台灣食品成分資料庫(食品營養成分資料庫)開放資料; 下載自 https://data.fda.gov.tw/data/opendata/export/20/csv (政府資料開放平臺 data.gov.tw dataset id 8543 / TFDA opendata InfoId=20); 查詢頁 https://consumer.fda.gov.tw/Food/TFND.aspx?nodeID=178 ; 整合編號=E5300202 (樣品基本資料)
蔬菜類,本島萵苣(土植)(4月取樣),"葉萵苣,葉萵,萵仔菜,刈葉萵苣,生菜,妹(媚)仔菜,鵝仔菜(草),春不老,印度萵苣",Lettuce; ,E5300203,17.0,0.9,0.2,3.3,衛生福利部食品藥物管理署 台灣食品成分資料庫(食品營養成分資料庫)開放資料; 下載自 https://data.fda.gov.tw/data/opendata/export/20/csv (政府資料開放平臺 data.gov.tw dataset id 8543 / TFDA opendata InfoId=20); 查詢頁 https://consumer.fda.gov.tw/Food/TFND.aspx?nodeID=178 ; 整合編號=E5300203 (樣品基本資料)
蔬菜類,本島萵苣(土植)(7月取樣),"葉萵苣,葉萵,萵仔菜,刈葉萵苣,生菜,妹(媚)仔菜,鵝仔菜(草),春不老,印度萵苣",Lettuce; ,E5300204,23.0,1.4,0.3,4.4,衛生福利部食品藥物管理署 台灣食品成分資料庫(食品營養成分資料庫)開放資料; 下載自 https://data.fda.gov.tw/data/opendata/export/20/csv (政府資料開放平臺 data.gov.tw dataset id 8543 / TFDA opendata InfoId=20); 查詢頁 https://consumer.fda.gov.tw/Food/TFND.aspx?nodeID=178 ; 整合編號=E5300204 (樣品基本資料)
蔬菜類,本島萵苣(土植)(10月取樣),"葉萵苣,葉萵,萵仔菜,刈葉萵苣,生菜,妹(媚)仔菜,鵝仔菜(草),春不老,印度萵苣",Lettuce; ,E5300205,14.0,1.1,0.3,2.2,衛生福利部食品藥物管理署 台灣食品成分資料庫(食品營養成分資料庫)開放資料; 下載自 https://data.fda.gov.tw/data/opendata/export/20/csv (政府資料開放平臺 data.gov.tw dataset id 8543 / TFDA opendata InfoId=20); 查詢頁 https://consumer.fda.gov.tw/Food/TFND.aspx?nodeID=178 ; 整合編號=E5300205 (樣品基本資料)
蔬菜類,本島萵苣(水耕)(1月取樣),"葉萵苣,葉萵,萵仔菜,刈葉萵苣,生菜,妹(媚)仔菜,鵝仔菜(草),春不老,印度萵苣",Lettuce; ,E5300301,14.0,1.6,0.2,2.1,衛生福利部食品藥物管理署 台灣食品成分資料庫(食品營養成分資料庫)開放資料; 下載自 https://data.fda.gov.tw/data/opendata/export/20/csv (政府資料開放平臺 data.gov.tw dataset id 8543 / TFDA opendata InfoId=20); 查詢頁 https://consumer.fda.gov.tw/Food/TFND.aspx?nodeID=178 ; 整合編號=E5300301 (樣品基本資料)
蔬菜類,本島萵苣(水耕)(4月取樣),"葉萵苣,葉萵,萵仔菜,刈葉萵苣,生菜,妹(媚)仔菜,鵝仔菜(草),春不老,印度萵苣",Lettuce; ,E5300302,15.0,1.0,0.2,2.7,衛生福利部食品藥物管理署 台灣食品成分資料庫(食品營養成分資料庫)開放資料; 下載自 https://data.fda.gov.tw/data/opendata/export/20/csv (政府資料開放平臺 data.gov.tw dataset id 8543 / TFDA opendata InfoId=20); 查詢頁 https://consumer.fda.gov.tw/Food/TFND.aspx?nodeID=178 ; 整合編號=E5300302 (樣品基本資料)
蔬菜類,本島萵苣(水耕)(7月取樣),"葉萵苣,葉萵,萵仔菜,刈葉萵苣,生菜,妹(媚)仔菜,鵝仔菜(草),春不老,印度萵苣",Lettuce; ,E5300303,13.0,1.4,0.2,1.9,衛生福利部食品藥物管理署 台灣食品成分資料庫(食品營養成分資料庫)開放資料; 下載自 https://data.fda.gov.tw/data/opendata/export/20/csv (政府資料開放平臺 data.gov.tw dataset id 8543 / TFDA opendata InfoId=20); 查詢頁 https://consumer.fda.gov.tw/Food/TFND.aspx?nodeID=178 ; 整合編號=E5300303 (樣品基本資料)
蔬菜類,本島萵苣(水耕)(10月取樣),"葉萵苣,葉萵,萵仔菜,刈葉萵苣,生菜,妹(媚)仔菜,鵝仔菜(草),春不老,印度萵苣",Lettuce; ,E5300304,12.0,1.1,0.3,1.6,衛生福利部食品藥物管理署 台灣食品成分資料庫(食品營養成分資料庫)開放資料; 下載自 https://data.fda.gov.tw/data/opendata/export/20/csv (政府資料開放平臺 data.gov.tw dataset id 8543 / TFDA opendata InfoId=20); 查詢頁 https://consumer.fda.gov.tw/Food/TFND.aspx?nodeID=178 ; 整合編號=E5300304 (樣品基本資料)
蔬菜類,本島萵苣(有機)(1月取樣),"葉萵苣,葉萵,萵仔菜,刈葉萵苣,生菜,妹(媚)仔菜,鵝仔菜(草),春不老,印度萵苣",Lettuce:organic,E5300401,15.0,1.8,0.0,2.6,衛生福利部食品藥物管理署 台灣食品成分資料庫(食品營養成分資料庫)開放資料; 下載自 https://data.fda.gov.tw/data/opendata/export/20/csv (政府資料開放平臺 data.gov.tw dataset id 8543 / TFDA opendata InfoId=20); 查詢頁 https://consumer.fda.gov.tw/Food/TFND.aspx?nodeID=178 ; 整合編號=E5300401 (樣品基本資料)
蔬菜類,本島萵苣(有機)(4月取樣),"葉萵苣,葉萵,萵仔菜,刈葉萵苣,生菜,妹(媚)仔菜,鵝仔菜(草),春不老,印度萵苣",Lettuce:organic,E5300402,19.0,1.1,0.3,3.5,衛生福利部食品藥物管理署 台灣食品成分資料庫(食品營養成分資料庫)開放資料; 下載自 https://data.fda.gov.tw/data/opendata/export/20/csv (政府資料開放平臺 data.gov.tw dataset id 8543 / TFDA opendata InfoId=20); 查詢頁 https://consumer.fda.gov.tw/Food/TFND.aspx?nodeID=178 ; 整合編號=E5300402 (樣品基本資料)
蔬菜類,本島萵苣(有機)(7月取樣),"葉萵苣,葉萵,萵仔菜,刈葉萵苣,生菜,妹(媚)仔菜,鵝仔菜(草),春不老,印度萵苣",Lettuce:organic,E5300403,17.0,1.5,0.3,2.7,衛生福利部食品藥物管理署 台灣食品成分資料庫(食品營養成分資料庫)開放資料; 下載自 https://data.fda.gov.tw/data/opendata/export/20/csv (政府資料開放平臺 data.gov.tw dataset id 8543 / TFDA opendata InfoId=20); 查詢頁 https://consumer.fda.gov.tw/Food/TFND.aspx?nodeID=178 ; 整合編號=E5300403 (樣品基本資料)
蔬菜類,本島萵苣(有機)(10月取樣),"葉萵苣,葉萵,萵仔菜,刈葉萵苣,生菜,妹(媚)仔菜,鵝仔菜(草),春不老,印度萵苣",Lettuce:organic,E5300404,15.0,1.3,0.3,2.3,衛生福利部食品藥物管理署 台灣食品成分資料庫(食品營養成分資料庫)開放資料; 下載自 https://data.fda.gov.tw/data/opendata/export/20/csv (政府資料開放平臺 data.gov.tw dataset id 8543 / TFDA opendata InfoId=20); 查詢頁 https://consumer.fda.gov.tw/Food/TFND.aspx?nodeID=178 ; 整合編號=E5300404 (樣品基本資料)
蔬菜類,水耕波士頓萵苣,,Lettuce,E5300501,14.0,1.3,0.7,1.2,衛生福利部食品藥物管理署 台灣食品成分資料庫(食品營養成分資料庫)開放資料; 下載自 https://data.fda.gov.tw/data/opendata/export/20/csv (政府資料開放平臺 data.gov.tw dataset id 8543 / TFDA opendata InfoId=20); 查詢頁 https://consumer.fda.gov.tw/Food/TFND.aspx?nodeID=178 ; 整合編號=E5300501 (樣品基本資料)
蔬菜類,結球萵苣,"球萵苣,包心萵苣,捲心萵苣,生菜,包心媚仔菜,結球妹仔菜",Head lettuce,E5300601,13.0,0.7,0.1,2.8,衛生福利部食品藥物管理署 台灣食品成分資料庫(食品營養成分資料庫)開放資料; 下載自 https://data.fda.gov.tw/data/opendata/export/20/csv (政府資料開放平臺 data.gov.tw dataset id 8543 / TFDA opendata InfoId=20); 查詢頁 https://consumer.fda.gov.tw/Food/TFND.aspx?nodeID=178 ; 整合編號=E5300601 (樣品基本資料)
蔬菜類,豌豆苗,"豆苗,豆鬚,荷蘭豆苗(鬚),飛龍豆苗",sweet pea sprout,E5400101,31.0,3.7,0.5,4.4,衛生福利部食品藥物管理署 台灣食品成分資料庫(食品營養成分資料庫)開放資料; 下載自 https://data.fda.gov.tw/data/opendata/export/20/csv (政府資料開放平臺 data.gov.tw dataset id 8543 / TFDA opendata InfoId=20); 查詢頁 https://consumer.fda.gov.tw/Food/TFND.aspx?nodeID=178 ; 整合編號=E5400101 (樣品基本資料)
蔬菜類,龍葵,"黑甜菜,烏甜(田)菜,烏甜仔,烏子(克)菜,烏子茄,苦葵(菜),天茄子,天泡草,老鴉酸漿草",morelle,E5500101,26.0,3.8,0.3,3.4,衛生福利部食品藥物管理署 台灣食品成分資料庫(食品營養成分資料庫)開放資料; 下載自 https://data.fda.gov.tw/data/opendata/export/20/csv (政府資料開放平臺 data.gov.tw dataset id 8543 / TFDA opendata InfoId=20); 查詢頁 https://consumer.fda.gov.tw/Food/TFND.aspx?nodeID=178 ; 整合編號=E5500101 (樣品基本資料)
蔬菜類,蕹菜(土植)(1月取樣),"空心菜,應菜,壅菜,甕菜,草菜,無心菜,藤藤菜,竹葉菜,葛菜",Water convolvulus; Water spinach; ,E5600101,22.0,2.0,0.3,3.5,衛生福利部食品藥物管理署 台灣食品成分資料庫(食品營養成分資料庫)開放資料; 下載自 https://data.fda.gov.tw/data/opendata/export/20/csv (政府資料開放平臺 data.gov.tw dataset id 8543 / TFDA opendata InfoId=20); 查詢頁 https://consumer.fda.gov.tw/Food/TFND.aspx?nodeID=178 ; 整合編號=E5600101 (樣品基本資料)
蔬菜類,蕹菜(土植)(4月取樣),"空心菜,應菜,壅菜,甕菜,草菜,無心菜,藤藤菜,竹葉菜,葛菜",Water convolvulus; Water spinach; ,E5600102,20.0,1.7,0.2,3.5,衛生福利部食品藥物管理署 台灣食品成分資料庫(食品營養成分資料庫)開放資料; 下載自 https://data.fda.gov.tw/data/opendata/export/20/csv (政府資料開放平臺 data.gov.tw dataset id 8543 / TFDA opendata InfoId=20); 查詢頁 https://consumer.fda.gov.tw/Food/TFND.aspx?nodeID=178 ; 整合編號=E5600102 (樣品基本資料)
蔬菜類,蕹菜(土植)(7月取樣),"空心菜,應菜,壅菜,甕菜,草菜,無心菜,藤藤菜,竹葉菜,葛菜",Water convolvulus; Water spinach; ,E5600103,17.0,1.9,0.1,2.8,衛生福利部食品藥物管理署 台灣食品成分資料庫(食品營養成分資料庫)開放資料; 下載自 https://data.fda.gov.tw/data/opendata/export/20/csv (政府資料開放平臺 data.gov.tw dataset id 8543 / TFDA opendata InfoId=20); 查詢頁 https://consumer.fda.gov.tw/Food/TFND.aspx?nodeID=178 ; 整合編號=E5600103 (樣品基本資料)
蔬菜類,蕹菜(土植)(10月取樣),"空心菜,應菜,壅菜,甕菜,草菜,無心菜,藤藤菜,竹葉菜,葛菜",Water convolvulus; Water spinach; ,E5600104,17.0,1.8,0.3,2.6,衛生福利部食品藥物管理署 台灣食品成分資料庫(食品營養成分資料庫)開放資料; 下載自 https://data.fda.gov.tw/data/opendata/export/20/csv (政府資料開放平臺 data.gov.tw dataset id 8543 / TFDA opendata InfoId=20); 查詢頁 https://consumer.fda.gov.tw/Food/TFND.aspx?nodeID=178 ; 整合編號=E5600104 (樣品基本資料)
蔬菜類,蕹菜(水耕)(1月取樣),"空心菜,應菜,壅菜,甕菜,草菜,無心菜,藤藤菜,竹葉菜,葛菜",Water convolvulus; Water spinach; ,E5600201,27.0,2.7,0.3,4.5,衛生福利部食品藥物管理署 台灣食品成分資料庫(食品營養成分資料庫)開放資料; 下載自 https://data.fda.gov.tw/data/opendata/export/20/csv (政府資料開放平臺 data.gov.tw dataset id 8543 / TFDA opendata InfoId=20); 查詢頁 https://consumer.fda.gov.tw/Food/TFND.aspx?nodeID=178 ; 整合編號=E5600201 (樣品基本資料)
蔬菜類,蕹菜(水耕)(4月取樣),"空心菜,應菜,壅菜,甕菜,草菜,無心菜,藤藤菜,竹葉菜,葛菜",Water convolvulus; Water spinach; ,E5600202,24.0,2.2,0.1,4.3,衛生福利部食品藥物管理署 台灣食品成分資料庫(食品營養成分資料庫)開放資料; 下載自 https://data.fda.gov.tw/data/opendata/export/20/csv (政府資料開放平臺 data.gov.tw dataset id 8543 / TFDA opendata InfoId=20); 查詢頁 https://consumer.fda.gov.tw/Food/TFND.aspx?nodeID=178 ; 整合編號=E5600202 (樣品基本資料)
蔬菜類,蕹菜(水耕)(7月取樣),"空心菜,應菜,壅菜,甕菜,草菜,無心菜,藤藤菜,竹葉菜,葛菜",Water convolvulus; Water spinach:organic,E5600203,17.0,1.9,0.2,2.7,衛生福利部食品藥物管理署 台灣食品成分資料庫(食品營養成分資料庫)開放資料; 下載自 https://data.fda.gov.tw/data/opendata/export/20/csv (政府資料開放平臺 data.gov.tw dataset id 8543 / TFDA opendata InfoId=20); 查詢頁 https://consumer.fda.gov.tw/Food/TFND.aspx?nodeID=178 ; 整合編號=E5600203 (樣品基本資料)
蔬菜類,蕹菜(水耕)(10月取樣),"空心菜,應菜,壅菜,甕菜,草菜,無心菜,藤藤菜,竹葉菜,葛菜",Water convolvulus; Water spinach; ,E5600204,23.0,2.2,0.3,3.8,衛生福利部食品藥物管理署 台灣食品成分資料庫(食品營養成分資料庫)開放資料; 下載自 https://data.fda.gov.tw/data/opendata/export/20/csv (政府資料開放平臺 data.gov.tw dataset id 8543 / TFDA opendata InfoId=20); 查詢頁 https://consumer.fda.gov.tw/Food/TFND.aspx?nodeID=178 ; 整合編號=E5600204 (樣品基本資料)
蔬菜類,蕹菜(有機)(4月取樣),"空心菜,應菜,壅菜,甕菜,草菜,無心菜,藤藤菜,竹葉菜,葛菜",Water convolvulus; Water spinach:organic,E5600301,26.0,1.9,0.3,4.7,衛生福利部食品藥物管理署 台灣食品成分資料庫(食品營養成分資料庫)開放資料; 下載自 https://data.fda.gov.tw/data/opendata/export/20/csv (政府資料開放平臺 data.gov.tw dataset id 8543 / TFDA opendata InfoId=20); 查詢頁 https://consumer.fda.gov.tw/Food/TFND.aspx?nodeID=178 ; 整合編號=E5600301 (樣品基本資料)
蔬菜類,蕹菜(有機)(10月取樣),"空心菜,應菜,壅菜,甕菜,草菜,無心菜,藤藤菜,竹葉菜,葛菜",Water convolvulus; Water spinach:organic,E5600302,19.0,1.7,0.4,3.0,衛生福利部食品藥物管理署 台灣食品成分資料庫(食品營養成分資料庫)開放資料; 下載自 https://data.fda.gov.tw/data/opendata/export/20/csv (政府資料開放平臺 data.gov.tw dataset id 8543 / TFDA opendata InfoId=20); 查詢頁 https://consumer.fda.gov.tw/Food/TFND.aspx?nodeID=178 ; 整合編號=E5600302 (樣品基本資料)
蔬菜類,水蕹菜,,,E5600401,24.0,2.6,0.5,3.3,衛生福利部食品藥物管理署 台灣食品成分資料庫(食品營養成分資料庫)開放資料; 下載自 https://data.fda.gov.tw/data/opendata/export/20/csv (政府資料開放平臺 data.gov.tw dataset id 8543 / TFDA opendata InfoId=20); 查詢頁 https://consumer.fda.gov.tw/Food/TFND.aspx?nodeID=178 ; 整合編號=E5600401 (樣品基本資料)
蔬菜類,蘿蔔葉,葉蘿蔔,,E5700101,14.0,1.7,0.2,2.0,衛生福利部食品藥物管理署 台灣食品成分資料庫(食品營養成分資料庫)開放資料; 下載自 https://data.fda.gov.tw/data/opendata/export/20/csv (政府資料開放平臺 data.gov.tw dataset id 8543 / TFDA opendata InfoId=20); 查詢頁 https://consumer.fda.gov.tw/Food/TFND.aspx?nodeID=178 ; 整合編號=E5700101 (樣品基本資料)
蔬菜類,花椰菜,"花菜,菜花,白花菜,白菜花",Cauliflower,E5800101,23.0,1.8,0.1,4.5,衛生福利部食品藥物管理署 台灣食品成分資料庫(食品營養成分資料庫)開放資料; 下載自 https://data.fda.gov.tw/data/opendata/export/20/csv (政府資料開放平臺 data.gov.tw dataset id 8543 / TFDA opendata InfoId=20); 查詢頁 https://consumer.fda.gov.tw/Food/TFND.aspx?nodeID=178 ; 整合編號=E5800101 (樣品基本資料)
蔬菜類,冷凍花椰菜,"花菜,菜花,白花菜,白菜花",Cauliflower: frozen,E5800201,21.0,1.3,0.1,4.5,衛生福利部食品藥物管理署 台灣食品成分資料庫(食品營養成分資料庫)開放資料; 下載自 https://data.fda.gov.tw/data/opendata/export/20/csv (政府資料開放平臺 data.gov.tw dataset id 8543 / TFDA opendata InfoId=20); 查詢頁 https://consumer.fda.gov.tw/Food/TFND.aspx?nodeID=178 ; 整合編號=E5800201 (樣品基本資料)
蔬菜類,紫色花椰菜,,Cauliflower(purple),E5800301,40.0,3.1,0.3,7.6,衛生福利部食品藥物管理署 台灣食品成分資料庫(食品營養成分資料庫)開放資料; 下載自 https://data.fda.gov.tw/data/opendata/export/20/csv (政府資料開放平臺 data.gov.tw dataset id 8543 / TFDA opendata InfoId=20); 查詢頁 https://consumer.fda.gov.tw/Food/TFND.aspx?nodeID=178 ; 整合編號=E5800301 (樣品基本資料)
蔬菜類,青花菜(1999年取樣),"(青花菜非綠色花椰菜)青(綠)花菜,美國花菜,青花苔,花(青)菜苔,菜苔,花菜苞",Broccoli,E5800401,28.0,3.7,0.2,4.4,衛生福利部食品藥物管理署 台灣食品成分資料庫(食品營養成分資料庫)開放資料; 下載自 https://data.fda.gov.tw/data/opendata/export/20/csv (政府資料開放平臺 data.gov.tw dataset id 8543 / TFDA opendata InfoId=20); 查詢頁 https://consumer.fda.gov.tw/Food/TFND.aspx?nodeID=178 ; 整合編號=E5800401 (樣品基本資料)
蔬菜類,青花菜(2021年取樣),"(青花菜非綠色花椰菜)青(綠)花菜,美國花菜,青花苔,花(青)菜苔,菜苔,花菜苞",Broccoli,E5800402,38.0,3.4,0.4,6.5,衛生福利部食品藥物管理署 台灣食品成分資料庫(食品營養成分資料庫)開放資料; 下載自 https://data.fda.gov.tw/data/opendata/export/20/csv (政府資料開放平臺 data.gov.tw dataset id 8543 / TFDA opendata InfoId=20); 查詢頁 https://consumer.fda.gov.tw/Food/TFND.aspx?nodeID=178 ; 整合編號=E5800402 (樣品基本資料)
蔬菜類,冷凍青花菜,"(青花菜非綠色花椰菜)青(綠)花菜,美國花菜,青花苔,花(青)菜苔,菜苔,花菜苞",Broccoli:frozen,E5800501,25.0,2.5,0.2,4.4,衛生福利部食品藥物管理署 台灣食品成分資料庫(食品營養成分資料庫)開放資料; 下載自 https://data.fda.gov.tw/data/opendata/export/20/csv (政府資料開放平臺 data.gov.tw dataset id 8543 / TFDA opendata InfoId=20); 查詢頁 https://consumer.fda.gov.tw/Food/TFND.aspx?nodeID=178 ; 整合編號=E5800501 (樣品基本資料)
蔬菜類,青花菜筍,,,E5800601,32.0,3.0,0.5,5.1,衛生福利部食品藥物管理署 台灣食品成分資料庫(食品營養成分資料庫)開放資料; 下載自 https://data.fda.gov.tw/data/opendata/export/20/csv (政府資料開放平臺 data.gov.tw dataset id 8543 / TFDA opendata InfoId=20); 查詢頁 https://consumer.fda.gov.tw/Food/TFND.aspx?nodeID=178 ; 整合編號=E5800601 (樣品基本資料)
蔬菜類,花椰菜乾,,Cauliflower:dried,E5810101,291.0,16.0,0.6,62.5,衛生福利部食品藥物管理署 台灣食品成分資料庫(食品營養成分資料庫)開放資料; 下載自 https://data.fda.gov.tw/data/opendata/export/20/csv (政府資料開放平臺 data.gov.tw dataset id 8543 / TFDA opendata InfoId=20); 查詢頁 https://consumer.fda.gov.tw/Food/TFND.aspx?nodeID=178 ; 整合編號=E5810101 (樣品基本資料)
蔬菜類,金針菜,"萱草,金針花,金針,黃花(菜),萱花",Day-lily; Common orange Day-lily,E5900101,40.0,2.4,0.5,7.4,衛生福利部食品藥物管理署 台灣食品成分資料庫(食品營養成分資料庫)開放資料; 下載自 https://data.fda.gov.tw/data/opendata/export/20/csv (政府資料開放平臺 data.gov.tw dataset id 8543 / TFDA opendata InfoId=20); 查詢頁 https://consumer.fda.gov.tw/Food/TFND.aspx?nodeID=178 ; 整合編號=E5900101 (樣品基本資料)
蔬菜類,金針菜乾,"萱草,金針花,金針,黃花(菜),萱花",Dried day-lily; dried common orange Day-lily,E5910101,307.0,14.3,1.8,65.4,衛生福利部食品藥物管理署 台灣食品成分資料庫(食品營養成分資料庫)開放資料; 下載自 https://data.fda.gov.tw/data/opendata/export/20/csv (政府資料開放平臺 data.gov.tw dataset id 8543 / TFDA opendata InfoId=20); 查詢頁 https://consumer.fda.gov.tw/Food/TFND.aspx?nodeID=178 ; 整合編號=E5910101 (樣品基本資料)
蔬菜類,洛神花乾,"玫瑰茄,洛神葵,洛神果,洛濟葵",,E6010101,306.0,9.0,0.6,71.2,衛生福利部食品藥物管理署 台灣食品成分資料庫(食品營養成分資料庫)開放資料; 下載自 https://data.fda.gov.tw/data/opendata/export/20/csv (政府資料開放平臺 data.gov.tw dataset id 8543 / TFDA opendata InfoId=20); 查詢頁 https://consumer.fda.gov.tw/Food/TFND.aspx?nodeID=178 ; 整合編號=E6010101 (樣品基本資料)
蔬菜類,絲瓜花,菜瓜花,Vegetable sponge flower,E6100101,31.0,3.9,0.3,4.8,衛生福利部食品藥物管理署 台灣食品成分資料庫(食品營養成分資料庫)開放資料; 下載自 https://data.fda.gov.tw/data/opendata/export/20/csv (政府資料開放平臺 data.gov.tw dataset id 8543 / TFDA opendata InfoId=20); 查詢頁 https://consumer.fda.gov.tw/Food/TFND.aspx?nodeID=178 ; 整合編號=E6100101 (樣品基本資料)
蔬菜類,冬瓜平均值,"白瓜,東瓜,枕瓜,水芝,地芝",Wax gourd; White gourd; Ash gourd; Chinese waterme,E62001,11.0,0.4,0.1,2.4,衛生福利部食品藥物管理署 台灣食品成分資料庫(食品營養成分資料庫)開放資料; 下載自 https://data.fda.gov.tw/data/opendata/export/20/csv (政府資料開放平臺 data.gov.tw dataset id 8543 / TFDA opendata InfoId=20); 查詢頁 https://consumer.fda.gov.tw/Food/TFND.aspx?nodeID=178 ; 整合編號=E62001 (樣品平均值)
蔬菜類,冬瓜,"白瓜,東瓜,枕瓜,水芝,地芝",Wax gourd; White gourd; winter melon,E6200101,13.0,0.4,0.1,2.7,衛生福利部食品藥物管理署 台灣食品成分資料庫(食品營養成分資料庫)開放資料; 下載自 https://data.fda.gov.tw/data/opendata/export/20/csv (政府資料開放平臺 data.gov.tw dataset id 8543 / TFDA opendata InfoId=20); 查詢頁 https://consumer.fda.gov.tw/Food/TFND.aspx?nodeID=178 ; 整合編號=E6200101 (樣品基本資料)
蔬菜類,香芋冬瓜,"白瓜,東瓜,枕瓜,水芝,地芝",Wax gourd; White gourd; winter melon,E6200102,9.0,0.4,0.0,2.0,衛生福利部食品藥物管理署 台灣食品成分資料庫(食品營養成分資料庫)開放資料; 下載自 https://data.fda.gov.tw/data/opendata/export/20/csv (政府資料開放平臺 data.gov.tw dataset id 8543 / TFDA opendata InfoId=20); 查詢頁 https://consumer.fda.gov.tw/Food/TFND.aspx?nodeID=178 ; 整合編號=E6200102 (樣品基本資料)
蔬菜類,冬瓜(2022年取樣),"白瓜,東瓜,枕瓜,水芝,地芝",Wax gourd; White gourd; winter melon,E6200103,21.0,0.4,0.0,5.1,衛生福利部食品藥物管理署 台灣食品成分資料庫(食品營養成分資料庫)開放資料; 下載自 https://data.fda.gov.tw/data/opendata/export/20/csv (政府資料開放平臺 data.gov.tw dataset id 8543 / TFDA opendata InfoId=20); 查詢頁 https://consumer.fda.gov.tw/Food/TFND.aspx?nodeID=178 ; 整合編號=E6200103 (樣品基本資料)
蔬菜類,南瓜平均值,"金瓜,飯瓜,番(翻)瓜,倭(窩)瓜,紅(冬/西洋)南瓜,南瓜,北瓜,玉瓜,筍瓜",Pumkin; Chinese squash; Cashaw,E63001,74.0,1.9,0.2,17.3,衛生福利部食品藥物管理署 台灣食品成分資料庫(食品營養成分資料庫)開放資料; 下載自 https://data.fda.gov.tw/data/opendata/export/20/csv (政府資料開放平臺 data.gov.tw dataset id 8543 / TFDA opendata InfoId=20); 查詢頁 https://consumer.fda.gov.tw/Food/TFND.aspx?nodeID=178 ; 整合編號=E63001 (樣品平均值)
蔬菜類,日本南瓜,"金瓜,飯瓜,番(翻)瓜,倭(窩)瓜,紅(冬/西洋)南瓜,南瓜,北瓜,玉瓜,筍瓜",Pumpkin; ,E6300101,86.0,0.6,0.4,20.8,衛生福利部食品藥物管理署 台灣食品成分資料庫(食品營養成分資料庫)開放資料; 下載自 https://data.fda.gov.tw/data/opendata/export/20/csv (政府資料開放平臺 data.gov.tw dataset id 8543 / TFDA opendata InfoId=20); 查詢頁 https://consumer.fda.gov.tw/Food/TFND.aspx?nodeID=178 ; 整合編號=E6300101 (樣品基本資料)
蔬菜類,台灣南瓜,"金瓜,飯瓜,番(翻)瓜,倭(窩)瓜,紅(冬/西洋)南瓜,南瓜,北瓜,玉瓜,筍瓜",Pumpkin; ,E6300102,49.0,1.7,0.2,11.1,衛生福利部食品藥物管理署 台灣食品成分資料庫(食品營養成分資料庫)開放資料; 下載自 https://data.fda.gov.tw/data/opendata/export/20/csv (政府資料開放平臺 data.gov.tw dataset id 8543 / TFDA opendata InfoId=20); 查詢頁 https://consumer.fda.gov.tw/Food/TFND.aspx?nodeID=178 ; 整合編號=E6300102 (樣品基本資料)
蔬菜類,栗子南瓜,"金瓜,飯瓜,番(翻)瓜,倭(窩)瓜,紅(冬/西洋)南瓜,南瓜,北瓜,玉瓜,筍瓜",Pumpkin,E6300103,86.0,1.4,0.2,20.7,衛生福利部食品藥物管理署 台灣食品成分資料庫(食品營養成分資料庫)開放資料; 下載自 https://data.fda.gov.tw/data/opendata/export/20/csv (政府資料開放平臺 data.gov.tw dataset id 8543 / TFDA opendata InfoId=20); 查詢頁 https://consumer.fda.gov.tw/Food/TFND.aspx?nodeID=178 ; 整合編號=E6300103 (樣品基本資料)
蔬菜類,菊花南瓜,"金瓜,飯瓜,番(翻)瓜,倭(窩)瓜,紅(冬/西洋)南瓜,南瓜,北瓜,玉瓜,筍瓜",Pumpkin; ,E6300104,76.0,3.8,0.1,16.8,衛生福利部食品藥物管理署 台灣食品成分資料庫(食品營養成分資料庫)開放資料; 下載自 https://data.fda.gov.tw/data/opendata/export/20/csv (政府資料開放平臺 data.gov.tw dataset id 8543 / TFDA opendata InfoId=20); 查詢頁 https://consumer.fda.gov.tw/Food/TFND.aspx?nodeID=178 ; 整合編號=E6300104 (樣品基本資料)
蔬菜類,胡瓜,"大黃瓜,刺瓜,黃瓜,生瓜,王瓜,花瓜,黑瓜,大瓜",Cucumber,E6400101,14.0,0.7,0.1,2.9,衛生福利部食品藥物管理署 台灣食品成分資料庫(食品營養成分資料庫)開放資料; 下載自 https://data.fda.gov.tw/data/opendata/export/20/csv (政府資料開放平臺 data.gov.tw dataset id 8543 / TFDA opendata InfoId=20); 查詢頁 https://consumer.fda.gov.tw/Food/TFND.aspx?nodeID=178 ; 整合編號=E6400101 (樣品基本資料)
蔬菜類,花胡瓜(有機),"小黃瓜,花瓜,小胡瓜,小刺瓜",Cucumber,E6400201,15.0,0.8,0.1,3.1,衛生福利部食品藥物管理署 台灣食品成分資料庫(食品營養成分資料庫)開放資料; 下載自 https://data.fda.gov.tw/data/opendata/export/20/csv (政府資料開放平臺 data.gov.tw dataset id 8543 / TFDA opendata InfoId=20); 查詢頁 https://consumer.fda.gov.tw/Food/TFND.aspx?nodeID=178 ; 整合編號=E6400201 (樣品基本資料)
蔬菜類,苦瓜(白皮),"錦荔枝,癩蒲萄,涼瓜,癩瓜,紅姑娘",Bitter gourd; Balsam pear; Bitter melon,E6500101,19.0,0.9,0.1,4.1,衛生福利部食品藥物管理署 台灣食品成分資料庫(食品營養成分資料庫)開放資料; 下載自 https://data.fda.gov.tw/data/opendata/export/20/csv (政府資料開放平臺 data.gov.tw dataset id 8543 / TFDA opendata InfoId=20); 查詢頁 https://consumer.fda.gov.tw/Food/TFND.aspx?nodeID=178 ; 整合編號=E6500101 (樣品基本資料)
蔬菜類,苦瓜(青皮),"錦荔枝,癩蒲萄,涼瓜,癩瓜,紅姑娘",Bitter gourd; Balsam pear ; Bitter melon,E6500201,20.0,0.9,0.1,4.2,衛生福利部食品藥物管理署 台灣食品成分資料庫(食品營養成分資料庫)開放資料; 下載自 https://data.fda.gov.tw/data/opendata/export/20/csv (政府資料開放平臺 data.gov.tw dataset id 8543 / TFDA opendata InfoId=20); 查詢頁 https://consumer.fda.gov.tw/Food/TFND.aspx?nodeID=178 ; 整合編號=E6500201 (樣品基本資料)
蔬菜類,珍珠苦瓜,"錦荔枝,癩蒲萄,涼瓜,癩瓜,紅姑娘(青苦瓜)",Bitter gourd; Balsam pear ; Bitter melon,E6500301,19.0,0.7,0.1,4.2,衛生福利部食品藥物管理署 台灣食品成分資料庫(食品營養成分資料庫)開放資料; 下載自 https://data.fda.gov.tw/data/opendata/export/20/csv (政府資料開放平臺 data.gov.tw dataset id 8543 / TFDA opendata InfoId=20); 查詢頁 https://consumer.fda.gov.tw/Food/TFND.aspx?nodeID=178 ; 整合編號=E6500301 (樣品基本資料)
蔬菜類,野苦瓜,"山苦瓜,青小苦瓜,小苦瓜,野生苦瓜,短苦瓜,野癩瓜",Bitter gourd; Balsam pear;  Bitter melon,E6500401,30.0,1.7,0.6,5.3,衛生福利部食品藥物管理署 台灣食品成分資料庫(食品營養成分資料庫)開放資料; 下載自 https://data.fda.gov.tw/data/opendata/export/20/csv (政府資料開放平臺 data.gov.tw dataset id 8543 / TFDA opendata InfoId=20); 查詢頁 https://consumer.fda.gov.tw/Food/TFND.aspx?nodeID=178 ; 整合編號=E6500401 (樣品基本資料)
蔬菜類,隼人瓜,"梨瓜,壽瓜,合掌瓜,安南瓜,香瓜仔,拳頭瓜,佛掌瓜、香圓瓜,香櫞瓜,佛手瓜,瓦瓜",chayote,E6600101,23.0,0.7,0.1,5.2,衛生福利部食品藥物管理署 台灣食品成分資料庫(食品營養成分資料庫)開放資料; 下載自 https://data.fda.gov.tw/data/opendata/export/20/csv (政府資料開放平臺 data.gov.tw dataset id 8543 / TFDA opendata InfoId=20); 查詢頁 https://consumer.fda.gov.tw/Food/TFND.aspx?nodeID=178 ; 整合編號=E6600101 (樣品基本資料)
蔬菜類,隼人瓜(2023年取樣),"梨瓜,壽瓜,合掌瓜,安南瓜,香瓜仔,拳頭瓜,佛掌瓜、香圓瓜,香櫞瓜,佛手瓜,瓦瓜",Chayote,E6600102,22.0,0.7,0.2,4.5,衛生福利部食品藥物管理署 台灣食品成分資料庫(食品營養成分資料庫)開放資料; 下載自 https://data.fda.gov.tw/data/opendata/export/20/csv (政府資料開放平臺 data.gov.tw dataset id 8543 / TFDA opendata InfoId=20); 查詢頁 https://consumer.fda.gov.tw/Food/TFND.aspx?nodeID=178 ; 整合編號=E6600102 (樣品基本資料)
蔬菜類,白皮蛇瓜,"蛇王瓜,毛烏瓜",Snake gourd; ,E6700101,19.0,1.4,0.3,3.2,衛生福利部食品藥物管理署 台灣食品成分資料庫(食品營養成分資料庫)開放資料; 下載自 https://data.fda.gov.tw/data/opendata/export/20/csv (政府資料開放平臺 data.gov.tw dataset id 8543 / TFDA opendata InfoId=20); 查詢頁 https://consumer.fda.gov.tw/Food/TFND.aspx?nodeID=178 ; 整合編號=E6700101 (樣品基本資料)
蔬菜類,綠皮蛇瓜,"蛇王瓜,毛烏瓜",Snake gourd; ,E6700201,32.0,1.9,0.6,5.6,衛生福利部食品藥物管理署 台灣食品成分資料庫(食品營養成分資料庫)開放資料; 下載自 https://data.fda.gov.tw/data/opendata/export/20/csv (政府資料開放平臺 data.gov.tw dataset id 8543 / TFDA opendata InfoId=20); 查詢頁 https://consumer.fda.gov.tw/Food/TFND.aspx?nodeID=178 ; 整合編號=E6700201 (樣品基本資料)
蔬菜類,絲瓜,"菜瓜,布瓜,蠻瓜,天絲瓜,水瓜,天羅,天絡,仙人拐,魚鰦",Sponge gourd; Smooth loofah; dishcloth gourd,E6800101,19.0,1.1,0.1,3.9,衛生福利部食品藥物管理署 台灣食品成分資料庫(食品營養成分資料庫)開放資料; 下載自 https://data.fda.gov.tw/data/opendata/export/20/csv (政府資料開放平臺 data.gov.tw dataset id 8543 / TFDA opendata InfoId=20); 查詢頁 https://consumer.fda.gov.tw/Food/TFND.aspx?nodeID=178 ; 整合編號=E6800101 (樣品基本資料)
蔬菜類,稜角絲瓜,"澎湖絲瓜,十角絲瓜,十捻菜瓜,角瓜,廣東絲瓜,雨傘絲瓜,金門絲瓜,香港絲瓜",Angled luffa; ,E6800201,20.0,0.9,0.2,4.1,衛生福利部食品藥物管理署 台灣食品成分資料庫(食品營養成分資料庫)開放資料; 下載自 https://data.fda.gov.tw/data/opendata/export/20/csv (政府資料開放平臺 data.gov.tw dataset id 8543 / TFDA opendata InfoId=20); 查詢頁 https://consumer.fda.gov.tw/Food/TFND.aspx?nodeID=178 ; 整合編號=E6800201 (樣品基本資料)
蔬菜類,越瓜,"醃瓜,菴瓜,梢瓜,酥瓜,甜瓜,羊角瓜,稍瓜,生瓜,白瓜,青瓜,百香胡瓜",Oriental pickling melon,E6900101,18.0,0.6,0.1,4.1,衛生福利部食品藥物管理署 台灣食品成分資料庫(食品營養成分資料庫)開放資料; 下載自 https://data.fda.gov.tw/data/opendata/export/20/csv (政府資料開放平臺 data.gov.tw dataset id 8543 / TFDA opendata InfoId=20); 查詢頁 https://consumer.fda.gov.tw/Food/TFND.aspx?nodeID=178 ; 整合編號=E6900101 (樣品基本資料)
蔬菜類,蒲瓜平均值,"扁蒲,蒲仔,瓠子(瓜/餔),匏仔(瓜),葫蘆瓜,瓢簞,天瓜,龍蛋瓜,蒲(葫/壺)蘆",Bottle(hairy) gourd;White flowered gourd; Calabash,E70001,18.0,0.5,0.1,4.0,衛生福利部食品藥物管理署 台灣食品成分資料庫(食品營養成分資料庫)開放資料; 下載自 https://data.fda.gov.tw/data/opendata/export/20/csv (政府資料開放平臺 data.gov.tw dataset id 8543 / TFDA opendata InfoId=20); 查詢頁 https://consumer.fda.gov.tw/Food/TFND.aspx?nodeID=178 ; 整合編號=E70001 (樣品平均值)
蔬菜類,蒲瓜(長形),"扁蒲,蒲仔,瓠瓜,匏瓜,葫蘆瓜,瓢簞,天瓜,龍蛋瓜,蒲(葫/壺)蘆",,E7000101,19.0,0.5,0.1,4.2,衛生福利部食品藥物管理署 台灣食品成分資料庫(食品營養成分資料庫)開放資料; 下載自 https://data.fda.gov.tw/data/opendata/export/20/csv (政府資料開放平臺 data.gov.tw dataset id 8543 / TFDA opendata InfoId=20); 查詢頁 https://consumer.fda.gov.tw/Food/TFND.aspx?nodeID=178 ; 整合編號=E7000101 (樣品基本資料)
蔬菜類,蒲瓜(圓形),"扁蒲,蒲仔,瓠瓜,匏瓜,葫蘆瓜,瓢簞,天瓜,龍蛋瓜,蒲(葫/壺)蘆",Bottle(hairy) gourd;White flowered gourd; Calabash,E7000102,18.0,0.6,0.1,4.0,衛生福利部食品藥物管理署 台灣食品成分資料庫(食品營養成分資料庫)開放資料; 下載自 https://data.fda.gov.tw/data/opendata/export/20/csv (政府資料開放平臺 data.gov.tw dataset id 8543 / TFDA opendata InfoId=20); 查詢頁 https://consumer.fda.gov.tw/Food/TFND.aspx?nodeID=178 ; 整合編號=E7000102 (樣品基本資料)
蔬菜類,花蒲瓜(圓形),"扁蒲,蒲仔,瓠瓜,匏瓜,葫蘆瓜,瓢簞,天瓜,龍蛋瓜,蒲(葫/壺)蘆",Calabash gourd,E7000201,15.0,0.3,0.0,3.5,衛生福利部食品藥物管理署 台灣食品成分資料庫(食品營養成分資料庫)開放資料; 下載自 https://data.fda.gov.tw/data/opendata/export/20/csv (政府資料開放平臺 data.gov.tw dataset id 8543 / TFDA opendata InfoId=20); 查詢頁 https://consumer.fda.gov.tw/Food/TFND.aspx?nodeID=178 ; 整合編號=E7000201 (樣品基本資料)
蔬菜類,葫蘆瓜,"扁蒲,蒲仔,瓠瓜,匏瓜,葫蘆瓜,瓢簞,天瓜,龍蛋瓜,蒲(葫/壺)蘆",white-flowered gourd.;Lagenaria vulgaris Ser.,E7000301,20.0,0.5,0.3,4.1,衛生福利部食品藥物管理署 台灣食品成分資料庫(食品營養成分資料庫)開放資料; 下載自 https://data.fda.gov.tw/data/opendata/export/20/csv (政府資料開放平臺 data.gov.tw dataset id 8543 / TFDA opendata InfoId=20); 查詢頁 https://consumer.fda.gov.tw/Food/TFND.aspx?nodeID=178 ; 整合編號=E7000301 (樣品基本資料)
蔬菜類,黃櫛瓜,,Zucchini,E7100101,15.0,1.5,0.1,2.7,衛生福利部食品藥物管理署 台灣食品成分資料庫(食品營養成分資料庫)開放資料; 下載自 https://data.fda.gov.tw/data/opendata/export/20/csv (政府資料開放平臺 data.gov.tw dataset id 8543 / TFDA opendata InfoId=20); 查詢頁 https://consumer.fda.gov.tw/Food/TFND.aspx?nodeID=178 ; 整合編號=E7100101 (樣品基本資料)
蔬菜類,綠櫛瓜,,Zucchini,E7100201,13.0,2.2,0.0,1.8,衛生福利部食品藥物管理署 台灣食品成分資料庫(食品營養成分資料庫)開放資料; 下載自 https://data.fda.gov.tw/data/opendata/export/20/csv (政府資料開放平臺 data.gov.tw dataset id 8543 / TFDA opendata InfoId=20); 查詢頁 https://consumer.fda.gov.tw/Food/TFND.aspx?nodeID=178 ; 整合編號=E7100201 (樣品基本資料)
蔬菜類,枸杞乾,"枸杞,地骨子,甘杞,杞子,枸忌,苦杞,血杞,天精子",,E7210101,347.0,12.3,1.3,77.8,衛生福利部食品藥物管理署 台灣食品成分資料庫(食品營養成分資料庫)開放資料; 下載自 https://data.fda.gov.tw/data/opendata/export/20/csv (政府資料開放平臺 data.gov.tw dataset id 8543 / TFDA opendata InfoId=20); 查詢頁 https://consumer.fda.gov.tw/Food/TFND.aspx?nodeID=178 ; 整合編號=E7210101 (樣品基本資料)
蔬菜類,長茄子,"茄,茄仔,紅皮菜,紅茄(菜),紅茄仔,落蘇,崑崙瓜,紫瓜,酪酥,小蓏,長茄",Eggplant,E7300101,25.0,1.2,0.2,5.3,衛生福利部食品藥物管理署 台灣食品成分資料庫(食品營養成分資料庫)開放資料; 下載自 https://data.fda.gov.tw/data/opendata/export/20/csv (政府資料開放平臺 data.gov.tw dataset id 8543 / TFDA opendata InfoId=20); 查詢頁 https://consumer.fda.gov.tw/Food/TFND.aspx?nodeID=178 ; 整合編號=E7300101 (樣品基本資料)
蔬菜類,圓茄子,"日本茄子,迷你茄",Eggplant,E7300201,21.0,1.0,0.0,4.5,衛生福利部食品藥物管理署 台灣食品成分資料庫(食品營養成分資料庫)開放資料; 下載自 https://data.fda.gov.tw/data/opendata/export/20/csv (政府資料開放平臺 data.gov.tw dataset id 8543 / TFDA opendata InfoId=20); 查詢頁 https://consumer.fda.gov.tw/Food/TFND.aspx?nodeID=178 ; 整合編號=E7300201 (樣品基本資料)
蔬菜類,大番茄平均值(紅色系),"柑仔蜜,甘仔(阿)蜜,草柿,臭柿仔,西紅柿,小金瓜,番柿,六月柿,洋柿(茄)子,紅茄,毛臘果",Tomato,E74001,19.0,0.8,0.1,4.1,衛生福利部食品藥物管理署 台灣食品成分資料庫(食品營養成分資料庫)開放資料; 下載自 https://data.fda.gov.tw/data/opendata/export/20/csv (政府資料開放平臺 data.gov.tw dataset id 8543 / TFDA opendata InfoId=20); 查詢頁 https://consumer.fda.gov.tw/Food/TFND.aspx?nodeID=178 ; 整合編號=E74001 (樣品平均值)
蔬菜類,牛番茄,"柑(甘)仔蜜,草(番,西紅,六月)柿,臭柿仔,小金瓜,洋柿(茄)子,紅茄,毛臘果",Tomato,E7400101,19.0,0.7,0.1,4.0,衛生福利部食品藥物管理署 台灣食品成分資料庫(食品營養成分資料庫)開放資料; 下載自 https://data.fda.gov.tw/data/opendata/export/20/csv (政府資料開放平臺 data.gov.tw dataset id 8543 / TFDA opendata InfoId=20); 查詢頁 https://consumer.fda.gov.tw/Food/TFND.aspx?nodeID=178 ; 整合編號=E7400101 (樣品基本資料)
蔬菜類,紅番茄,"柑(甘)仔蜜,草(番,西紅,六月)柿,臭柿仔,小金瓜,洋柿(茄)子,紅茄,毛臘果",Tomato,E7400102,20.0,0.9,0.0,4.4,衛生福利部食品藥物管理署 台灣食品成分資料庫(食品營養成分資料庫)開放資料; 下載自 https://data.fda.gov.tw/data/opendata/export/20/csv (政府資料開放平臺 data.gov.tw dataset id 8543 / TFDA opendata InfoId=20); 查詢頁 https://consumer.fda.gov.tw/Food/TFND.aspx?nodeID=178 ; 整合編號=E7400102 (樣品基本資料)
蔬菜類,桃太郎番茄,"柑(甘)仔蜜,草(番,西紅,六月)柿,臭柿仔,小金瓜,洋柿(茄)子,紅茄,毛臘果",Tomato,E7400103,17.0,0.7,0.0,4.0,衛生福利部食品藥物管理署 台灣食品成分資料庫(食品營養成分資料庫)開放資料; 下載自 https://data.fda.gov.tw/data/opendata/export/20/csv (政府資料開放平臺 data.gov.tw dataset id 8543 / TFDA opendata InfoId=20); 查詢頁 https://consumer.fda.gov.tw/Food/TFND.aspx?nodeID=178 ; 整合編號=E7400103 (樣品基本資料)
蔬菜類,黃番茄,"柑(甘)仔蜜,草(番,西紅,六月)柿,臭柿仔,小金瓜,洋柿(茄)子,紅茄,毛臘果",Tomato,E7400201,23.0,0.9,0.0,5.3,衛生福利部食品藥物管理署 台灣食品成分資料庫(食品營養成分資料庫)開放資料; 下載自 https://data.fda.gov.tw/data/opendata/export/20/csv (政府資料開放平臺 data.gov.tw dataset id 8543 / TFDA opendata InfoId=20); 查詢頁 https://consumer.fda.gov.tw/Food/TFND.aspx?nodeID=178 ; 整合編號=E7400201 (樣品基本資料)
蔬菜類,大番茄平均值(綠色系),"柑仔蜜,甘仔(阿)蜜,草柿,臭柿仔,西紅柿,小金瓜,番柿,六月柿,洋柿(茄)子,紅茄,毛臘果",Tomato,E74003,22.0,0.7,0.1,5.0,衛生福利部食品藥物管理署 台灣食品成分資料庫(食品營養成分資料庫)開放資料; 下載自 https://data.fda.gov.tw/data/opendata/export/20/csv (政府資料開放平臺 data.gov.tw dataset id 8543 / TFDA opendata InfoId=20); 查詢頁 https://consumer.fda.gov.tw/Food/TFND.aspx?nodeID=178 ; 整合編號=E74003 (樣品平均值)
蔬菜類,粉柿番茄,"柑(甘)仔蜜,草(番,西紅,六月)柿,臭柿仔,小金瓜,洋柿(茄)子,紅茄,毛臘果(粉柿仔)",Tomato,E7400301,18.0,0.8,0.0,4.0,衛生福利部食品藥物管理署 台灣食品成分資料庫(食品營養成分資料庫)開放資料; 下載自 https://data.fda.gov.tw/data/opendata/export/20/csv (政府資料開放平臺 data.gov.tw dataset id 8543 / TFDA opendata InfoId=20); 查詢頁 https://consumer.fda.gov.tw/Food/TFND.aspx?nodeID=178 ; 整合編號=E7400301 (樣品基本資料)
蔬菜類,黑柿番茄,"柑(甘)仔蜜,草(番,西紅,六月)柿,臭柿仔,小金瓜,洋柿(茄)子,紅茄,毛臘果",Tomato,E7400302,23.0,0.4,0.1,5.6,衛生福利部食品藥物管理署 台灣食品成分資料庫(食品營養成分資料庫)開放資料; 下載自 https://data.fda.gov.tw/data/opendata/export/20/csv (政府資料開放平臺 data.gov.tw dataset id 8543 / TFDA opendata InfoId=20); 查詢頁 https://consumer.fda.gov.tw/Food/TFND.aspx?nodeID=178 ; 整合編號=E7400302 (樣品基本資料)
蔬菜類,綠番茄,"柑(甘)仔蜜,草(番,西紅,六月)柿,臭柿仔,小金瓜,洋柿(茄)子,紅茄,毛臘果",Tomato,E7400303,25.0,0.9,0.1,5.4,衛生福利部食品藥物管理署 台灣食品成分資料庫(食品營養成分資料庫)開放資料; 下載自 https://data.fda.gov.tw/data/opendata/export/20/csv (政府資料開放平臺 data.gov.tw dataset id 8543 / TFDA opendata InfoId=20); 查詢頁 https://consumer.fda.gov.tw/Food/TFND.aspx?nodeID=178 ; 整合編號=E7400303 (樣品基本資料)
蔬菜類,小番茄平均值(紅色系),"柑仔蜜,甘仔(阿)蜜,草柿,臭柿仔,西紅柿,小金瓜,番柿,六月柿,洋柿(茄)子,紅茄,毛臘果",Tomato,E74004,33.0,0.9,0.2,7.4,衛生福利部食品藥物管理署 台灣食品成分資料庫(食品營養成分資料庫)開放資料; 下載自 https://data.fda.gov.tw/data/opendata/export/20/csv (政府資料開放平臺 data.gov.tw dataset id 8543 / TFDA opendata InfoId=20); 查詢頁 https://consumer.fda.gov.tw/Food/TFND.aspx?nodeID=178 ; 整合編號=E74004 (樣品平均值)
蔬菜類,聖女小番茄,"柑(甘)仔蜜,草(番,西紅,六月)柿,臭柿仔,小金瓜,洋柿(茄)子,紅茄,毛臘果",Tomato,E7400401,34.0,1.1,0.5,6.9,衛生福利部食品藥物管理署 台灣食品成分資料庫(食品營養成分資料庫)開放資料; 下載自 https://data.fda.gov.tw/data/opendata/export/20/csv (政府資料開放平臺 data.gov.tw dataset id 8543 / TFDA opendata InfoId=20); 查詢頁 https://consumer.fda.gov.tw/Food/TFND.aspx?nodeID=178 ; 整合編號=E7400401 (樣品基本資料)
蔬菜類,試交二號小番茄,"柑(甘)仔蜜,草(番,西紅,六月)柿,臭柿仔,小金瓜,洋柿(茄)子,紅茄,毛臘果",Tomato,E7400402,30.0,0.7,0.0,7.2,衛生福利部食品藥物管理署 台灣食品成分資料庫(食品營養成分資料庫)開放資料; 下載自 https://data.fda.gov.tw/data/opendata/export/20/csv (政府資料開放平臺 data.gov.tw dataset id 8543 / TFDA opendata InfoId=20); 查詢頁 https://consumer.fda.gov.tw/Food/TFND.aspx?nodeID=178 ; 整合編號=E7400402 (樣品基本資料)
蔬菜類,櫻桃小番茄,"柑(甘)仔蜜,草(番,西紅,六月)柿,臭柿仔,小金瓜,洋柿(茄)子,紅茄,毛臘果",Tomato,E7400403,34.0,0.9,0.1,8.1,衛生福利部食品藥物管理署 台灣食品成分資料庫(食品營養成分資料庫)開放資料; 下載自 https://data.fda.gov.tw/data/opendata/export/20/csv (政府資料開放平臺 data.gov.tw dataset id 8543 / TFDA opendata InfoId=20); 查詢頁 https://consumer.fda.gov.tw/Food/TFND.aspx?nodeID=178 ; 整合編號=E7400403 (樣品基本資料)
蔬菜類,黃金小蕃茄,"柑(甘)仔蜜,草(番,西紅,六月)柿,臭柿仔,小金瓜,洋柿(茄)子,紅茄,毛臘果",Tomato,E7400501,31.0,0.8,0.2,6.8,衛生福利部食品藥物管理署 台灣食品成分資料庫(食品營養成分資料庫)開放資料; 下載自 https://data.fda.gov.tw/data/opendata/export/20/csv (政府資料開放平臺 data.gov.tw dataset id 8543 / TFDA opendata InfoId=20); 查詢頁 https://consumer.fda.gov.tw/Food/TFND.aspx?nodeID=178 ; 整合編號=E7400501 (樣品基本資料)
蔬菜類,小番茄平均值(橙色系),"柑(甘)仔蜜,草(番,西紅,六月)柿,臭柿仔,小金瓜,洋柿(茄)子,紅茄,毛臘果",,E74006,31.0,1.1,0.2,6.9,衛生福利部食品藥物管理署 台灣食品成分資料庫(食品營養成分資料庫)開放資料; 下載自 https://data.fda.gov.tw/data/opendata/export/20/csv (政府資料開放平臺 data.gov.tw dataset id 8543 / TFDA opendata InfoId=20); 查詢頁 https://consumer.fda.gov.tw/Food/TFND.aspx?nodeID=178 ; 整合編號=E74006 (樣品平均值)
蔬菜類,金女小番茄,"柑(甘)仔蜜,草(番,西紅,六月)柿,臭柿仔,小金瓜,洋柿(茄)子,紅茄,毛臘果",Tomato,E7400601,30.0,1.1,0.1,6.6,衛生福利部食品藥物管理署 台灣食品成分資料庫(食品營養成分資料庫)開放資料; 下載自 https://data.fda.gov.tw/data/opendata/export/20/csv (政府資料開放平臺 data.gov.tw dataset id 8543 / TFDA opendata InfoId=20); 查詢頁 https://consumer.fda.gov.tw/Food/TFND.aspx?nodeID=178 ; 整合編號=E7400601 (樣品基本資料)
蔬菜類,黃金聖女小番茄,"柑(甘)仔蜜,草(番,西紅,六月)柿,臭柿仔,小金瓜,洋柿(茄)子,紅茄,毛臘果",Tomato,E7400602,31.0,1.0,0.1,7.0,衛生福利部食品藥物管理署 台灣食品成分資料庫(食品營養成分資料庫)開放資料; 下載自 https://data.fda.gov.tw/data/opendata/export/20/csv (政府資料開放平臺 data.gov.tw dataset id 8543 / TFDA opendata InfoId=20); 查詢頁 https://consumer.fda.gov.tw/Food/TFND.aspx?nodeID=178 ; 整合編號=E7400602 (樣品基本資料)
蔬菜類,橙蕃茄,"柑(甘)仔蜜,草(番,西紅,六月)柿,臭柿仔,小金瓜,洋柿(茄)子,紅茄,毛臘果",Tomato,E7400603,32.0,1.2,0.2,7.0,衛生福利部食品藥物管理署 台灣食品成分資料庫(食品營養成分資料庫)開放資料; 下載自 https://data.fda.gov.tw/data/opendata/export/20/csv (政府資料開放平臺 data.gov.tw dataset id 8543 / TFDA opendata InfoId=20); 查詢頁 https://consumer.fda.gov.tw/Food/TFND.aspx?nodeID=178 ; 整合編號=E7400603 (樣品基本資料)
蔬菜類,香瓜茄,"香瓜梨,南美香瓜梨",Pepino; Melon pear,E7400701,26.0,0.4,0.1,6.2,衛生福利部食品藥物管理署 台灣食品成分資料庫(食品營養成分資料庫)開放資料; 下載自 https://data.fda.gov.tw/data/opendata/export/20/csv (政府資料開放平臺 data.gov.tw dataset id 8543 / TFDA opendata InfoId=20); 查詢頁 https://consumer.fda.gov.tw/Food/TFND.aspx?nodeID=178 ; 整合編號=E7400701 (樣品基本資料)
蔬菜類,甜椒平均值(青皮),"青椒,(甜)番椒,青辣椒,大同仔,番羌仔,燈籠椒,生番薑,獅子椒,甘椒,生椒",Sweet pepper; Bell pepper,E75001,29.0,1.0,0.4,5.9,衛生福利部食品藥物管理署 台灣食品成分資料庫(食品營養成分資料庫)開放資料; 下載自 https://data.fda.gov.tw/data/opendata/export/20/csv (政府資料開放平臺 data.gov.tw dataset id 8543 / TFDA opendata InfoId=20); 查詢頁 https://consumer.fda.gov.tw/Food/TFND.aspx?nodeID=178 ; 整合編號=E75001 (樣品平均值)
蔬菜類,甜椒(青皮),"甜椒,甜番椒,大同仔,番羌仔,燈籠椒,生番薑,獅子椒,甘椒,生椒(青椒,青辣椒)",Sweet pepper; Bell pepper,E7500101,23.0,0.8,0.3,4.9,衛生福利部食品藥物管理署 台灣食品成分資料庫(食品營養成分資料庫)開放資料; 下載自 https://data.fda.gov.tw/data/opendata/export/20/csv (政府資料開放平臺 data.gov.tw dataset id 8543 / TFDA opendata InfoId=20); 查詢頁 https://consumer.fda.gov.tw/Food/TFND.aspx?nodeID=178 ; 整合編號=E7500101 (樣品基本資料)
蔬菜類,小甜椒(青皮),"甜椒,甜番椒,大同仔,番羌仔,燈籠椒,生番薑,獅子椒,甘椒,生椒(青椒,青辣椒)",Sweet pepper; Bell pepper,E7500102,35.0,1.4,0.5,6.8,衛生福利部食品藥物管理署 台灣食品成分資料庫(食品營養成分資料庫)開放資料; 下載自 https://data.fda.gov.tw/data/opendata/export/20/csv (政府資料開放平臺 data.gov.tw dataset id 8543 / TFDA opendata InfoId=20); 查詢頁 https://consumer.fda.gov.tw/Food/TFND.aspx?nodeID=178 ; 整合編號=E7500102 (樣品基本資料)
蔬菜類,高山甜椒(青皮),"甜椒,甜番椒,大同仔,番羌仔,燈籠椒,生番薑,獅子椒,甘椒,生椒(青椒,青辣椒)",Sweet pepper; Bell pepper,E7500103,30.0,0.9,0.6,6.0,衛生福利部食品藥物管理署 台灣食品成分資料庫(食品營養成分資料庫)開放資料; 下載自 https://data.fda.gov.tw/data/opendata/export/20/csv (政府資料開放平臺 data.gov.tw dataset id 8543 / TFDA opendata InfoId=20); 查詢頁 https://consumer.fda.gov.tw/Food/TFND.aspx?nodeID=178 ; 整合編號=E7500103 (樣品基本資料)
蔬菜類,甜椒(紅皮),"甜椒,甜番椒,大同仔,番羌仔,燈籠椒,生番薑,獅子椒,甘椒,生椒(紅椒,紅番(辣)椒,紅色大唐)",Sweet pepper; Bell pepper,E7500201,33.0,0.8,0.5,7.1,衛生福利部食品藥物管理署 台灣食品成分資料庫(食品營養成分資料庫)開放資料; 下載自 https://data.fda.gov.tw/data/opendata/export/20/csv (政府資料開放平臺 data.gov.tw dataset id 8543 / TFDA opendata InfoId=20); 查詢頁 https://consumer.fda.gov.tw/Food/TFND.aspx?nodeID=178 ; 整合編號=E7500201 (樣品基本資料)
蔬菜類,甜椒(黃皮),"甜椒,甜番椒,大同仔,番羌仔,燈籠椒,生番薑,獅子椒,甘椒,生椒",Sweet pepper; Bell pepper,E7500301,28.0,0.8,0.3,6.0,衛生福利部食品藥物管理署 台灣食品成分資料庫(食品營養成分資料庫)開放資料; 下載自 https://data.fda.gov.tw/data/opendata/export/20/csv (政府資料開放平臺 data.gov.tw dataset id 8543 / TFDA opendata InfoId=20); 查詢頁 https://consumer.fda.gov.tw/Food/TFND.aspx?nodeID=178 ; 整合編號=E7500301 (樣品基本資料)
蔬菜類,甜椒(橙皮),"甜椒,甜番椒,大同仔,番羌仔,燈籠椒,生番薑,獅子椒,甘椒,生椒",Sweet pepper; Bell pepper,E7500401,35.0,0.9,0.3,7.7,衛生福利部食品藥物管理署 台灣食品成分資料庫(食品營養成分資料庫)開放資料; 下載自 https://data.fda.gov.tw/data/opendata/export/20/csv (政府資料開放平臺 data.gov.tw dataset id 8543 / TFDA opendata InfoId=20); 查詢頁 https://consumer.fda.gov.tw/Food/TFND.aspx?nodeID=178 ; 整合編號=E7500401 (樣品基本資料)
蔬菜類,青辣椒平均值,"辣椒,番椒,番仔薑,臘椒(牛角辣椒,羊角辣椒,長辣(番)椒,青辣椒)",Hot pepper; Long pepper; Pepper,E75005,33.0,1.3,0.3,6.9,衛生福利部食品藥物管理署 台灣食品成分資料庫(食品營養成分資料庫)開放資料; 下載自 https://data.fda.gov.tw/data/opendata/export/20/csv (政府資料開放平臺 data.gov.tw dataset id 8543 / TFDA opendata InfoId=20); 查詢頁 https://consumer.fda.gov.tw/Food/TFND.aspx?nodeID=178 ; 整合編號=E75005 (樣品平均值)
蔬菜類,角椒,"辣椒,番椒,番仔薑,臘椒",Hot pepper; Long pepper; Pepper,E7500501,22.0,0.9,0.2,4.7,衛生福利部食品藥物管理署 台灣食品成分資料庫(食品營養成分資料庫)開放資料; 下載自 https://data.fda.gov.tw/data/opendata/export/20/csv (政府資料開放平臺 data.gov.tw dataset id 8543 / TFDA opendata InfoId=20); 查詢頁 https://consumer.fda.gov.tw/Food/TFND.aspx?nodeID=178 ; 整合編號=E7500501 (樣品基本資料)
蔬菜類,長辣椒(青皮),"辣椒,番椒,番仔薑,臘椒",Hot pepper; Long pepper; Pepper,E7500502,49.0,1.9,0.4,10.3,衛生福利部食品藥物管理署 台灣食品成分資料庫(食品營養成分資料庫)開放資料; 下載自 https://data.fda.gov.tw/data/opendata/export/20/csv (政府資料開放平臺 data.gov.tw dataset id 8543 / TFDA opendata InfoId=20); 查詢頁 https://consumer.fda.gov.tw/Food/TFND.aspx?nodeID=178 ; 整合編號=E7500502 (樣品基本資料)
蔬菜類,糯米椒,"辣椒,番椒,番仔薑,臘椒(伏見甘長辣椒)",Hot pepper; Long pepper; Pepper,E7500503,28.0,1.2,0.3,5.6,衛生福利部食品藥物管理署 台灣食品成分資料庫(食品營養成分資料庫)開放資料; 下載自 https://data.fda.gov.tw/data/opendata/export/20/csv (政府資料開放平臺 data.gov.tw dataset id 8543 / TFDA opendata InfoId=20); 查詢頁 https://consumer.fda.gov.tw/Food/TFND.aspx?nodeID=178 ; 整合編號=E7500503 (樣品基本資料)
蔬菜類,紅辣椒平均值,"辣椒,番椒,番仔薑,牛角辣椒,羊角辣椒,長辣(番)椒,紅辣椒,臘椒",Hot pepper; Long pepper; Pepper,E75006,80.0,3.6,0.9,16.4,衛生福利部食品藥物管理署 台灣食品成分資料庫(食品營養成分資料庫)開放資料; 下載自 https://data.fda.gov.tw/data/opendata/export/20/csv (政府資料開放平臺 data.gov.tw dataset id 8543 / TFDA opendata InfoId=20); 查詢頁 https://consumer.fda.gov.tw/Food/TFND.aspx?nodeID=178 ; 整合編號=E75006 (樣品平均值)
蔬菜類,長辣椒(紅皮),"辣椒,番椒,番仔薑,臘椒",Hot pepper; Long pepper; Pepper,E7500601,48.0,2.4,0.7,9.3,衛生福利部食品藥物管理署 台灣食品成分資料庫(食品營養成分資料庫)開放資料; 下載自 https://data.fda.gov.tw/data/opendata/export/20/csv (政府資料開放平臺 data.gov.tw dataset id 8543 / TFDA opendata InfoId=20); 查詢頁 https://consumer.fda.gov.tw/Food/TFND.aspx?nodeID=178 ; 整合編號=E7500601 (樣品基本資料)
蔬菜類,朝天椒(長果),"辣椒,番椒,番仔薑,臘椒,指(向)天椒,赤穗生番椒,叢果番椒,海椒",Hot pepper;  Pepper; Red cluster pepper,E7500602,90.0,3.4,1.3,17.9,衛生福利部食品藥物管理署 台灣食品成分資料庫(食品營養成分資料庫)開放資料; 下載自 https://data.fda.gov.tw/data/opendata/export/20/csv (政府資料開放平臺 data.gov.tw dataset id 8543 / TFDA opendata InfoId=20); 查詢頁 https://consumer.fda.gov.tw/Food/TFND.aspx?nodeID=178 ; 整合編號=E7500602 (樣品基本資料)
蔬菜類,朝天椒(圓果),"辣椒,番椒,番仔薑,臘椒,指(向)天椒,赤穗生番椒,叢果番椒,海椒(雞心椒)",Hot pepper; Long pepper; Pepper,E7500603,103.0,4.9,0.5,21.9,衛生福利部食品藥物管理署 台灣食品成分資料庫(食品營養成分資料庫)開放資料; 下載自 https://data.fda.gov.tw/data/opendata/export/20/csv (政府資料開放平臺 data.gov.tw dataset id 8543 / TFDA opendata InfoId=20); 查詢頁 https://consumer.fda.gov.tw/Food/TFND.aspx?nodeID=178 ; 整合編號=E7500603 (樣品基本資料)
蔬菜類,乾長辣椒(紅皮),"辣椒,番椒,番仔薑,臘椒",Hot pepper; Long pepper; Pepper,E7510101,382.0,19.9,17.2,47.6,衛生福利部食品藥物管理署 台灣食品成分資料庫(食品營養成分資料庫)開放資料; 下載自 https://data.fda.gov.tw/data/opendata/export/20/csv (政府資料開放平臺 data.gov.tw dataset id 8543 / TFDA opendata InfoId=20); 查詢頁 https://consumer.fda.gov.tw/Food/TFND.aspx?nodeID=178 ; 整合編號=E7510101 (樣品基本資料)
蔬菜類,黃秋葵,"秋葵,羊角豆,黃蜀葵,食香槿,假三念,黃葵",okra， okro， bamia， bamies， bamya， gumbo,E7600101,36.0,2.1,0.1,7.5,衛生福利部食品藥物管理署 台灣食品成分資料庫(食品營養成分資料庫)開放資料; 下載自 https://data.fda.gov.tw/data/opendata/export/20/csv (政府資料開放平臺 data.gov.tw dataset id 8543 / TFDA opendata InfoId=20); 查詢頁 https://consumer.fda.gov.tw/Food/TFND.aspx?nodeID=178 ; 整合編號=E7600101 (樣品基本資料)
蔬菜類,青花菜芽,"青花椰苗,青花菜苗,花菜苔芽",Broccoli Sprouts,E7700101,35.0,2.8,1.0,4.9,衛生福利部食品藥物管理署 台灣食品成分資料庫(食品營養成分資料庫)開放資料; 下載自 https://data.fda.gov.tw/data/opendata/export/20/csv (政府資料開放平臺 data.gov.tw dataset id 8543 / TFDA opendata InfoId=20); 查詢頁 https://consumer.fda.gov.tw/Food/TFND.aspx?nodeID=178 ; 整合編號=E7700101 (樣品基本資料)
蔬菜類,苜蓿芽,苜蓿嬰,Alfalfa sprout:organic,E7700201,20.0,3.2,0.2,2.5,衛生福利部食品藥物管理署 台灣食品成分資料庫(食品營養成分資料庫)開放資料; 下載自 https://data.fda.gov.tw/data/opendata/export/20/csv (政府資料開放平臺 data.gov.tw dataset id 8543 / TFDA opendata InfoId=20); 查詢頁 https://consumer.fda.gov.tw/Food/TFND.aspx?nodeID=178 ; 整合編號=E7700201 (樣品基本資料)
蔬菜類,紫甘藍芽,,,E7700301,32.0,0.2,0.7,6.6,衛生福利部食品藥物管理署 台灣食品成分資料庫(食品營養成分資料庫)開放資料; 下載自 https://data.fda.gov.tw/data/opendata/export/20/csv (政府資料開放平臺 data.gov.tw dataset id 8543 / TFDA opendata InfoId=20); 查詢頁 https://consumer.fda.gov.tw/Food/TFND.aspx?nodeID=178 ; 整合編號=E7700301 (樣品基本資料)
蔬菜類,黃豆芽,大豆芽,Soybean sprout:organic,E7700401,47.0,5.3,1.6,5.0,衛生福利部食品藥物管理署 台灣食品成分資料庫(食品營養成分資料庫)開放資料; 下載自 https://data.fda.gov.tw/data/opendata/export/20/csv (政府資料開放平臺 data.gov.tw dataset id 8543 / TFDA opendata InfoId=20); 查詢頁 https://consumer.fda.gov.tw/Food/TFND.aspx?nodeID=178 ; 整合編號=E7700401 (樣品基本資料)
蔬菜類,"黃豆芽(有機,2023年取樣)",大豆芽,Soybean sprout:organic,E7700402,41.0,5.1,1.0,5.0,衛生福利部食品藥物管理署 台灣食品成分資料庫(食品營養成分資料庫)開放資料; 下載自 https://data.fda.gov.tw/data/opendata/export/20/csv (政府資料開放平臺 data.gov.tw dataset id 8543 / TFDA opendata InfoId=20); 查詢頁 https://consumer.fda.gov.tw/Food/TFND.aspx?nodeID=178 ; 整合編號=E7700402 (樣品基本資料)
蔬菜類,黑豆芽,,Black bean sprout:organic,E7700501,52.0,6.6,1.1,6.4,衛生福利部食品藥物管理署 台灣食品成分資料庫(食品營養成分資料庫)開放資料; 下載自 https://data.fda.gov.tw/data/opendata/export/20/csv (政府資料開放平臺 data.gov.tw dataset id 8543 / TFDA opendata InfoId=20); 查詢頁 https://consumer.fda.gov.tw/Food/TFND.aspx?nodeID=178 ; 整合編號=E7700501 (樣品基本資料)
蔬菜類,葵花芽,,Sunflower sprout:organic,E7700601,26.0,2.5,0.4,4.3,衛生福利部食品藥物管理署 台灣食品成分資料庫(食品營養成分資料庫)開放資料; 下載自 https://data.fda.gov.tw/data/opendata/export/20/csv (政府資料開放平臺 data.gov.tw dataset id 8543 / TFDA opendata InfoId=20); 查詢頁 https://consumer.fda.gov.tw/Food/TFND.aspx?nodeID=178 ; 整合編號=E7700601 (樣品基本資料)
蔬菜類,綠豆芽,"豆芽菜,豆菜,綠豆菜",Mung bean sprout; bean sprout; Green gram,E7700701,24.0,2.3,0.2,4.1,衛生福利部食品藥物管理署 台灣食品成分資料庫(食品營養成分資料庫)開放資料; 下載自 https://data.fda.gov.tw/data/opendata/export/20/csv (政府資料開放平臺 data.gov.tw dataset id 8543 / TFDA opendata InfoId=20); 查詢頁 https://consumer.fda.gov.tw/Food/TFND.aspx?nodeID=178 ; 整合編號=E7700701 (樣品基本資料)
蔬菜類,豌豆芽,"豌豆嬰,荷蘭豆芽(嬰)",Pea sprouts,E7700801,25.0,4.0,0.4,2.9,衛生福利部食品藥物管理署 台灣食品成分資料庫(食品營養成分資料庫)開放資料; 下載自 https://data.fda.gov.tw/data/opendata/export/20/csv (政府資料開放平臺 data.gov.tw dataset id 8543 / TFDA opendata InfoId=20); 查詢頁 https://consumer.fda.gov.tw/Food/TFND.aspx?nodeID=178 ; 整合編號=E7700801 (樣品基本資料)
蔬菜類,蕎麥芽,"烏麥芽,花蕎芽,荍麥芽",Buckwheat sprout :Organic,E7700901,20.0,1.9,0.2,3.4,衛生福利部食品藥物管理署 台灣食品成分資料庫(食品營養成分資料庫)開放資料; 下載自 https://data.fda.gov.tw/data/opendata/export/20/csv (政府資料開放平臺 data.gov.tw dataset id 8543 / TFDA opendata InfoId=20); 查詢頁 https://consumer.fda.gov.tw/Food/TFND.aspx?nodeID=178 ; 整合編號=E7700901 (樣品基本資料)
蔬菜類,蘿蔔芽,"蘿蔔嬰,菜頭嬰(苗/芽),菜頭苗,貝芽菜","Radish sprout, Chinese radish sprout:Organic",E7701001,24.0,2.1,0.4,3.9,衛生福利部食品藥物管理署 台灣食品成分資料庫(食品營養成分資料庫)開放資料; 下載自 https://data.fda.gov.tw/data/opendata/export/20/csv (政府資料開放平臺 data.gov.tw dataset id 8543 / TFDA opendata InfoId=20); 查詢頁 https://consumer.fda.gov.tw/Food/TFND.aspx?nodeID=178 ; 整合編號=E7701001 (樣品基本資料)
蔬菜類,山蘇菜,"山蘇花,鳥巢蕨,山翅菜,雀(鳥)巢羊齒,歪頭 菜,巢鐵角蕨,掌草",Asplenium antiguum Mak.,E8700101,26.0,3.0,0.2,4.4,衛生福利部食品藥物管理署 台灣食品成分資料庫(食品營養成分資料庫)開放資料; 下載自 https://data.fda.gov.tw/data/opendata/export/20/csv (政府資料開放平臺 data.gov.tw dataset id 8543 / TFDA opendata InfoId=20); 查詢頁 https://consumer.fda.gov.tw/Food/TFND.aspx?nodeID=178 ; 整合編號=E8700101 (樣品基本資料)
蔬菜類,火炭母草,"川七,清飯藤,冷飯藤,雞糞(屎)藤,烏炭子",Notoginseng Radix,E8800101,12.0,1.6,0.4,1.2,衛生福利部食品藥物管理署 台灣食品成分資料庫(食品營養成分資料庫)開放資料; 下載自 https://data.fda.gov.tw/data/opendata/export/20/csv (政府資料開放平臺 data.gov.tw dataset id 8543 / TFDA opendata InfoId=20); 查詢頁 https://consumer.fda.gov.tw/Food/TFND.aspx?nodeID=178 ; 整合編號=E8800101 (樣品基本資料)
蔬菜類,石蓮花,蓮座草,,E8900101,11.0,0.4,0.1,2.2,衛生福利部食品藥物管理署 台灣食品成分資料庫(食品營養成分資料庫)開放資料; 下載自 https://data.fda.gov.tw/data/opendata/export/20/csv (政府資料開放平臺 data.gov.tw dataset id 8543 / TFDA opendata InfoId=20); 查詢頁 https://consumer.fda.gov.tw/Food/TFND.aspx?nodeID=178 ; 整合編號=E8900101 (樣品基本資料)
蔬菜類,青葙,"野雞冠,雞冠莧,筆雞冠,草決明",Amarnthus argenta L.,E9000101,50.0,2.5,1.6,7.7,衛生福利部食品藥物管理署 台灣食品成分資料庫(食品營養成分資料庫)開放資料; 下載自 https://data.fda.gov.tw/data/opendata/export/20/csv (政府資料開放平臺 data.gov.tw dataset id 8543 / TFDA opendata InfoId=20); 查詢頁 https://consumer.fda.gov.tw/Food/TFND.aspx?nodeID=178 ; 整合編號=E9000101 (樣品基本資料)
蔬菜類,假人蔘,"土人參,參仔葉(草),土高麗參,臺灣(野)參,櫨蘭,東洋參,參草",,E9100101,32.0,1.6,2.2,2.2,衛生福利部食品藥物管理署 台灣食品成分資料庫(食品營養成分資料庫)開放資料; 下載自 https://data.fda.gov.tw/data/opendata/export/20/csv (政府資料開放平臺 data.gov.tw dataset id 8543 / TFDA opendata InfoId=20); 查詢頁 https://consumer.fda.gov.tw/Food/TFND.aspx?nodeID=178 ; 整合編號=E9100101 (樣品基本資料)
蔬菜類,野苦瓜嫩梢,,,E9200101,77.0,5.7,1.7,12.2,衛生福利部食品藥物管理署 台灣食品成分資料庫(食品營養成分資料庫)開放資料; 下載自 https://data.fda.gov.tw/data/opendata/export/20/csv (政府資料開放平臺 data.gov.tw dataset id 8543 / TFDA opendata InfoId=20); 查詢頁 https://consumer.fda.gov.tw/Food/TFND.aspx?nodeID=178 ; 整合編號=E9200101 (樣品基本資料)
蔬菜類,過溝菜蕨,"過貓(溝),過貓(溝)菜,蕨山貓,食用雙囊蕨",Common bracken,E9300101,27.0,3.1,0.8,3.2,衛生福利部食品藥物管理署 台灣食品成分資料庫(食品營養成分資料庫)開放資料; 下載自 https://data.fda.gov.tw/data/opendata/export/20/csv (政府資料開放平臺 data.gov.tw dataset id 8543 / TFDA opendata InfoId=20); 查詢頁 https://consumer.fda.gov.tw/Food/TFND.aspx?nodeID=178 ; 整合編號=E9300101 (樣品基本資料)
蔬菜類,蔘鬚,,,E9400101,330.0,7.0,1.8,76.2,衛生福利部食品藥物管理署 台灣食品成分資料庫(食品營養成分資料庫)開放資料; 下載自 https://data.fda.gov.tw/data/opendata/export/20/csv (政府資料開放平臺 data.gov.tw dataset id 8543 / TFDA opendata InfoId=20); 查詢頁 https://consumer.fda.gov.tw/Food/TFND.aspx?nodeID=178 ; 整合編號=E9400101 (樣品基本資料)
蔬菜類,龍骨瓣莕菜,"水蓮菜,野蓮,銀蓮花,水皮蓮,刺種莕菜,捲瓣莕菜",White water snowflake,E9500101,17.0,1.1,0.3,3.1,衛生福利部食品藥物管理署 台灣食品成分資料庫(食品營養成分資料庫)開放資料; 下載自 https://data.fda.gov.tw/data/opendata/export/20/csv (政府資料開放平臺 data.gov.tw dataset id 8543 / TFDA opendata InfoId=20); 查詢頁 https://consumer.fda.gov.tw/Food/TFND.aspx?nodeID=178 ; 整合編號=E9500101 (樣品基本資料)
蔬菜類,薄荷,"仁丹草,升陽藥,南薄荷,夜息花,野薄荷,新卜荷",Mint; Unicorn leather jacket,E9600101,55.0,3.1,0.6,10.9,衛生福利部食品藥物管理署 台灣食品成分資料庫(食品營養成分資料庫)開放資料; 下載自 https://data.fda.gov.tw/data/opendata/export/20/csv (政府資料開放平臺 data.gov.tw dataset id 8543 / TFDA opendata InfoId=20); 查詢頁 https://consumer.fda.gov.tw/Food/TFND.aspx?nodeID=178 ; 整合編號=E9600101 (樣品基本資料)
蔬菜類,蕺菜,"魚腥草,臭腥草,臭臊草,臭瘥草,手藥",,E9700101,46.0,3.2,0.9,7.7,衛生福利部食品藥物管理署 台灣食品成分資料庫(食品營養成分資料庫)開放資料; 下載自 https://data.fda.gov.tw/data/opendata/export/20/csv (政府資料開放平臺 data.gov.tw dataset id 8543 / TFDA opendata InfoId=20); 查詢頁 https://consumer.fda.gov.tw/Food/TFND.aspx?nodeID=178 ; 整合編號=E9700101 (樣品基本資料)
蔬菜類,蘆薈,盧會,Aloe; ,E9800101,4.0,0.1,0.4,0.2,衛生福利部食品藥物管理署 台灣食品成分資料庫(食品營養成分資料庫)開放資料; 下載自 https://data.fda.gov.tw/data/opendata/export/20/csv (政府資料開放平臺 data.gov.tw dataset id 8543 / TFDA opendata InfoId=20); 查詢頁 https://consumer.fda.gov.tw/Food/TFND.aspx?nodeID=178 ; 整合編號=E9800101 (樣品基本資料)
蔬菜類,皇宮菜,,U.S.water spinach， ipom(o)ea， water convolvulus ,E9900101,22.0,2.2,0.3,3.5,衛生福利部食品藥物管理署 台灣食品成分資料庫(食品營養成分資料庫)開放資料; 下載自 https://data.fda.gov.tw/data/opendata/export/20/csv (政府資料開放平臺 data.gov.tw dataset id 8543 / TFDA opendata InfoId=20); 查詢頁 https://consumer.fda.gov.tw/Food/TFND.aspx?nodeID=178 ; 整合編號=E9900101 (樣品基本資料)
蔬菜類,香芫荽,,,E9900201,23.0,2.4,0.2,3.9,衛生福利部食品藥物管理署 台灣食品成分資料庫(食品營養成分資料庫)開放資料; 下載自 https://data.fda.gov.tw/data/opendata/export/20/csv (政府資料開放平臺 data.gov.tw dataset id 8543 / TFDA opendata InfoId=20); 查詢頁 https://consumer.fda.gov.tw/Food/TFND.aspx?nodeID=178 ; 整合編號=E9900201 (樣品基本資料)
蔬菜類,荷蘭豆菜心,,Pea bud,E9900301,30.0,3.9,0.6,3.9,衛生福利部食品藥物管理署 台灣食品成分資料庫(食品營養成分資料庫)開放資料; 下載自 https://data.fda.gov.tw/data/opendata/export/20/csv (政府資料開放平臺 data.gov.tw dataset id 8543 / TFDA opendata InfoId=20); 查詢頁 https://consumer.fda.gov.tw/Food/TFND.aspx?nodeID=178 ; 整合編號=E9900301 (樣品基本資料)
蔬菜類,厥子,,Fern bud,E9900401,23.0,2.3,0.2,3.9,衛生福利部食品藥物管理署 台灣食品成分資料庫(食品營養成分資料庫)開放資料; 下載自 https://data.fda.gov.tw/data/opendata/export/20/csv (政府資料開放平臺 data.gov.tw dataset id 8543 / TFDA opendata InfoId=20); 查詢頁 https://consumer.fda.gov.tw/Food/TFND.aspx?nodeID=178 ; 整合編號=E9900401 (樣品基本資料)
蔬菜類,義大利茼蒿,,,E9900501,15.0,1.6,0.4,1.9,衛生福利部食品藥物管理署 台灣食品成分資料庫(食品營養成分資料庫)開放資料; 下載自 https://data.fda.gov.tw/data/opendata/export/20/csv (政府資料開放平臺 data.gov.tw dataset id 8543 / TFDA opendata InfoId=20); 查詢頁 https://consumer.fda.gov.tw/Food/TFND.aspx?nodeID=178 ; 整合編號=E9900501 (樣品基本資料)
蔬菜類,龍延草,,,E9900601,79.0,3.9,2.3,12.7,衛生福利部食品藥物管理署 台灣食品成分資料庫(食品營養成分資料庫)開放資料; 下載自 https://data.fda.gov.tw/data/opendata/export/20/csv (政府資料開放平臺 data.gov.tw dataset id 8543 / TFDA opendata InfoId=20); 查詢頁 https://consumer.fda.gov.tw/Food/TFND.aspx?nodeID=178 ; 整合編號=E9900601 (樣品基本資料)
蔬菜類,麵包果,"釋迦果,馬檳榔",Bread-fruit Tree,E9900701,61.0,1.0,1.8,11.2,衛生福利部食品藥物管理署 台灣食品成分資料庫(食品營養成分資料庫)開放資料; 下載自 https://data.fda.gov.tw/data/opendata/export/20/csv (政府資料開放平臺 data.gov.tw dataset id 8543 / TFDA opendata InfoId=20); 查詢頁 https://consumer.fda.gov.tw/Food/TFND.aspx?nodeID=178 ; 整合編號=E9900701 (樣品基本資料)
蔬菜類,冰花,"冰菜,水晶冰花,冰葉日中花",Ice plant,E9900801,7.0,0.8,0.1,1.0,衛生福利部食品藥物管理署 台灣食品成分資料庫(食品營養成分資料庫)開放資料; 下載自 https://data.fda.gov.tw/data/opendata/export/20/csv (政府資料開放平臺 data.gov.tw dataset id 8543 / TFDA opendata InfoId=20); 查詢頁 https://consumer.fda.gov.tw/Food/TFND.aspx?nodeID=178 ; 整合編號=E9900801 (樣品基本資料)
藻類,紅毛苔,"海發菜,海髮菜,頭髮菜,紅毛菜",,F0110101,265.0,39.9,1.9,36.9,衛生福利部食品藥物管理署 台灣食品成分資料庫(食品營養成分資料庫)開放資料; 下載自 https://data.fda.gov.tw/data/opendata/export/20/csv (政府資料開放平臺 data.gov.tw dataset id 8543 / TFDA opendata InfoId=20); 查詢頁 https://consumer.fda.gov.tw/Food/TFND.aspx?nodeID=178 ; 整合編號=F0110101 (樣品基本資料)
藻類,紫菜,海苔,"Laver, nori",F0210101,268.0,28.1,0.9,47.9,衛生福利部食品藥物管理署 台灣食品成分資料庫(食品營養成分資料庫)開放資料; 下載自 https://data.fda.gov.tw/data/opendata/export/20/csv (政府資料開放平臺 data.gov.tw dataset id 8543 / TFDA opendata InfoId=20); 查詢頁 https://consumer.fda.gov.tw/Food/TFND.aspx?nodeID=178 ; 整合編號=F0210101 (樣品基本資料)
藻類,熟紫菜,海苔,"Laver, nori",F0210102,294.0,18.1,0.4,62.4,衛生福利部食品藥物管理署 台灣食品成分資料庫(食品營養成分資料庫)開放資料; 下載自 https://data.fda.gov.tw/data/opendata/export/20/csv (政府資料開放平臺 data.gov.tw dataset id 8543 / TFDA opendata InfoId=20); 查詢頁 https://consumer.fda.gov.tw/Food/TFND.aspx?nodeID=178 ; 整合編號=F0210102 (樣品基本資料)
藻類,髮菜,"頭髮菜,紅毛菜,發菜",Black moss; Hair-like seaw,F0310101,302.0,10.3,0.5,69.5,衛生福利部食品藥物管理署 台灣食品成分資料庫(食品營養成分資料庫)開放資料; 下載自 https://data.fda.gov.tw/data/opendata/export/20/csv (政府資料開放平臺 data.gov.tw dataset id 8543 / TFDA opendata InfoId=20); 查詢頁 https://consumer.fda.gov.tw/Food/TFND.aspx?nodeID=178 ; 整合編號=F0310101 (樣品基本資料)
藻類,麒麟菜,"麒麟草,海麒麟草,海珊湖,珊湖藻(草),鹹(鹽/神/福)草",,F0400101,41.0,1.0,0.0,9.9,衛生福利部食品藥物管理署 台灣食品成分資料庫(食品營養成分資料庫)開放資料; 下載自 https://data.fda.gov.tw/data/opendata/export/20/csv (政府資料開放平臺 data.gov.tw dataset id 8543 / TFDA opendata InfoId=20); 查詢頁 https://consumer.fda.gov.tw/Food/TFND.aspx?nodeID=178 ; 整合編號=F0400101 (樣品基本資料)
藻類,乾麒麟菜,"乾麒麟草,乾海麒麟草,乾海珊湖,乾珊湖藻(草),乾鹹(鹽/神/福)草",,F0410101,189.0,1.2,0.5,46.7,衛生福利部食品藥物管理署 台灣食品成分資料庫(食品營養成分資料庫)開放資料; 下載自 https://data.fda.gov.tw/data/opendata/export/20/csv (政府資料開放平臺 data.gov.tw dataset id 8543 / TFDA opendata InfoId=20); 查詢頁 https://consumer.fda.gov.tw/Food/TFND.aspx?nodeID=178 ; 整合編號=F0410101 (樣品基本資料)
藻類,礁膜,海菜(澎湖人稱),,F0500101,16.0,0.3,0.1,3.7,衛生福利部食品藥物管理署 台灣食品成分資料庫(食品營養成分資料庫)開放資料; 下載自 https://data.fda.gov.tw/data/opendata/export/20/csv (政府資料開放平臺 data.gov.tw dataset id 8543 / TFDA opendata InfoId=20); 查詢頁 https://consumer.fda.gov.tw/Food/TFND.aspx?nodeID=178 ; 整合編號=F0500101 (樣品基本資料)
藻類,乾海茸芯,"海海洋竹笙,乾素蹄筋",,F0610101,254.0,8.4,0.2,59.1,衛生福利部食品藥物管理署 台灣食品成分資料庫(食品營養成分資料庫)開放資料; 下載自 https://data.fda.gov.tw/data/opendata/export/20/csv (政府資料開放平臺 data.gov.tw dataset id 8543 / TFDA opendata InfoId=20); 查詢頁 https://consumer.fda.gov.tw/Food/TFND.aspx?nodeID=178 ; 整合編號=F0610101 (樣品基本資料)
藻類,海帶平均值,"江白菜,昆布,海昆布",Kelp; Sea weed,F07001,19.0,0.7,0.1,4.2,衛生福利部食品藥物管理署 台灣食品成分資料庫(食品營養成分資料庫)開放資料; 下載自 https://data.fda.gov.tw/data/opendata/export/20/csv (政府資料開放平臺 data.gov.tw dataset id 8543 / TFDA opendata InfoId=20); 查詢頁 https://consumer.fda.gov.tw/Food/TFND.aspx?nodeID=178 ; 整合編號=F07001 (樣品平均值)
藻類,海帶卷,"江白菜卷,昆布卷,海昆布卷",Kelp; Sea weed,F0700101,14.0,0.7,0.2,2.8,衛生福利部食品藥物管理署 台灣食品成分資料庫(食品營養成分資料庫)開放資料; 下載自 https://data.fda.gov.tw/data/opendata/export/20/csv (政府資料開放平臺 data.gov.tw dataset id 8543 / TFDA opendata InfoId=20); 查詢頁 https://consumer.fda.gov.tw/Food/TFND.aspx?nodeID=178 ; 整合編號=F0700101 (樣品基本資料)
藻類,海帶茸,"江白菜茸,昆布茸,海昆布茸",,F0700102,29.0,1.1,0.0,6.5,衛生福利部食品藥物管理署 台灣食品成分資料庫(食品營養成分資料庫)開放資料; 下載自 https://data.fda.gov.tw/data/opendata/export/20/csv (政府資料開放平臺 data.gov.tw dataset id 8543 / TFDA opendata InfoId=20); 查詢頁 https://consumer.fda.gov.tw/Food/TFND.aspx?nodeID=178 ; 整合編號=F0700102 (樣品基本資料)
藻類,海帶梗,海帶根,,F0700103,14.0,0.4,0.0,3.2,衛生福利部食品藥物管理署 台灣食品成分資料庫(食品營養成分資料庫)開放資料; 下載自 https://data.fda.gov.tw/data/opendata/export/20/csv (政府資料開放平臺 data.gov.tw dataset id 8543 / TFDA opendata InfoId=20); 查詢頁 https://consumer.fda.gov.tw/Food/TFND.aspx?nodeID=178 ; 整合編號=F0700103 (樣品基本資料)
藻類,海帶結,"江白菜結,昆布結,海昆布結",,F0700104,17.0,0.8,0.1,3.6,衛生福利部食品藥物管理署 台灣食品成分資料庫(食品營養成分資料庫)開放資料; 下載自 https://data.fda.gov.tw/data/opendata/export/20/csv (政府資料開放平臺 data.gov.tw dataset id 8543 / TFDA opendata InfoId=20); 查詢頁 https://consumer.fda.gov.tw/Food/TFND.aspx?nodeID=178 ; 整合編號=F0700104 (樣品基本資料)
藻類,海帶絲,"江白菜絲,昆布絲,海昆布絲",,F0700105,22.0,0.7,0.1,5.0,衛生福利部食品藥物管理署 台灣食品成分資料庫(食品營養成分資料庫)開放資料; 下載自 https://data.fda.gov.tw/data/opendata/export/20/csv (政府資料開放平臺 data.gov.tw dataset id 8543 / TFDA opendata InfoId=20); 查詢頁 https://consumer.fda.gov.tw/Food/TFND.aspx?nodeID=178 ; 整合編號=F0700105 (樣品基本資料)
藻類,乾海帶,"乾江白菜,乾昆布,乾海昆布",Kelp; Sea weed: dried,F0710101,220.0,10.0,1.1,47.3,衛生福利部食品藥物管理署 台灣食品成分資料庫(食品營養成分資料庫)開放資料; 下載自 https://data.fda.gov.tw/data/opendata/export/20/csv (政府資料開放平臺 data.gov.tw dataset id 8543 / TFDA opendata InfoId=20); 查詢頁 https://consumer.fda.gov.tw/Food/TFND.aspx?nodeID=178 ; 整合編號=F0710101 (樣品基本資料)
藻類,裙帶菜,"海帶芽,嫩海帶",,F0800101,58.0,5.0,0.0,11.6,衛生福利部食品藥物管理署 台灣食品成分資料庫(食品營養成分資料庫)開放資料; 下載自 https://data.fda.gov.tw/data/opendata/export/20/csv (政府資料開放平臺 data.gov.tw dataset id 8543 / TFDA opendata InfoId=20); 查詢頁 https://consumer.fda.gov.tw/Food/TFND.aspx?nodeID=178 ; 整合編號=F0800101 (樣品基本資料)
藻類,乾裙帶菜,"乾海帶芽,乾嫩海帶",,F0810101,225.0,22.9,0.7,40.8,衛生福利部食品藥物管理署 台灣食品成分資料庫(食品營養成分資料庫)開放資料; 下載自 https://data.fda.gov.tw/data/opendata/export/20/csv (政府資料開放平臺 data.gov.tw dataset id 8543 / TFDA opendata InfoId=20); 查詢頁 https://consumer.fda.gov.tw/Food/TFND.aspx?nodeID=178 ; 整合編號=F0810101 (樣品基本資料)
藻類,乾裙帶菜根,"乾海帶芽根,乾嫩海帶根",,F0810201,201.0,6.2,0.6,46.1,衛生福利部食品藥物管理署 台灣食品成分資料庫(食品營養成分資料庫)開放資料; 下載自 https://data.fda.gov.tw/data/opendata/export/20/csv (政府資料開放平臺 data.gov.tw dataset id 8543 / TFDA opendata InfoId=20); 查詢頁 https://consumer.fda.gov.tw/Food/TFND.aspx?nodeID=178 ; 整合編號=F0810201 (樣品基本資料)
藻類,鳳尾藻,紫晶藻,,F0910101,213.0,11.7,1.3,43.9,衛生福利部食品藥物管理署 台灣食品成分資料庫(食品營養成分資料庫)開放資料; 下載自 https://data.fda.gov.tw/data/opendata/export/20/csv (政府資料開放平臺 data.gov.tw dataset id 8543 / TFDA opendata InfoId=20); 查詢頁 https://consumer.fda.gov.tw/Food/TFND.aspx?nodeID=178 ; 整合編號=F0910101 (樣品基本資料)
藻類,葛仙米藻,"雨來菇,地木耳,地軟兒,地皮菜,草皮菇,情人的眼淚",Star jelly,F1000101,24.0,1.3,0.0,5.2,衛生福利部食品藥物管理署 台灣食品成分資料庫(食品營養成分資料庫)開放資料; 下載自 https://data.fda.gov.tw/data/opendata/export/20/csv (政府資料開放平臺 data.gov.tw dataset id 8543 / TFDA opendata InfoId=20); 查詢頁 https://consumer.fda.gov.tw/Food/TFND.aspx?nodeID=178 ; 整合編號=F1000101 (樣品基本資料)
藻類,壽司海苔片,,,F9900201,278.0,46.5,3.7,32.1,衛生福利部食品藥物管理署 台灣食品成分資料庫(食品營養成分資料庫)開放資料; 下載自 https://data.fda.gov.tw/data/opendata/export/20/csv (政府資料開放平臺 data.gov.tw dataset id 8543 / TFDA opendata InfoId=20); 查詢頁 https://consumer.fda.gov.tw/Food/TFND.aspx?nodeID=178 ; 整合編號=F9900201 (樣品基本資料)
蛋類,雞蛋平均值,,Hen's egg,K01001,135.0,12.7,8.9,1.6,衛生福利部食品藥物管理署 台灣食品成分資料庫(食品營養成分資料庫)開放資料; 下載自 https://data.fda.gov.tw/data/opendata/export/20/csv (政府資料開放平臺 data.gov.tw dataset id 8543 / TFDA opendata InfoId=20); 查詢頁 https://consumer.fda.gov.tw/Food/TFND.aspx?nodeID=178 ; 整合編號=K01001 (樣品平均值)
蛋類,雞蛋(白殼),,Hen's egg: white eggshell,K0100101,139.0,12.9,9.2,1.3,衛生福利部食品藥物管理署 台灣食品成分資料庫(食品營養成分資料庫)開放資料; 下載自 https://data.fda.gov.tw/data/opendata/export/20/csv (政府資料開放平臺 data.gov.tw dataset id 8543 / TFDA opendata InfoId=20); 查詢頁 https://consumer.fda.gov.tw/Food/TFND.aspx?nodeID=178 ; 整合編號=K0100101 (樣品基本資料)
蛋類,雞蛋(黃殼),,Hen's egg: yellow eggshell,K0100102,132.0,12.5,8.6,2.0,衛生福利部食品藥物管理署 台灣食品成分資料庫(食品營養成分資料庫)開放資料; 下載自 https://data.fda.gov.tw/data/opendata/export/20/csv (政府資料開放平臺 data.gov.tw dataset id 8543 / TFDA opendata InfoId=20); 查詢頁 https://consumer.fda.gov.tw/Food/TFND.aspx?nodeID=178 ; 整合編號=K0100102 (樣品基本資料)
蛋類,土雞蛋,,Hen's egg: wild,K0100201,129.0,12.9,8.1,1.7,衛生福利部食品藥物管理署 台灣食品成分資料庫(食品營養成分資料庫)開放資料; 下載自 https://data.fda.gov.tw/data/opendata/export/20/csv (政府資料開放平臺 data.gov.tw dataset id 8543 / TFDA opendata InfoId=20); 查詢頁 https://consumer.fda.gov.tw/Food/TFND.aspx?nodeID=178 ; 整合編號=K0100201 (樣品基本資料)
蛋類,土雞蛋(2022年取樣),,"Egg, whole, raw, fresh",K0100202,137.0,12.2,9.3,1.8,衛生福利部食品藥物管理署 台灣食品成分資料庫(食品營養成分資料庫)開放資料; 下載自 https://data.fda.gov.tw/data/opendata/export/20/csv (政府資料開放平臺 data.gov.tw dataset id 8543 / TFDA opendata InfoId=20); 查詢頁 https://consumer.fda.gov.tw/Food/TFND.aspx?nodeID=178 ; 整合編號=K0100202 (樣品基本資料)
蛋類,烏骨雞蛋,,Hen's egg: Silky fowl,K0100301,160.0,12.7,11.6,2.4,衛生福利部食品藥物管理署 台灣食品成分資料庫(食品營養成分資料庫)開放資料; 下載自 https://data.fda.gov.tw/data/opendata/export/20/csv (政府資料開放平臺 data.gov.tw dataset id 8543 / TFDA opendata InfoId=20); 查詢頁 https://consumer.fda.gov.tw/Food/TFND.aspx?nodeID=178 ; 整合編號=K0100301 (樣品基本資料)
蛋類,雞蛋(高DHA),,Hen's egg: DHA enriched,K0100401,132.0,12.5,8.6,1.8,衛生福利部食品藥物管理署 台灣食品成分資料庫(食品營養成分資料庫)開放資料; 下載自 https://data.fda.gov.tw/data/opendata/export/20/csv (政府資料開放平臺 data.gov.tw dataset id 8543 / TFDA opendata InfoId=20); 查詢頁 https://consumer.fda.gov.tw/Food/TFND.aspx?nodeID=178 ; 整合編號=K0100401 (樣品基本資料)
蛋類,雞蛋(高次亞麻油酸),,Hen's egg: linolenic acid enriched,K0100501,139.0,12.4,9.4,2.8,衛生福利部食品藥物管理署 台灣食品成分資料庫(食品營養成分資料庫)開放資料; 下載自 https://data.fda.gov.tw/data/opendata/export/20/csv (政府資料開放平臺 data.gov.tw dataset id 8543 / TFDA opendata InfoId=20); 查詢頁 https://consumer.fda.gov.tw/Food/TFND.aspx?nodeID=178 ; 整合編號=K0100501 (樣品基本資料)
蛋類,雞蛋(高亞麻油酸),,Hen's egg: linoleic acid enriched,K0100601,133.0,13.0,8.4,0.8,衛生福利部食品藥物管理署 台灣食品成分資料庫(食品營養成分資料庫)開放資料; 下載自 https://data.fda.gov.tw/data/opendata/export/20/csv (政府資料開放平臺 data.gov.tw dataset id 8543 / TFDA opendata InfoId=20); 查詢頁 https://consumer.fda.gov.tw/Food/TFND.aspx?nodeID=178 ; 整合編號=K0100601 (樣品基本資料)
蛋類,初卵雞蛋,,Hen's egg at the early stage ,K0100701,136.0,12.3,9.2,1.4,衛生福利部食品藥物管理署 台灣食品成分資料庫(食品營養成分資料庫)開放資料; 下載自 https://data.fda.gov.tw/data/opendata/export/20/csv (政府資料開放平臺 data.gov.tw dataset id 8543 / TFDA opendata InfoId=20); 查詢頁 https://consumer.fda.gov.tw/Food/TFND.aspx?nodeID=178 ; 整合編號=K0100701 (樣品基本資料)
蛋類,雞蛋(高維生素A&E),,Hen's egg: vitamin A&E enriched,K0100801,134.0,12.1,9.0,0.0,衛生福利部食品藥物管理署 台灣食品成分資料庫(食品營養成分資料庫)開放資料; 下載自 https://data.fda.gov.tw/data/opendata/export/20/csv (政府資料開放平臺 data.gov.tw dataset id 8543 / TFDA opendata InfoId=20); 查詢頁 https://consumer.fda.gov.tw/Food/TFND.aspx?nodeID=178 ; 整合編號=K0100801 (樣品基本資料)
蛋類,雞蛋(高維生素E),,Hen's egg: vitamin E enriched,K0100901,143.0,12.8,9.7,1.4,衛生福利部食品藥物管理署 台灣食品成分資料庫(食品營養成分資料庫)開放資料; 下載自 https://data.fda.gov.tw/data/opendata/export/20/csv (政府資料開放平臺 data.gov.tw dataset id 8543 / TFDA opendata InfoId=20); 查詢頁 https://consumer.fda.gov.tw/Food/TFND.aspx?nodeID=178 ; 整合編號=K0100901 (樣品基本資料)
蛋類,雞蛋白平均值,,Hen's egg white,K01061,50.0,11.2,0.1,0.5,衛生福利部食品藥物管理署 台灣食品成分資料庫(食品營養成分資料庫)開放資料; 下載自 https://data.fda.gov.tw/data/opendata/export/20/csv (政府資料開放平臺 data.gov.tw dataset id 8543 / TFDA opendata InfoId=20); 查詢頁 https://consumer.fda.gov.tw/Food/TFND.aspx?nodeID=178 ; 整合編號=K01061 (樣品平均值)
蛋類,雞蛋白(白殼),,Hen's egg white: white eggshell,K0106101,48.0,10.7,0.1,0.0,衛生福利部食品藥物管理署 台灣食品成分資料庫(食品營養成分資料庫)開放資料; 下載自 https://data.fda.gov.tw/data/opendata/export/20/csv (政府資料開放平臺 data.gov.tw dataset id 8543 / TFDA opendata InfoId=20); 查詢頁 https://consumer.fda.gov.tw/Food/TFND.aspx?nodeID=178 ; 整合編號=K0106101 (樣品基本資料)
蛋類,雞蛋白(黃殼),,Hen's egg white: yellow eggshell,K0106102,52.0,11.6,0.2,1.2,衛生福利部食品藥物管理署 台灣食品成分資料庫(食品營養成分資料庫)開放資料; 下載自 https://data.fda.gov.tw/data/opendata/export/20/csv (政府資料開放平臺 data.gov.tw dataset id 8543 / TFDA opendata InfoId=20); 查詢頁 https://consumer.fda.gov.tw/Food/TFND.aspx?nodeID=178 ; 整合編號=K0106102 (樣品基本資料)
蛋類,烏骨雞蛋白,,Hen's egg white: Silky fowl,K0106201,47.0,10.6,0.0,1.7,衛生福利部食品藥物管理署 台灣食品成分資料庫(食品營養成分資料庫)開放資料; 下載自 https://data.fda.gov.tw/data/opendata/export/20/csv (政府資料開放平臺 data.gov.tw dataset id 8543 / TFDA opendata InfoId=20); 查詢頁 https://consumer.fda.gov.tw/Food/TFND.aspx?nodeID=178 ; 整合編號=K0106201 (樣品基本資料)
蛋類,雞蛋黃平均值,,Hen's egg yolk,K01081,308.0,15.2,26.8,3.6,衛生福利部食品藥物管理署 台灣食品成分資料庫(食品營養成分資料庫)開放資料; 下載自 https://data.fda.gov.tw/data/opendata/export/20/csv (政府資料開放平臺 data.gov.tw dataset id 8543 / TFDA opendata InfoId=20); 查詢頁 https://consumer.fda.gov.tw/Food/TFND.aspx?nodeID=178 ; 整合編號=K01081 (樣品平均值)
蛋類,雞蛋黃(白殼),,Hen's egg yolk: white eggshell,K0108101,330.0,16.0,28.9,1.6,衛生福利部食品藥物管理署 台灣食品成分資料庫(食品營養成分資料庫)開放資料; 下載自 https://data.fda.gov.tw/data/opendata/export/20/csv (政府資料開放平臺 data.gov.tw dataset id 8543 / TFDA opendata InfoId=20); 查詢頁 https://consumer.fda.gov.tw/Food/TFND.aspx?nodeID=178 ; 整合編號=K0108101 (樣品基本資料)
蛋類,雞蛋黃(黃殼),,Hen's egg yolk: yellow eggshell,K0108102,286.0,14.5,24.7,5.6,衛生福利部食品藥物管理署 台灣食品成分資料庫(食品營養成分資料庫)開放資料; 下載自 https://data.fda.gov.tw/data/opendata/export/20/csv (政府資料開放平臺 data.gov.tw dataset id 8543 / TFDA opendata InfoId=20); 查詢頁 https://consumer.fda.gov.tw/Food/TFND.aspx?nodeID=178 ; 整合編號=K0108102 (樣品基本資料)
蛋類,烏骨雞蛋黃,,Hen's egg yolk: Silky fowl,K0108201,344.0,15.5,30.6,1.4,衛生福利部食品藥物管理署 台灣食品成分資料庫(食品營養成分資料庫)開放資料; 下載自 https://data.fda.gov.tw/data/opendata/export/20/csv (政府資料開放平臺 data.gov.tw dataset id 8543 / TFDA opendata InfoId=20); 查詢頁 https://consumer.fda.gov.tw/Food/TFND.aspx?nodeID=178 ; 整合編號=K0108201 (樣品基本資料)
蛋類,雞蛋黃(高維生素E),,Hen's egg yolk: vitamin E enriched,K0108301,314.0,16.2,27.0,5.4,衛生福利部食品藥物管理署 台灣食品成分資料庫(食品營養成分資料庫)開放資料; 下載自 https://data.fda.gov.tw/data/opendata/export/20/csv (政府資料開放平臺 data.gov.tw dataset id 8543 / TFDA opendata InfoId=20); 查詢頁 https://consumer.fda.gov.tw/Food/TFND.aspx?nodeID=178 ; 整合編號=K0108301 (樣品基本資料)
蛋類,溫泉蛋,,Japanese-style flavered spa egg,K0110101,137.0,12.9,7.8,3.8,衛生福利部食品藥物管理署 台灣食品成分資料庫(食品營養成分資料庫)開放資料; 下載自 https://data.fda.gov.tw/data/opendata/export/20/csv (政府資料開放平臺 data.gov.tw dataset id 8543 / TFDA opendata InfoId=20); 查詢頁 https://consumer.fda.gov.tw/Food/TFND.aspx?nodeID=178 ; 整合編號=K0110101 (樣品基本資料)
蛋類,雞水煮蛋,,Hen's egg: hard-boiled,K0111101,144.0,14.0,9.2,1.7,衛生福利部食品藥物管理署 台灣食品成分資料庫(食品營養成分資料庫)開放資料; 下載自 https://data.fda.gov.tw/data/opendata/export/20/csv (政府資料開放平臺 data.gov.tw dataset id 8543 / TFDA opendata InfoId=20); 查詢頁 https://consumer.fda.gov.tw/Food/TFND.aspx?nodeID=178 ; 整合編號=K0111101 (樣品基本資料)
蛋類,雞水煮蛋白,,Hen's egg white: hard-boiled,K0111601,61.0,13.6,0.2,1.5,衛生福利部食品藥物管理署 台灣食品成分資料庫(食品營養成分資料庫)開放資料; 下載自 https://data.fda.gov.tw/data/opendata/export/20/csv (政府資料開放平臺 data.gov.tw dataset id 8543 / TFDA opendata InfoId=20); 查詢頁 https://consumer.fda.gov.tw/Food/TFND.aspx?nodeID=178 ; 整合編號=K0111601 (樣品基本資料)
蛋類,雞水煮蛋黃,,Hen's egg yolk: hard-boiled,K0111801,343.0,15.5,30.5,2.9,衛生福利部食品藥物管理署 台灣食品成分資料庫(食品營養成分資料庫)開放資料; 下載自 https://data.fda.gov.tw/data/opendata/export/20/csv (政府資料開放平臺 data.gov.tw dataset id 8543 / TFDA opendata InfoId=20); 查詢頁 https://consumer.fda.gov.tw/Food/TFND.aspx?nodeID=178 ; 整合編號=K0111801 (樣品基本資料)
蛋類,茶葉蛋平均值,,Hen's egg: hard-boiled with salt and tea leaves,K01121,145.0,13.7,9.1,2.2,衛生福利部食品藥物管理署 台灣食品成分資料庫(食品營養成分資料庫)開放資料; 下載自 https://data.fda.gov.tw/data/opendata/export/20/csv (政府資料開放平臺 data.gov.tw dataset id 8543 / TFDA opendata InfoId=20); 查詢頁 https://consumer.fda.gov.tw/Food/TFND.aspx?nodeID=178 ; 整合編號=K01121 (樣品平均值)
蛋類,茶葉蛋(市售),,Hen's egg: hard-boiled with salt and tea leaves,K0112101,147.0,13.5,8.7,3.5,衛生福利部食品藥物管理署 台灣食品成分資料庫(食品營養成分資料庫)開放資料; 下載自 https://data.fda.gov.tw/data/opendata/export/20/csv (政府資料開放平臺 data.gov.tw dataset id 8543 / TFDA opendata InfoId=20); 查詢頁 https://consumer.fda.gov.tw/Food/TFND.aspx?nodeID=178 ; 整合編號=K0112101 (樣品基本資料)
蛋類,茶葉蛋(浸泡隔夜),,Hen's egg: hard-boiled with salt and tea leaves,K0112102,143.0,13.8,9.4,0.9,衛生福利部食品藥物管理署 台灣食品成分資料庫(食品營養成分資料庫)開放資料; 下載自 https://data.fda.gov.tw/data/opendata/export/20/csv (政府資料開放平臺 data.gov.tw dataset id 8543 / TFDA opendata InfoId=20); 查詢頁 https://consumer.fda.gov.tw/Food/TFND.aspx?nodeID=178 ; 整合編號=K0112102 (樣品基本資料)
蛋類,茶葉蛋白(浸泡隔夜),,Hen's egg whiet: hard-boiled with salt and tea leaves,K0112601,54.0,12.9,0.1,0.4,衛生福利部食品藥物管理署 台灣食品成分資料庫(食品營養成分資料庫)開放資料; 下載自 https://data.fda.gov.tw/data/opendata/export/20/csv (政府資料開放平臺 data.gov.tw dataset id 8543 / TFDA opendata InfoId=20); 查詢頁 https://consumer.fda.gov.tw/Food/TFND.aspx?nodeID=178 ; 整合編號=K0112601 (樣品基本資料)
蛋類,茶葉蛋黃(浸泡隔夜),,Hen's egg yolk: hard-boiled with salt and tea leaves,K0112801,344.0,15.7,30.3,2.2,衛生福利部食品藥物管理署 台灣食品成分資料庫(食品營養成分資料庫)開放資料; 下載自 https://data.fda.gov.tw/data/opendata/export/20/csv (政府資料開放平臺 data.gov.tw dataset id 8543 / TFDA opendata InfoId=20); 查詢頁 https://consumer.fda.gov.tw/Food/TFND.aspx?nodeID=178 ; 整合編號=K0112801 (樣品基本資料)
蛋類,雞皮蛋平均值,,Hen's egg: alkalized,K01131,134.0,12.5,8.1,3.0,衛生福利部食品藥物管理署 台灣食品成分資料庫(食品營養成分資料庫)開放資料; 下載自 https://data.fda.gov.tw/data/opendata/export/20/csv (政府資料開放平臺 data.gov.tw dataset id 8543 / TFDA opendata InfoId=20); 查詢頁 https://consumer.fda.gov.tw/Food/TFND.aspx?nodeID=178 ; 整合編號=K01131 (樣品平均值)
蛋類,雞皮蛋,,Hen's egg: alkalized,K0113101,142.0,12.8,8.5,3.6,衛生福利部食品藥物管理署 台灣食品成分資料庫(食品營養成分資料庫)開放資料; 下載自 https://data.fda.gov.tw/data/opendata/export/20/csv (政府資料開放平臺 data.gov.tw dataset id 8543 / TFDA opendata InfoId=20); 查詢頁 https://consumer.fda.gov.tw/Food/TFND.aspx?nodeID=178 ; 整合編號=K0113101 (樣品基本資料)
蛋類,土雞皮蛋,,"Hen's egg: wild, alkalized",K0113201,127.0,12.2,7.6,2.3,衛生福利部食品藥物管理署 台灣食品成分資料庫(食品營養成分資料庫)開放資料; 下載自 https://data.fda.gov.tw/data/opendata/export/20/csv (政府資料開放平臺 data.gov.tw dataset id 8543 / TFDA opendata InfoId=20); 查詢頁 https://consumer.fda.gov.tw/Food/TFND.aspx?nodeID=178 ; 整合編號=K0113201 (樣品基本資料)
蛋類,滷蛋平均值,,Hen's egg: stewed ,K01201,184.0,16.4,11.1,4.6,衛生福利部食品藥物管理署 台灣食品成分資料庫(食品營養成分資料庫)開放資料; 下載自 https://data.fda.gov.tw/data/opendata/export/20/csv (政府資料開放平臺 data.gov.tw dataset id 8543 / TFDA opendata InfoId=20); 查詢頁 https://consumer.fda.gov.tw/Food/TFND.aspx?nodeID=178 ; 整合編號=K01201 (樣品平均值)
蛋類,雞滷蛋(市售),,Hen's egg: stewed ,K0120101,191.0,15.7,11.4,6.4,衛生福利部食品藥物管理署 台灣食品成分資料庫(食品營養成分資料庫)開放資料; 下載自 https://data.fda.gov.tw/data/opendata/export/20/csv (政府資料開放平臺 data.gov.tw dataset id 8543 / TFDA opendata InfoId=20); 查詢頁 https://consumer.fda.gov.tw/Food/TFND.aspx?nodeID=178 ; 整合編號=K0120101 (樣品基本資料)
蛋類,雞滷蛋(現煮),,Hen's egg: stewed ,K0120102,178.0,16.6,11.1,3.1,衛生福利部食品藥物管理署 台灣食品成分資料庫(食品營養成分資料庫)開放資料; 下載自 https://data.fda.gov.tw/data/opendata/export/20/csv (政府資料開放平臺 data.gov.tw dataset id 8543 / TFDA opendata InfoId=20); 查詢頁 https://consumer.fda.gov.tw/Food/TFND.aspx?nodeID=178 ; 整合編號=K0120102 (樣品基本資料)
蛋類,雞滷蛋(浸泡隔夜),,Hen's egg: stewed ,K0120103,182.0,16.9,10.8,4.4,衛生福利部食品藥物管理署 台灣食品成分資料庫(食品營養成分資料庫)開放資料; 下載自 https://data.fda.gov.tw/data/opendata/export/20/csv (政府資料開放平臺 data.gov.tw dataset id 8543 / TFDA opendata InfoId=20); 查詢頁 https://consumer.fda.gov.tw/Food/TFND.aspx?nodeID=178 ; 整合編號=K0120103 (樣品基本資料)
蛋類,滷蛋白平均值,,Hen's egg white: stewed ,K01206,87.0,16.7,0.2,4.6,衛生福利部食品藥物管理署 台灣食品成分資料庫(食品營養成分資料庫)開放資料; 下載自 https://data.fda.gov.tw/data/opendata/export/20/csv (政府資料開放平臺 data.gov.tw dataset id 8543 / TFDA opendata InfoId=20); 查詢頁 https://consumer.fda.gov.tw/Food/TFND.aspx?nodeID=178 ; 整合編號=K01206 (樣品平均值)
蛋類,雞滷蛋白(現煮),,Hen's egg white: stewed ,K0120601,84.0,16.6,0.2,3.9,衛生福利部食品藥物管理署 台灣食品成分資料庫(食品營養成分資料庫)開放資料; 下載自 https://data.fda.gov.tw/data/opendata/export/20/csv (政府資料開放平臺 data.gov.tw dataset id 8543 / TFDA opendata InfoId=20); 查詢頁 https://consumer.fda.gov.tw/Food/TFND.aspx?nodeID=178 ; 整合編號=K0120601 (樣品基本資料)
蛋類,雞滷蛋白(浸泡隔夜),,Hen's egg white: stewed ,K0120602,89.0,16.7,0.2,5.2,衛生福利部食品藥物管理署 台灣食品成分資料庫(食品營養成分資料庫)開放資料; 下載自 https://data.fda.gov.tw/data/opendata/export/20/csv (政府資料開放平臺 data.gov.tw dataset id 8543 / TFDA opendata InfoId=20); 查詢頁 https://consumer.fda.gov.tw/Food/TFND.aspx?nodeID=178 ; 整合編號=K0120602 (樣品基本資料)
蛋類,滷蛋黃平均值,,Hen's egg yolk: stewed ,K01208,379.0,17.0,33.7,1.9,衛生福利部食品藥物管理署 台灣食品成分資料庫(食品營養成分資料庫)開放資料; 下載自 https://data.fda.gov.tw/data/opendata/export/20/csv (政府資料開放平臺 data.gov.tw dataset id 8543 / TFDA opendata InfoId=20); 查詢頁 https://consumer.fda.gov.tw/Food/TFND.aspx?nodeID=178 ; 整合編號=K01208 (樣品平均值)
蛋類,雞滷蛋黃(現煮),,Hen's egg yolk: stewed ,K0120801,376.0,16.6,33.8,1.3,衛生福利部食品藥物管理署 台灣食品成分資料庫(食品營養成分資料庫)開放資料; 下載自 https://data.fda.gov.tw/data/opendata/export/20/csv (政府資料開放平臺 data.gov.tw dataset id 8543 / TFDA opendata InfoId=20); 查詢頁 https://consumer.fda.gov.tw/Food/TFND.aspx?nodeID=178 ; 整合編號=K0120801 (樣品基本資料)
蛋類,雞滷蛋黃(浸泡隔夜),,Hen's egg yolk: stewed ,K0120802,382.0,17.4,33.6,2.6,衛生福利部食品藥物管理署 台灣食品成分資料庫(食品營養成分資料庫)開放資料; 下載自 https://data.fda.gov.tw/data/opendata/export/20/csv (政府資料開放平臺 data.gov.tw dataset id 8543 / TFDA opendata InfoId=20); 查詢頁 https://consumer.fda.gov.tw/Food/TFND.aspx?nodeID=178 ; 整合編號=K0120802 (樣品基本資料)
蛋類,雞鐵蛋,,hen's iron  egg,K0121101,288.0,26.6,17.5,5.9,衛生福利部食品藥物管理署 台灣食品成分資料庫(食品營養成分資料庫)開放資料; 下載自 https://data.fda.gov.tw/data/opendata/export/20/csv (政府資料開放平臺 data.gov.tw dataset id 8543 / TFDA opendata InfoId=20); 查詢頁 https://consumer.fda.gov.tw/Food/TFND.aspx?nodeID=178 ; 整合編號=K0121101 (樣品基本資料)
蛋類,雞水波蛋,(不帶殼水煮蛋),Hen's egg: poached ,K0122101,147.0,11.6,10.7,0.8,衛生福利部食品藥物管理署 台灣食品成分資料庫(食品營養成分資料庫)開放資料; 下載自 https://data.fda.gov.tw/data/opendata/export/20/csv (政府資料開放平臺 data.gov.tw dataset id 8543 / TFDA opendata InfoId=20); 查詢頁 https://consumer.fda.gov.tw/Food/TFND.aspx?nodeID=178 ; 整合編號=K0122101 (樣品基本資料)
蛋類,荷包蛋(不加油),,Hen's egg: over medium without oil ,K0123101,162.0,14.0,11.2,1.4,衛生福利部食品藥物管理署 台灣食品成分資料庫(食品營養成分資料庫)開放資料; 下載自 https://data.fda.gov.tw/data/opendata/export/20/csv (政府資料開放平臺 data.gov.tw dataset id 8543 / TFDA opendata InfoId=20); 查詢頁 https://consumer.fda.gov.tw/Food/TFND.aspx?nodeID=178 ; 整合編號=K0123101 (樣品基本資料)
蛋類,荷包蛋(加油1小匙),,Hen's egg: over medium with 1 teaspoon of oil ,K0123201,192.0,13.0,14.9,1.6,衛生福利部食品藥物管理署 台灣食品成分資料庫(食品營養成分資料庫)開放資料; 下載自 https://data.fda.gov.tw/data/opendata/export/20/csv (政府資料開放平臺 data.gov.tw dataset id 8543 / TFDA opendata InfoId=20); 查詢頁 https://consumer.fda.gov.tw/Food/TFND.aspx?nodeID=178 ; 整合編號=K0123201 (樣品基本資料)
蛋類,煎蛋(不加油),,Hen's egg: fried without oil ,K0150101,161.0,13.5,11.3,4.9,衛生福利部食品藥物管理署 台灣食品成分資料庫(食品營養成分資料庫)開放資料; 下載自 https://data.fda.gov.tw/data/opendata/export/20/csv (政府資料開放平臺 data.gov.tw dataset id 8543 / TFDA opendata InfoId=20); 查詢頁 https://consumer.fda.gov.tw/Food/TFND.aspx?nodeID=178 ; 整合編號=K0150101 (樣品基本資料)
蛋類,炒蛋(加油3大匙),,Hen's egg: scrambled with 3 tablespoons of oil ,K0150201,215.0,12.9,16.1,4.6,衛生福利部食品藥物管理署 台灣食品成分資料庫(食品營養成分資料庫)開放資料; 下載自 https://data.fda.gov.tw/data/opendata/export/20/csv (政府資料開放平臺 data.gov.tw dataset id 8543 / TFDA opendata InfoId=20); 查詢頁 https://consumer.fda.gov.tw/Food/TFND.aspx?nodeID=178 ; 整合編號=K0150201 (樣品基本資料)
蛋類,蒸蛋平均值,,Hen's egg custard,K01503,64.0,5.3,4.6,2.2,衛生福利部食品藥物管理署 台灣食品成分資料庫(食品營養成分資料庫)開放資料; 下載自 https://data.fda.gov.tw/data/opendata/export/20/csv (政府資料開放平臺 data.gov.tw dataset id 8543 / TFDA opendata InfoId=20); 查詢頁 https://consumer.fda.gov.tw/Food/TFND.aspx?nodeID=178 ; 整合編號=K01503 (樣品平均值)
蛋類,蒸蛋(市售),芙蓉豆腐,Hen's egg custard,K0150301,32.0,3.6,1.8,3.4,衛生福利部食品藥物管理署 台灣食品成分資料庫(食品營養成分資料庫)開放資料; 下載自 https://data.fda.gov.tw/data/opendata/export/20/csv (政府資料開放平臺 data.gov.tw dataset id 8543 / TFDA opendata InfoId=20); 查詢頁 https://consumer.fda.gov.tw/Food/TFND.aspx?nodeID=178 ; 整合編號=K0150301 (樣品基本資料)
蛋類,蒸蛋(微波爐),,Hen's egg custard,K0150302,82.0,6.4,6.0,1.8,衛生福利部食品藥物管理署 台灣食品成分資料庫(食品營養成分資料庫)開放資料; 下載自 https://data.fda.gov.tw/data/opendata/export/20/csv (政府資料開放平臺 data.gov.tw dataset id 8543 / TFDA opendata InfoId=20); 查詢頁 https://consumer.fda.gov.tw/Food/TFND.aspx?nodeID=178 ; 整合編號=K0150302 (樣品基本資料)
蛋類,蒸蛋(電鍋),,Hen's egg custard,K0150303,80.0,5.8,6.0,1.3,衛生福利部食品藥物管理署 台灣食品成分資料庫(食品營養成分資料庫)開放資料; 下載自 https://data.fda.gov.tw/data/opendata/export/20/csv (政府資料開放平臺 data.gov.tw dataset id 8543 / TFDA opendata InfoId=20); 查詢頁 https://consumer.fda.gov.tw/Food/TFND.aspx?nodeID=178 ; 整合編號=K0150303 (樣品基本資料)
蛋類,鴨蛋,,Duck's egg,K0200101,187.0,13.1,14.4,0.2,衛生福利部食品藥物管理署 台灣食品成分資料庫(食品營養成分資料庫)開放資料; 下載自 https://data.fda.gov.tw/data/opendata/export/20/csv (政府資料開放平臺 data.gov.tw dataset id 8543 / TFDA opendata InfoId=20); 查詢頁 https://consumer.fda.gov.tw/Food/TFND.aspx?nodeID=178 ; 整合編號=K0200101 (樣品基本資料)
蛋類,紅面番鴨蛋,,Duck's egg: muscovy ,K0200201,198.0,13.1,15.6,0.0,衛生福利部食品藥物管理署 台灣食品成分資料庫(食品營養成分資料庫)開放資料; 下載自 https://data.fda.gov.tw/data/opendata/export/20/csv (政府資料開放平臺 data.gov.tw dataset id 8543 / TFDA opendata InfoId=20); 查詢頁 https://consumer.fda.gov.tw/Food/TFND.aspx?nodeID=178 ; 整合編號=K0200201 (樣品基本資料)
蛋類,鴨蛋白,,Duck's egg white,K0206101,47.0,10.8,0.0,1.4,衛生福利部食品藥物管理署 台灣食品成分資料庫(食品營養成分資料庫)開放資料; 下載自 https://data.fda.gov.tw/data/opendata/export/20/csv (政府資料開放平臺 data.gov.tw dataset id 8543 / TFDA opendata InfoId=20); 查詢頁 https://consumer.fda.gov.tw/Food/TFND.aspx?nodeID=178 ; 整合編號=K0206101 (樣品基本資料)
蛋類,鴨蛋黃,,Duck's egg yolk,K0208101,347.0,15.8,30.8,2.0,衛生福利部食品藥物管理署 台灣食品成分資料庫(食品營養成分資料庫)開放資料; 下載自 https://data.fda.gov.tw/data/opendata/export/20/csv (政府資料開放平臺 data.gov.tw dataset id 8543 / TFDA opendata InfoId=20); 查詢頁 https://consumer.fda.gov.tw/Food/TFND.aspx?nodeID=178 ; 整合編號=K0208101 (樣品基本資料)
蛋類,鴨皮蛋,,Duck's  egg: alkalized,K0213101,164.0,12.8,11.4,2.7,衛生福利部食品藥物管理署 台灣食品成分資料庫(食品營養成分資料庫)開放資料; 下載自 https://data.fda.gov.tw/data/opendata/export/20/csv (政府資料開放平臺 data.gov.tw dataset id 8543 / TFDA opendata InfoId=20); 查詢頁 https://consumer.fda.gov.tw/Food/TFND.aspx?nodeID=178 ; 整合編號=K0213101 (樣品基本資料)
蛋類,鴨鹹蛋平均值,,Duck's  egg: salted,K02141,185.0,13.3,14.1,1.1,衛生福利部食品藥物管理署 台灣食品成分資料庫(食品營養成分資料庫)開放資料; 下載自 https://data.fda.gov.tw/data/opendata/export/20/csv (政府資料開放平臺 data.gov.tw dataset id 8543 / TFDA opendata InfoId=20); 查詢頁 https://consumer.fda.gov.tw/Food/TFND.aspx?nodeID=178 ; 整合編號=K02141 (樣品平均值)
蛋類,鴨生鹹蛋,,Duck's  egg: salted,K0214101,178.0,12.5,14.7,0.0,衛生福利部食品藥物管理署 台灣食品成分資料庫(食品營養成分資料庫)開放資料; 下載自 https://data.fda.gov.tw/data/opendata/export/20/csv (政府資料開放平臺 data.gov.tw dataset id 8543 / TFDA opendata InfoId=20); 查詢頁 https://consumer.fda.gov.tw/Food/TFND.aspx?nodeID=178 ; 整合編號=K0214101 (樣品基本資料)
蛋類,鴨熟鹹蛋,,Duck's  egg: salted,K0214102,183.0,13.7,13.8,0.8,衛生福利部食品藥物管理署 台灣食品成分資料庫(食品營養成分資料庫)開放資料; 下載自 https://data.fda.gov.tw/data/opendata/export/20/csv (政府資料開放平臺 data.gov.tw dataset id 8543 / TFDA opendata InfoId=20); 查詢頁 https://consumer.fda.gov.tw/Food/TFND.aspx?nodeID=178 ; 整合編號=K0214102 (樣品基本資料)
蛋類,鴨熟鹹蛋(薄鹽),,Duck's  egg: salted,K0214103,194.0,13.7,13.8,3.5,衛生福利部食品藥物管理署 台灣食品成分資料庫(食品營養成分資料庫)開放資料; 下載自 https://data.fda.gov.tw/data/opendata/export/20/csv (政府資料開放平臺 data.gov.tw dataset id 8543 / TFDA opendata InfoId=20); 查詢頁 https://consumer.fda.gov.tw/Food/TFND.aspx?nodeID=178 ; 整合編號=K0214103 (樣品基本資料)
蛋類,鴨鹹蛋黃,,Duck's  egg yolk: salted,K0214801,528.0,23.6,47.6,1.3,衛生福利部食品藥物管理署 台灣食品成分資料庫(食品營養成分資料庫)開放資料; 下載自 https://data.fda.gov.tw/data/opendata/export/20/csv (政府資料開放平臺 data.gov.tw dataset id 8543 / TFDA opendata InfoId=20); 查詢頁 https://consumer.fda.gov.tw/Food/TFND.aspx?nodeID=178 ; 整合編號=K0214801 (樣品基本資料)
蛋類,鵪鶉蛋,鳥蛋,Quail's egg ,K0300101,172.0,12.7,13.0,1.2,衛生福利部食品藥物管理署 台灣食品成分資料庫(食品營養成分資料庫)開放資料; 下載自 https://data.fda.gov.tw/data/opendata/export/20/csv (政府資料開放平臺 data.gov.tw dataset id 8543 / TFDA opendata InfoId=20); 查詢頁 https://consumer.fda.gov.tw/Food/TFND.aspx?nodeID=178 ; 整合編號=K0300101 (樣品基本資料)
蛋類,鵪鶉水煮蛋,鳥蛋,Quail's egg: hard-boiled,K0311101,163.0,12.3,12.1,0.0,衛生福利部食品藥物管理署 台灣食品成分資料庫(食品營養成分資料庫)開放資料; 下載自 https://data.fda.gov.tw/data/opendata/export/20/csv (政府資料開放平臺 data.gov.tw dataset id 8543 / TFDA opendata InfoId=20); 查詢頁 https://consumer.fda.gov.tw/Food/TFND.aspx?nodeID=178 ; 整合編號=K0311101 (樣品基本資料)
蛋類,鵪鶉皮蛋,鳥蛋,Quail's egg: alkalized,K0313101,160.0,13.8,10.9,1.8,衛生福利部食品藥物管理署 台灣食品成分資料庫(食品營養成分資料庫)開放資料; 下載自 https://data.fda.gov.tw/data/opendata/export/20/csv (政府資料開放平臺 data.gov.tw dataset id 8543 / TFDA opendata InfoId=20); 查詢頁 https://consumer.fda.gov.tw/Food/TFND.aspx?nodeID=178 ; 整合編號=K0313101 (樣品基本資料)
蛋類,鵪鶉鹹蛋,鳥蛋,Quail's egg: salted,K0314101,173.0,13.7,12.3,1.9,衛生福利部食品藥物管理署 台灣食品成分資料庫(食品營養成分資料庫)開放資料; 下載自 https://data.fda.gov.tw/data/opendata/export/20/csv (政府資料開放平臺 data.gov.tw dataset id 8543 / TFDA opendata InfoId=20); 查詢頁 https://consumer.fda.gov.tw/Food/TFND.aspx?nodeID=178 ; 整合編號=K0314101 (樣品基本資料)
蛋類,鵪鶉滷蛋,鳥蛋,Quail's egg,K0320101,238.0,16.2,14.3,11.1,衛生福利部食品藥物管理署 台灣食品成分資料庫(食品營養成分資料庫)開放資料; 下載自 https://data.fda.gov.tw/data/opendata/export/20/csv (政府資料開放平臺 data.gov.tw dataset id 8543 / TFDA opendata InfoId=20); 查詢頁 https://consumer.fda.gov.tw/Food/TFND.aspx?nodeID=178 ; 整合編號=K0320101 (樣品基本資料)
蛋類,鵪鶉鐵蛋,鳥蛋,Quail's iron  egg,K0321101,439.0,28.8,26.9,20.4,衛生福利部食品藥物管理署 台灣食品成分資料庫(食品營養成分資料庫)開放資料; 下載自 https://data.fda.gov.tw/data/opendata/export/20/csv (政府資料開放平臺 data.gov.tw dataset id 8543 / TFDA opendata InfoId=20); 查詢頁 https://consumer.fda.gov.tw/Food/TFND.aspx?nodeID=178 ; 整合編號=K0321101 (樣品基本資料)
蛋類,鴿蛋,鳥蛋,Pigeon's egg ,K0400101,96.0,10.2,5.7,2.5,衛生福利部食品藥物管理署 台灣食品成分資料庫(食品營養成分資料庫)開放資料; 下載自 https://data.fda.gov.tw/data/opendata/export/20/csv (政府資料開放平臺 data.gov.tw dataset id 8543 / TFDA opendata InfoId=20); 查詢頁 https://consumer.fda.gov.tw/Food/TFND.aspx?nodeID=178 ; 整合編號=K0400101 (樣品基本資料)
蛋類,鵝蛋,,Goose's egg ,K0500102,179.0,10.0,15.0,3.2,衛生福利部食品藥物管理署 台灣食品成分資料庫(食品營養成分資料庫)開放資料; 下載自 https://data.fda.gov.tw/data/opendata/export/20/csv (政府資料開放平臺 data.gov.tw dataset id 8543 / TFDA opendata InfoId=20); 查詢頁 https://consumer.fda.gov.tw/Food/TFND.aspx?nodeID=178 ; 整合編號=K0500102 (樣品基本資料)
調味料及香辛料類,八角,"大茴,茴香",Star anise,P0100101,360.0,4.9,3.9,76.2,衛生福利部食品藥物管理署 台灣食品成分資料庫(食品營養成分資料庫)開放資料; 下載自 https://data.fda.gov.tw/data/opendata/export/20/csv (政府資料開放平臺 data.gov.tw dataset id 8543 / TFDA opendata InfoId=20); 查詢頁 https://consumer.fda.gov.tw/Food/TFND.aspx?nodeID=178 ; 整合編號=P0100101 (樣品基本資料)
調味料及香辛料類,小茴香粉,孜然粉,Cumin powder,P0100201,411.0,19.5,25.8,37.0,衛生福利部食品藥物管理署 台灣食品成分資料庫(食品營養成分資料庫)開放資料; 下載自 https://data.fda.gov.tw/data/opendata/export/20/csv (政府資料開放平臺 data.gov.tw dataset id 8543 / TFDA opendata InfoId=20); 查詢頁 https://consumer.fda.gov.tw/Food/TFND.aspx?nodeID=178 ; 整合編號=P0100201 (樣品基本資料)
調味料及香辛料類,山葵粉,,,P0100301,387.0,10.1,6.1,72.9,衛生福利部食品藥物管理署 台灣食品成分資料庫(食品營養成分資料庫)開放資料; 下載自 https://data.fda.gov.tw/data/opendata/export/20/csv (政府資料開放平臺 data.gov.tw dataset id 8543 / TFDA opendata InfoId=20); 查詢頁 https://consumer.fda.gov.tw/Food/TFND.aspx?nodeID=178 ; 整合編號=P0100301 (樣品基本資料)
調味料及香辛料類,五香粉,,,P0100401,363.0,8.7,8.9,68.1,衛生福利部食品藥物管理署 台灣食品成分資料庫(食品營養成分資料庫)開放資料; 下載自 https://data.fda.gov.tw/data/opendata/export/20/csv (政府資料開放平臺 data.gov.tw dataset id 8543 / TFDA opendata InfoId=20); 查詢頁 https://consumer.fda.gov.tw/Food/TFND.aspx?nodeID=178 ; 整合編號=P0100401 (樣品基本資料)
調味料及香辛料類,甘草粉,,,P0100501,341.0,9.2,3.6,73.4,衛生福利部食品藥物管理署 台灣食品成分資料庫(食品營養成分資料庫)開放資料; 下載自 https://data.fda.gov.tw/data/opendata/export/20/csv (政府資料開放平臺 data.gov.tw dataset id 8543 / TFDA opendata InfoId=20); 查詢頁 https://consumer.fda.gov.tw/Food/TFND.aspx?nodeID=178 ; 整合編號=P0100501 (樣品基本資料)
調味料及香辛料類,肉桂粉,,Cassia powder,P0100601,343.0,4.2,2.9,78.8,衛生福利部食品藥物管理署 台灣食品成分資料庫(食品營養成分資料庫)開放資料; 下載自 https://data.fda.gov.tw/data/opendata/export/20/csv (政府資料開放平臺 data.gov.tw dataset id 8543 / TFDA opendata InfoId=20); 查詢頁 https://consumer.fda.gov.tw/Food/TFND.aspx?nodeID=178 ; 整合編號=P0100601 (樣品基本資料)
調味料及香辛料類,西洋芹菜片,,Cliantro leaves,P0100701,315.0,24.4,6.8,49.9,衛生福利部食品藥物管理署 台灣食品成分資料庫(食品營養成分資料庫)開放資料; 下載自 https://data.fda.gov.tw/data/opendata/export/20/csv (政府資料開放平臺 data.gov.tw dataset id 8543 / TFDA opendata InfoId=20); 查詢頁 https://consumer.fda.gov.tw/Food/TFND.aspx?nodeID=178 ; 整合編號=P0100701 (樣品基本資料)
調味料及香辛料類,花椒粉,,,P0100801,369.0,10.0,9.2,63.2,衛生福利部食品藥物管理署 台灣食品成分資料庫(食品營養成分資料庫)開放資料; 下載自 https://data.fda.gov.tw/data/opendata/export/20/csv (政府資料開放平臺 data.gov.tw dataset id 8543 / TFDA opendata InfoId=20); 查詢頁 https://consumer.fda.gov.tw/Food/TFND.aspx?nodeID=178 ; 整合編號=P0100801 (樣品基本資料)
調味料及香辛料類,洋香菜片,,Parsley leaves,P0100901,312.0,24.4,7.5,47.7,衛生福利部食品藥物管理署 台灣食品成分資料庫(食品營養成分資料庫)開放資料; 下載自 https://data.fda.gov.tw/data/opendata/export/20/csv (政府資料開放平臺 data.gov.tw dataset id 8543 / TFDA opendata InfoId=20); 查詢頁 https://consumer.fda.gov.tw/Food/TFND.aspx?nodeID=178 ; 整合編號=P0100901 (樣品基本資料)
調味料及香辛料類,洋蔥粉,,,P0101001,377.0,8.1,1.8,82.1,衛生福利部食品藥物管理署 台灣食品成分資料庫(食品營養成分資料庫)開放資料; 下載自 https://data.fda.gov.tw/data/opendata/export/20/csv (政府資料開放平臺 data.gov.tw dataset id 8543 / TFDA opendata InfoId=20); 查詢頁 https://consumer.fda.gov.tw/Food/TFND.aspx?nodeID=178 ; 整合編號=P0101001 (樣品基本資料)
調味料及香辛料類,白胡椒粉,,White pepper powder,P0101101,342.0,3.7,1.1,78.8,衛生福利部食品藥物管理署 台灣食品成分資料庫(食品營養成分資料庫)開放資料; 下載自 https://data.fda.gov.tw/data/opendata/export/20/csv (政府資料開放平臺 data.gov.tw dataset id 8543 / TFDA opendata InfoId=20); 查詢頁 https://consumer.fda.gov.tw/Food/TFND.aspx?nodeID=178 ; 整合編號=P0101101 (樣品基本資料)
調味料及香辛料類,紅胡椒粒,,,P0101201,376.0,5.9,13.7,59.3,衛生福利部食品藥物管理署 台灣食品成分資料庫(食品營養成分資料庫)開放資料; 下載自 https://data.fda.gov.tw/data/opendata/export/20/csv (政府資料開放平臺 data.gov.tw dataset id 8543 / TFDA opendata InfoId=20); 查詢頁 https://consumer.fda.gov.tw/Food/TFND.aspx?nodeID=178 ; 整合編號=P0101201 (樣品基本資料)
調味料及香辛料類,黑胡椒粉,,Black pepper powder,P0101301,372.0,11.6,6.7,67.7,衛生福利部食品藥物管理署 台灣食品成分資料庫(食品營養成分資料庫)開放資料; 下載自 https://data.fda.gov.tw/data/opendata/export/20/csv (政府資料開放平臺 data.gov.tw dataset id 8543 / TFDA opendata InfoId=20); 查詢頁 https://consumer.fda.gov.tw/Food/TFND.aspx?nodeID=178 ; 整合編號=P0101301 (樣品基本資料)
調味料及香辛料類,綠胡椒粒,,,P0101401,379.0,11.3,7.3,68.4,衛生福利部食品藥物管理署 台灣食品成分資料庫(食品營養成分資料庫)開放資料; 下載自 https://data.fda.gov.tw/data/opendata/export/20/csv (政府資料開放平臺 data.gov.tw dataset id 8543 / TFDA opendata InfoId=20); 查詢頁 https://consumer.fda.gov.tw/Food/TFND.aspx?nodeID=178 ; 整合編號=P0101401 (樣品基本資料)
調味料及香辛料類,迷迭香粉,,Rosemary powder,P0101501,432.0,5.9,21.9,59.8,衛生福利部食品藥物管理署 台灣食品成分資料庫(食品營養成分資料庫)開放資料; 下載自 https://data.fda.gov.tw/data/opendata/export/20/csv (政府資料開放平臺 data.gov.tw dataset id 8543 / TFDA opendata InfoId=20); 查詢頁 https://consumer.fda.gov.tw/Food/TFND.aspx?nodeID=178 ; 整合編號=P0101501 (樣品基本資料)
調味料及香辛料類,荳蔻粉,,Nutmeg powder,P0101601,448.0,6.7,26.2,50.6,衛生福利部食品藥物管理署 台灣食品成分資料庫(食品營養成分資料庫)開放資料; 下載自 https://data.fda.gov.tw/data/opendata/export/20/csv (政府資料開放平臺 data.gov.tw dataset id 8543 / TFDA opendata InfoId=20); 查詢頁 https://consumer.fda.gov.tw/Food/TFND.aspx?nodeID=178 ; 整合編號=P0101601 (樣品基本資料)
調味料及香辛料類,蒜粉,,Garlic powder,P0101701,332.0,18.1,0.4,71.9,衛生福利部食品藥物管理署 台灣食品成分資料庫(食品營養成分資料庫)開放資料; 下載自 https://data.fda.gov.tw/data/opendata/export/20/csv (政府資料開放平臺 data.gov.tw dataset id 8543 / TFDA opendata InfoId=20); 查詢頁 https://consumer.fda.gov.tw/Food/TFND.aspx?nodeID=178 ; 整合編號=P0101701 (樣品基本資料)
調味料及香辛料類,辣椒粉,,Shili powder; Cayenne; paprika,P0101801,387.0,14.7,14.1,59.1,衛生福利部食品藥物管理署 台灣食品成分資料庫(食品營養成分資料庫)開放資料; 下載自 https://data.fda.gov.tw/data/opendata/export/20/csv (政府資料開放平臺 data.gov.tw dataset id 8543 / TFDA opendata InfoId=20); 查詢頁 https://consumer.fda.gov.tw/Food/TFND.aspx?nodeID=178 ; 整合編號=P0101801 (樣品基本資料)
調味料及香辛料類,薑黃粉,,curcuma powder,P0101901,358.0,14.6,2.7,69.0,衛生福利部食品藥物管理署 台灣食品成分資料庫(食品營養成分資料庫)開放資料; 下載自 https://data.fda.gov.tw/data/opendata/export/20/csv (政府資料開放平臺 data.gov.tw dataset id 8543 / TFDA opendata InfoId=20); 查詢頁 https://consumer.fda.gov.tw/Food/TFND.aspx?nodeID=178 ; 整合編號=P0101901 (樣品基本資料)
調味料及香辛料類,薑粉,,,P0102001,333.0,10.4,3.6,70.5,衛生福利部食品藥物管理署 台灣食品成分資料庫(食品營養成分資料庫)開放資料; 下載自 https://data.fda.gov.tw/data/opendata/export/20/csv (政府資料開放平臺 data.gov.tw dataset id 8543 / TFDA opendata InfoId=20); 查詢頁 https://consumer.fda.gov.tw/Food/TFND.aspx?nodeID=178 ; 整合編號=P0102001 (樣品基本資料)
調味料及香辛料類,羅勒片,,Basil leaves,P0102101,289.0,23.3,5.8,46.1,衛生福利部食品藥物管理署 台灣食品成分資料庫(食品營養成分資料庫)開放資料; 下載自 https://data.fda.gov.tw/data/opendata/export/20/csv (政府資料開放平臺 data.gov.tw dataset id 8543 / TFDA opendata InfoId=20); 查詢頁 https://consumer.fda.gov.tw/Food/TFND.aspx?nodeID=178 ; 整合編號=P0102101 (樣品基本資料)
調味料及香辛料類,花椒粒,,,P0102201,359.0,10.3,12.5,53.6,衛生福利部食品藥物管理署 台灣食品成分資料庫(食品營養成分資料庫)開放資料; 下載自 https://data.fda.gov.tw/data/opendata/export/20/csv (政府資料開放平臺 data.gov.tw dataset id 8543 / TFDA opendata InfoId=20); 查詢頁 https://consumer.fda.gov.tw/Food/TFND.aspx?nodeID=178 ; 整合編號=P0102201 (樣品基本資料)
調味料及香辛料類,七味唐辛子,,Shichimi togarashi,P0200101,463.0,15.8,24.1,45.8,衛生福利部食品藥物管理署 台灣食品成分資料庫(食品營養成分資料庫)開放資料; 下載自 https://data.fda.gov.tw/data/opendata/export/20/csv (政府資料開放平臺 data.gov.tw dataset id 8543 / TFDA opendata InfoId=20); 查詢頁 https://consumer.fda.gov.tw/Food/TFND.aspx?nodeID=178 ; 整合編號=P0200101 (樣品基本資料)
調味料及香辛料類,沙茶粉,,,P0200201,507.0,15.0,28.8,47.0,衛生福利部食品藥物管理署 台灣食品成分資料庫(食品營養成分資料庫)開放資料; 下載自 https://data.fda.gov.tw/data/opendata/export/20/csv (政府資料開放平臺 data.gov.tw dataset id 8543 / TFDA opendata InfoId=20); 查詢頁 https://consumer.fda.gov.tw/Food/TFND.aspx?nodeID=178 ; 整合編號=P0200201 (樣品基本資料)
調味料及香辛料類,豆酥,,,P0200301,540.0,30.1,38.1,19.2,衛生福利部食品藥物管理署 台灣食品成分資料庫(食品營養成分資料庫)開放資料; 下載自 https://data.fda.gov.tw/data/opendata/export/20/csv (政府資料開放平臺 data.gov.tw dataset id 8543 / TFDA opendata InfoId=20); 查詢頁 https://consumer.fda.gov.tw/Food/TFND.aspx?nodeID=178 ; 整合編號=P0200301 (樣品基本資料)
調味料及香辛料類,咖哩粉,,Curry powder,P0200401,417.0,13.9,14.1,58.5,衛生福利部食品藥物管理署 台灣食品成分資料庫(食品營養成分資料庫)開放資料; 下載自 https://data.fda.gov.tw/data/opendata/export/20/csv (政府資料開放平臺 data.gov.tw dataset id 8543 / TFDA opendata InfoId=20); 查詢頁 https://consumer.fda.gov.tw/Food/TFND.aspx?nodeID=178 ; 整合編號=P0200401 (樣品基本資料)
調味料及香辛料類,咖哩塊,,Curry,P0200501,515.0,5.6,34.5,45.4,衛生福利部食品藥物管理署 台灣食品成分資料庫(食品營養成分資料庫)開放資料; 下載自 https://data.fda.gov.tw/data/opendata/export/20/csv (政府資料開放平臺 data.gov.tw dataset id 8543 / TFDA opendata InfoId=20); 查詢頁 https://consumer.fda.gov.tw/Food/TFND.aspx?nodeID=178 ; 整合編號=P0200501 (樣品基本資料)
調味料及香辛料類,油蔥酥,,Fried shallots,P0200601,518.0,7.4,28.8,57.1,衛生福利部食品藥物管理署 台灣食品成分資料庫(食品營養成分資料庫)開放資料; 下載自 https://data.fda.gov.tw/data/opendata/export/20/csv (政府資料開放平臺 data.gov.tw dataset id 8543 / TFDA opendata InfoId=20); 查詢頁 https://consumer.fda.gov.tw/Food/TFND.aspx?nodeID=178 ; 整合編號=P0200601 (樣品基本資料)
調味料及香辛料類,梅子粉,,,P0200701,286.0,2.0,3.9,60.8,衛生福利部食品藥物管理署 台灣食品成分資料庫(食品營養成分資料庫)開放資料; 下載自 https://data.fda.gov.tw/data/opendata/export/20/csv (政府資料開放平臺 data.gov.tw dataset id 8543 / TFDA opendata InfoId=20); 查詢頁 https://consumer.fda.gov.tw/Food/TFND.aspx?nodeID=178 ; 整合編號=P0200701 (樣品基本資料)
調味料及香辛料類,椰子粉,,Coconut powder,P0200801,629.0,7.2,60.3,27.8,衛生福利部食品藥物管理署 台灣食品成分資料庫(食品營養成分資料庫)開放資料; 下載自 https://data.fda.gov.tw/data/opendata/export/20/csv (政府資料開放平臺 data.gov.tw dataset id 8543 / TFDA opendata InfoId=20); 查詢頁 https://consumer.fda.gov.tw/Food/TFND.aspx?nodeID=178 ; 整合編號=P0200801 (樣品基本資料)
調味料及香辛料類,蒜頭酥,,,P0200901,452.0,11.7,17.8,61.2,衛生福利部食品藥物管理署 台灣食品成分資料庫(食品營養成分資料庫)開放資料; 下載自 https://data.fda.gov.tw/data/opendata/export/20/csv (政府資料開放平臺 data.gov.tw dataset id 8543 / TFDA opendata InfoId=20); 查詢頁 https://consumer.fda.gov.tw/Food/TFND.aspx?nodeID=178 ; 整合編號=P0200901 (樣品基本資料)
調味料及香辛料類,糖粉,,Sugar powder,P0201001,399.0,0.0,0.2,99.3,衛生福利部食品藥物管理署 台灣食品成分資料庫(食品營養成分資料庫)開放資料; 下載自 https://data.fda.gov.tw/data/opendata/export/20/csv (政府資料開放平臺 data.gov.tw dataset id 8543 / TFDA opendata InfoId=20); 查詢頁 https://consumer.fda.gov.tw/Food/TFND.aspx?nodeID=178 ; 整合編號=P0201001 (樣品基本資料)
調味料及香辛料類,椰漿,,,P0201101,208.0,1.1,23.1,0.0,衛生福利部食品藥物管理署 台灣食品成分資料庫(食品營養成分資料庫)開放資料; 下載自 https://data.fda.gov.tw/data/opendata/export/20/csv (政府資料開放平臺 data.gov.tw dataset id 8543 / TFDA opendata InfoId=20); 查詢頁 https://consumer.fda.gov.tw/Food/TFND.aspx?nodeID=178 ; 整合編號=P0201101 (樣品基本資料)
調味料及香辛料類,黃耆水,,,P0201201,14.0,0.9,0.0,2.9,衛生福利部食品藥物管理署 台灣食品成分資料庫(食品營養成分資料庫)開放資料; 下載自 https://data.fda.gov.tw/data/opendata/export/20/csv (政府資料開放平臺 data.gov.tw dataset id 8543 / TFDA opendata InfoId=20); 查詢頁 https://consumer.fda.gov.tw/Food/TFND.aspx?nodeID=178 ; 整合編號=P0201201 (樣品基本資料)
調味料及香辛料類,黃耆片,,,P0201301,321.0,14.9,1.6,68.7,衛生福利部食品藥物管理署 台灣食品成分資料庫(食品營養成分資料庫)開放資料; 下載自 https://data.fda.gov.tw/data/opendata/export/20/csv (政府資料開放平臺 data.gov.tw dataset id 8543 / TFDA opendata InfoId=20); 查詢頁 https://consumer.fda.gov.tw/Food/TFND.aspx?nodeID=178 ; 整合編號=P0201301 (樣品基本資料)
調味料及香辛料類,陳皮,,"Tangerine peel, chenpi",P0201401,349.0,6.9,2.4,74.8,衛生福利部食品藥物管理署 台灣食品成分資料庫(食品營養成分資料庫)開放資料; 下載自 https://data.fda.gov.tw/data/opendata/export/20/csv (政府資料開放平臺 data.gov.tw dataset id 8543 / TFDA opendata InfoId=20); 查詢頁 https://consumer.fda.gov.tw/Food/TFND.aspx?nodeID=178 ; 整合編號=P0201401 (樣品基本資料)
調味料及香辛料類,山楂,,,P0201501,345.0,1.9,2.5,78.7,衛生福利部食品藥物管理署 台灣食品成分資料庫(食品營養成分資料庫)開放資料; 下載自 https://data.fda.gov.tw/data/opendata/export/20/csv (政府資料開放平臺 data.gov.tw dataset id 8543 / TFDA opendata InfoId=20); 查詢頁 https://consumer.fda.gov.tw/Food/TFND.aspx?nodeID=178 ; 整合編號=P0201501 (樣品基本資料)
調味料及香辛料類,岩鹽,,Salt,P0300101,2.0,0.0,0.1,0.4,衛生福利部食品藥物管理署 台灣食品成分資料庫(食品營養成分資料庫)開放資料; 下載自 https://data.fda.gov.tw/data/opendata/export/20/csv (政府資料開放平臺 data.gov.tw dataset id 8543 / TFDA opendata InfoId=20); 查詢頁 https://consumer.fda.gov.tw/Food/TFND.aspx?nodeID=178 ; 整合編號=P0300101 (樣品基本資料)
調味料及香辛料類,低鈉鹽,,Salt: low sodium,P0300201,11.0,0.0,0.0,2.8,衛生福利部食品藥物管理署 台灣食品成分資料庫(食品營養成分資料庫)開放資料; 下載自 https://data.fda.gov.tw/data/opendata/export/20/csv (政府資料開放平臺 data.gov.tw dataset id 8543 / TFDA opendata InfoId=20); 查詢頁 https://consumer.fda.gov.tw/Food/TFND.aspx?nodeID=178 ; 整合編號=P0300201 (樣品基本資料)
調味料及香辛料類,味精,,Monosodium glutamate,P0400101,251.0,44.5,,18.1,衛生福利部食品藥物管理署 台灣食品成分資料庫(食品營養成分資料庫)開放資料; 下載自 https://data.fda.gov.tw/data/opendata/export/20/csv (政府資料開放平臺 data.gov.tw dataset id 8543 / TFDA opendata InfoId=20); 查詢頁 https://consumer.fda.gov.tw/Food/TFND.aspx?nodeID=178 ; 整合編號=P0400101 (樣品基本資料)
調味料及香辛料類,高鮮味精,,,P0400201,269.0,45.0,,22.3,衛生福利部食品藥物管理署 台灣食品成分資料庫(食品營養成分資料庫)開放資料; 下載自 https://data.fda.gov.tw/data/opendata/export/20/csv (政府資料開放平臺 data.gov.tw dataset id 8543 / TFDA opendata InfoId=20); 查詢頁 https://consumer.fda.gov.tw/Food/TFND.aspx?nodeID=178 ; 整合編號=P0400201 (樣品基本資料)
調味料及香辛料類,鮮雞精,,Granulated chicken stock,P0400301,267.0,10.8,10.1,33.3,衛生福利部食品藥物管理署 台灣食品成分資料庫(食品營養成分資料庫)開放資料; 下載自 https://data.fda.gov.tw/data/opendata/export/20/csv (政府資料開放平臺 data.gov.tw dataset id 8543 / TFDA opendata InfoId=20); 查詢頁 https://consumer.fda.gov.tw/Food/TFND.aspx?nodeID=178 ; 整合編號=P0400301 (樣品基本資料)
調味料及香辛料類,鰹魚粉,,,P0400401,240.0,21.9,1.0,35.8,衛生福利部食品藥物管理署 台灣食品成分資料庫(食品營養成分資料庫)開放資料; 下載自 https://data.fda.gov.tw/data/opendata/export/20/csv (政府資料開放平臺 data.gov.tw dataset id 8543 / TFDA opendata InfoId=20); 查詢頁 https://consumer.fda.gov.tw/Food/TFND.aspx?nodeID=178 ; 整合編號=P0400401 (樣品基本資料)
調味料及香辛料類,高湯塊(排骨),,,P0500101,363.0,12.5,23.9,24.5,衛生福利部食品藥物管理署 台灣食品成分資料庫(食品營養成分資料庫)開放資料; 下載自 https://data.fda.gov.tw/data/opendata/export/20/csv (政府資料開放平臺 data.gov.tw dataset id 8543 / TFDA opendata InfoId=20); 查詢頁 https://consumer.fda.gov.tw/Food/TFND.aspx?nodeID=178 ; 整合編號=P0500101 (樣品基本資料)
調味料及香辛料類,高湯塊(雞肉),,,P0500201,340.0,14.7,24.8,14.5,衛生福利部食品藥物管理署 台灣食品成分資料庫(食品營養成分資料庫)開放資料; 下載自 https://data.fda.gov.tw/data/opendata/export/20/csv (政府資料開放平臺 data.gov.tw dataset id 8543 / TFDA opendata InfoId=20); 查詢頁 https://consumer.fda.gov.tw/Food/TFND.aspx?nodeID=178 ; 整合編號=P0500201 (樣品基本資料)
調味料及香辛料類,高湯(豬大骨),,,P0500301,49.0,4.2,0.7,6.6,衛生福利部食品藥物管理署 台灣食品成分資料庫(食品營養成分資料庫)開放資料; 下載自 https://data.fda.gov.tw/data/opendata/export/20/csv (政府資料開放平臺 data.gov.tw dataset id 8543 / TFDA opendata InfoId=20); 查詢頁 https://consumer.fda.gov.tw/Food/TFND.aspx?nodeID=178 ; 整合編號=P0500301 (樣品基本資料)
調味料及香辛料類,低脂高湯,,,P0500401,2.0,0.3,0.0,0.3,衛生福利部食品藥物管理署 台灣食品成分資料庫(食品營養成分資料庫)開放資料; 下載自 https://data.fda.gov.tw/data/opendata/export/20/csv (政府資料開放平臺 data.gov.tw dataset id 8543 / TFDA opendata InfoId=20); 查詢頁 https://consumer.fda.gov.tw/Food/TFND.aspx?nodeID=178 ; 整合編號=P0500401 (樣品基本資料)
調味料及香辛料類,素食高湯,,,P0500501,17.0,0.3,0.0,4.0,衛生福利部食品藥物管理署 台灣食品成分資料庫(食品營養成分資料庫)開放資料; 下載自 https://data.fda.gov.tw/data/opendata/export/20/csv (政府資料開放平臺 data.gov.tw dataset id 8543 / TFDA opendata InfoId=20); 查詢頁 https://consumer.fda.gov.tw/Food/TFND.aspx?nodeID=178 ; 整合編號=P0500501 (樣品基本資料)
調味料及香辛料類,米醋,,Rice vinegar,P0600101,10.0,,,2.4,衛生福利部食品藥物管理署 台灣食品成分資料庫(食品營養成分資料庫)開放資料; 下載自 https://data.fda.gov.tw/data/opendata/export/20/csv (政府資料開放平臺 data.gov.tw dataset id 8543 / TFDA opendata InfoId=20); 查詢頁 https://consumer.fda.gov.tw/Food/TFND.aspx?nodeID=178 ; 整合編號=P0600101 (樣品基本資料)
調味料及香辛料類,糯米醋,,Rice vinegar,P0600201,17.0,0.1,0.0,4.1,衛生福利部食品藥物管理署 台灣食品成分資料庫(食品營養成分資料庫)開放資料; 下載自 https://data.fda.gov.tw/data/opendata/export/20/csv (政府資料開放平臺 data.gov.tw dataset id 8543 / TFDA opendata InfoId=20); 查詢頁 https://consumer.fda.gov.tw/Food/TFND.aspx?nodeID=178 ; 整合編號=P0600201 (樣品基本資料)
調味料及香辛料類,高梁醋,,Sorghum vinegar ,P0600301,27.0,,,6.8,衛生福利部食品藥物管理署 台灣食品成分資料庫(食品營養成分資料庫)開放資料; 下載自 https://data.fda.gov.tw/data/opendata/export/20/csv (政府資料開放平臺 data.gov.tw dataset id 8543 / TFDA opendata InfoId=20); 查詢頁 https://consumer.fda.gov.tw/Food/TFND.aspx?nodeID=178 ; 整合編號=P0600301 (樣品基本資料)
調味料及香辛料類,薏仁醋,,,P0600401,13.0,,,3.3,衛生福利部食品藥物管理署 台灣食品成分資料庫(食品營養成分資料庫)開放資料; 下載自 https://data.fda.gov.tw/data/opendata/export/20/csv (政府資料開放平臺 data.gov.tw dataset id 8543 / TFDA opendata InfoId=20); 查詢頁 https://consumer.fda.gov.tw/Food/TFND.aspx?nodeID=178 ; 整合編號=P0600401 (樣品基本資料)
調味料及香辛料類,紅醋,紅酢,Red vinegar,P0600501,5.0,0.3,0.0,0.8,衛生福利部食品藥物管理署 台灣食品成分資料庫(食品營養成分資料庫)開放資料; 下載自 https://data.fda.gov.tw/data/opendata/export/20/csv (政府資料開放平臺 data.gov.tw dataset id 8543 / TFDA opendata InfoId=20); 查詢頁 https://consumer.fda.gov.tw/Food/TFND.aspx?nodeID=178 ; 整合編號=P0600501 (樣品基本資料)
調味料及香辛料類,香醋,,Vinegar,P0600601,3.0,,,0.7,衛生福利部食品藥物管理署 台灣食品成分資料庫(食品營養成分資料庫)開放資料; 下載自 https://data.fda.gov.tw/data/opendata/export/20/csv (政府資料開放平臺 data.gov.tw dataset id 8543 / TFDA opendata InfoId=20); 查詢頁 https://consumer.fda.gov.tw/Food/TFND.aspx?nodeID=178 ; 整合編號=P0600601 (樣品基本資料)
調味料及香辛料類,烏醋,,Black vinegar,P0600701,37.0,0.5,0.0,8.7,衛生福利部食品藥物管理署 台灣食品成分資料庫(食品營養成分資料庫)開放資料; 下載自 https://data.fda.gov.tw/data/opendata/export/20/csv (政府資料開放平臺 data.gov.tw dataset id 8543 / TFDA opendata InfoId=20); 查詢頁 https://consumer.fda.gov.tw/Food/TFND.aspx?nodeID=178 ; 整合編號=P0600701 (樣品基本資料)
調味料及香辛料類,素食烏醋,,Vinegar,P0600801,42.0,,,10.4,衛生福利部食品藥物管理署 台灣食品成分資料庫(食品營養成分資料庫)開放資料; 下載自 https://data.fda.gov.tw/data/opendata/export/20/csv (政府資料開放平臺 data.gov.tw dataset id 8543 / TFDA opendata InfoId=20); 查詢頁 https://consumer.fda.gov.tw/Food/TFND.aspx?nodeID=178 ; 整合編號=P0600801 (樣品基本資料)
調味料及香辛料類,壽司醋,,Vinegar,P0600901,181.0,,,45.2,衛生福利部食品藥物管理署 台灣食品成分資料庫(食品營養成分資料庫)開放資料; 下載自 https://data.fda.gov.tw/data/opendata/export/20/csv (政府資料開放平臺 data.gov.tw dataset id 8543 / TFDA opendata InfoId=20); 查詢頁 https://consumer.fda.gov.tw/Food/TFND.aspx?nodeID=178 ; 整合編號=P0600901 (樣品基本資料)
調味料及香辛料類,醬油,,Soy sauce,P0700101,90.0,7.8,,14.7,衛生福利部食品藥物管理署 台灣食品成分資料庫(食品營養成分資料庫)開放資料; 下載自 https://data.fda.gov.tw/data/opendata/export/20/csv (政府資料開放平臺 data.gov.tw dataset id 8543 / TFDA opendata InfoId=20); 查詢頁 https://consumer.fda.gov.tw/Food/TFND.aspx?nodeID=178 ; 整合編號=P0700101 (樣品基本資料)
調味料及香辛料類,薏仁醬油,,Soy sauce,P0700201,83.0,9.3,,11.5,衛生福利部食品藥物管理署 台灣食品成分資料庫(食品營養成分資料庫)開放資料; 下載自 https://data.fda.gov.tw/data/opendata/export/20/csv (政府資料開放平臺 data.gov.tw dataset id 8543 / TFDA opendata InfoId=20); 查詢頁 https://consumer.fda.gov.tw/Food/TFND.aspx?nodeID=178 ; 整合編號=P0700201 (樣品基本資料)
調味料及香辛料類,黑豆醬油,"黑豆蔭油,蔭油",Soy sauce,P0700301,114.0,7.5,0.2,20.6,衛生福利部食品藥物管理署 台灣食品成分資料庫(食品營養成分資料庫)開放資料; 下載自 https://data.fda.gov.tw/data/opendata/export/20/csv (政府資料開放平臺 data.gov.tw dataset id 8543 / TFDA opendata InfoId=20); 查詢頁 https://consumer.fda.gov.tw/Food/TFND.aspx?nodeID=178 ; 整合編號=P0700301 (樣品基本資料)
調味料及香辛料類,淡色醬油,,Soy sauce,P0700401,78.0,7.1,0.4,11.5,衛生福利部食品藥物管理署 台灣食品成分資料庫(食品營養成分資料庫)開放資料; 下載自 https://data.fda.gov.tw/data/opendata/export/20/csv (政府資料開放平臺 data.gov.tw dataset id 8543 / TFDA opendata InfoId=20); 查詢頁 https://consumer.fda.gov.tw/Food/TFND.aspx?nodeID=178 ; 整合編號=P0700401 (樣品基本資料)
調味料及香辛料類,薄鹽醬油(低鈉),低鹽醬油,Soy sauce,P0700501,77.0,7.4,,11.9,衛生福利部食品藥物管理署 台灣食品成分資料庫(食品營養成分資料庫)開放資料; 下載自 https://data.fda.gov.tw/data/opendata/export/20/csv (政府資料開放平臺 data.gov.tw dataset id 8543 / TFDA opendata InfoId=20); 查詢頁 https://consumer.fda.gov.tw/Food/TFND.aspx?nodeID=178 ; 整合編號=P0700501 (樣品基本資料)
調味料及香辛料類,薄鹽醬油(低鈉高鉀),,Soy sauce,P0700601,56.0,6.5,,7.6,衛生福利部食品藥物管理署 台灣食品成分資料庫(食品營養成分資料庫)開放資料; 下載自 https://data.fda.gov.tw/data/opendata/export/20/csv (政府資料開放平臺 data.gov.tw dataset id 8543 / TFDA opendata InfoId=20); 查詢頁 https://consumer.fda.gov.tw/Food/TFND.aspx?nodeID=178 ; 整合編號=P0700601 (樣品基本資料)
調味料及香辛料類,醬油膏,,,P0700701,103.0,6.8,,19.0,衛生福利部食品藥物管理署 台灣食品成分資料庫(食品營養成分資料庫)開放資料; 下載自 https://data.fda.gov.tw/data/opendata/export/20/csv (政府資料開放平臺 data.gov.tw dataset id 8543 / TFDA opendata InfoId=20); 查詢頁 https://consumer.fda.gov.tw/Food/TFND.aspx?nodeID=178 ; 整合編號=P0700701 (樣品基本資料)
調味料及香辛料類,黑豆油膏,蔭油膏,,P0700801,146.0,7.8,0.1,28.6,衛生福利部食品藥物管理署 台灣食品成分資料庫(食品營養成分資料庫)開放資料; 下載自 https://data.fda.gov.tw/data/opendata/export/20/csv (政府資料開放平臺 data.gov.tw dataset id 8543 / TFDA opendata InfoId=20); 查詢頁 https://consumer.fda.gov.tw/Food/TFND.aspx?nodeID=178 ; 整合編號=P0700801 (樣品基本資料)
調味料及香辛料類,薄鹽黑豆醬油膏,,,P0700901,124.0,7.6,0.1,23.3,衛生福利部食品藥物管理署 台灣食品成分資料庫(食品營養成分資料庫)開放資料; 下載自 https://data.fda.gov.tw/data/opendata/export/20/csv (政府資料開放平臺 data.gov.tw dataset id 8543 / TFDA opendata InfoId=20); 查詢頁 https://consumer.fda.gov.tw/Food/TFND.aspx?nodeID=178 ; 整合編號=P0700901 (樣品基本資料)
調味料及香辛料類,味醂,"米醂,米霖",Mirin,P0800101,220.0,0.5,0.0,54.5,衛生福利部食品藥物管理署 台灣食品成分資料庫(食品營養成分資料庫)開放資料; 下載自 https://data.fda.gov.tw/data/opendata/export/20/csv (政府資料開放平臺 data.gov.tw dataset id 8543 / TFDA opendata InfoId=20); 查詢頁 https://consumer.fda.gov.tw/Food/TFND.aspx?nodeID=178 ; 整合編號=P0800101 (樣品基本資料)
調味料及香辛料類,鮮味露,,,P0800201,75.0,20.1,0.1,0.0,衛生福利部食品藥物管理署 台灣食品成分資料庫(食品營養成分資料庫)開放資料; 下載自 https://data.fda.gov.tw/data/opendata/export/20/csv (政府資料開放平臺 data.gov.tw dataset id 8543 / TFDA opendata InfoId=20); 查詢頁 https://consumer.fda.gov.tw/Food/TFND.aspx?nodeID=178 ; 整合編號=P0800201 (樣品基本資料)
調味料及香辛料類,蠔油,,,P0800301,156.0,6.5,0.1,32.2,衛生福利部食品藥物管理署 台灣食品成分資料庫(食品營養成分資料庫)開放資料; 下載自 https://data.fda.gov.tw/data/opendata/export/20/csv (政府資料開放平臺 data.gov.tw dataset id 8543 / TFDA opendata InfoId=20); 查詢頁 https://consumer.fda.gov.tw/Food/TFND.aspx?nodeID=178 ; 整合編號=P0800301 (樣品基本資料)
調味料及香辛料類,魚露,,,P0800401,64.0,10.2,0.2,5.3,衛生福利部食品藥物管理署 台灣食品成分資料庫(食品營養成分資料庫)開放資料; 下載自 https://data.fda.gov.tw/data/opendata/export/20/csv (政府資料開放平臺 data.gov.tw dataset id 8543 / TFDA opendata InfoId=20); 查詢頁 https://consumer.fda.gov.tw/Food/TFND.aspx?nodeID=178 ; 整合編號=P0800401 (樣品基本資料)
調味料及香辛料類,紅辣椒油,,,P0900101,899.0,0.0,99.8,0.1,衛生福利部食品藥物管理署 台灣食品成分資料庫(食品營養成分資料庫)開放資料; 下載自 https://data.fda.gov.tw/data/opendata/export/20/csv (政府資料開放平臺 data.gov.tw dataset id 8543 / TFDA opendata InfoId=20); 查詢頁 https://consumer.fda.gov.tw/Food/TFND.aspx?nodeID=178 ; 整合編號=P0900101 (樣品基本資料)
調味料及香辛料類,香油,,,P0900201,883.0,,99.9,0.0,衛生福利部食品藥物管理署 台灣食品成分資料庫(食品營養成分資料庫)開放資料; 下載自 https://data.fda.gov.tw/data/opendata/export/20/csv (政府資料開放平臺 data.gov.tw dataset id 8543 / TFDA opendata InfoId=20); 查詢頁 https://consumer.fda.gov.tw/Food/TFND.aspx?nodeID=178 ; 整合編號=P0900201 (樣品基本資料)
調味料及香辛料類,蝦油,,Shrimp sauce,P0900301,56.0,7.4,0.1,6.4,衛生福利部食品藥物管理署 台灣食品成分資料庫(食品營養成分資料庫)開放資料; 下載自 https://data.fda.gov.tw/data/opendata/export/20/csv (政府資料開放平臺 data.gov.tw dataset id 8543 / TFDA opendata InfoId=20); 查詢頁 https://consumer.fda.gov.tw/Food/TFND.aspx?nodeID=178 ; 整合編號=P0900301 (樣品基本資料)
調味料及香辛料類,干貝醬,XO醬,,P1000101,558.0,16.7,51.0,8.0,衛生福利部食品藥物管理署 台灣食品成分資料庫(食品營養成分資料庫)開放資料; 下載自 https://data.fda.gov.tw/data/opendata/export/20/csv (政府資料開放平臺 data.gov.tw dataset id 8543 / TFDA opendata InfoId=20); 查詢頁 https://consumer.fda.gov.tw/Food/TFND.aspx?nodeID=178 ; 整合編號=P1000101 (樣品基本資料)
調味料及香辛料類,牛肉醬,,,P1000201,507.0,17.0,38.9,22.2,衛生福利部食品藥物管理署 台灣食品成分資料庫(食品營養成分資料庫)開放資料; 下載自 https://data.fda.gov.tw/data/opendata/export/20/csv (政府資料開放平臺 data.gov.tw dataset id 8543 / TFDA opendata InfoId=20); 查詢頁 https://consumer.fda.gov.tw/Food/TFND.aspx?nodeID=178 ; 整合編號=P1000201 (樣品基本資料)
調味料及香辛料類,肉燥,,,P1000301,397.0,9.5,38.1,4.2,衛生福利部食品藥物管理署 台灣食品成分資料庫(食品營養成分資料庫)開放資料; 下載自 https://data.fda.gov.tw/data/opendata/export/20/csv (政府資料開放平臺 data.gov.tw dataset id 8543 / TFDA opendata InfoId=20); 查詢頁 https://consumer.fda.gov.tw/Food/TFND.aspx?nodeID=178 ; 整合編號=P1000301 (樣品基本資料)
調味料及香辛料類,素肉燥,,,P1000401,483.0,12.4,42.6,12.5,衛生福利部食品藥物管理署 台灣食品成分資料庫(食品營養成分資料庫)開放資料; 下載自 https://data.fda.gov.tw/data/opendata/export/20/csv (政府資料開放平臺 data.gov.tw dataset id 8543 / TFDA opendata InfoId=20); 查詢頁 https://consumer.fda.gov.tw/Food/TFND.aspx?nodeID=178 ; 整合編號=P1000401 (樣品基本資料)
調味料及香辛料類,義式乳酪醬,,,P1000501,216.0,8.8,17.0,6.9,衛生福利部食品藥物管理署 台灣食品成分資料庫(食品營養成分資料庫)開放資料; 下載自 https://data.fda.gov.tw/data/opendata/export/20/csv (政府資料開放平臺 data.gov.tw dataset id 8543 / TFDA opendata InfoId=20); 查詢頁 https://consumer.fda.gov.tw/Food/TFND.aspx?nodeID=178 ; 整合編號=P1000501 (樣品基本資料)
調味料及香辛料類,炸醬,,,P1000601,398.0,14.6,34.7,6.7,衛生福利部食品藥物管理署 台灣食品成分資料庫(食品營養成分資料庫)開放資料; 下載自 https://data.fda.gov.tw/data/opendata/export/20/csv (政府資料開放平臺 data.gov.tw dataset id 8543 / TFDA opendata InfoId=20); 查詢頁 https://consumer.fda.gov.tw/Food/TFND.aspx?nodeID=178 ; 整合編號=P1000601 (樣品基本資料)
調味料及香辛料類,素食炸醬,,,P1000701,391.0,13.9,35.3,4.5,衛生福利部食品藥物管理署 台灣食品成分資料庫(食品營養成分資料庫)開放資料; 下載自 https://data.fda.gov.tw/data/opendata/export/20/csv (政府資料開放平臺 data.gov.tw dataset id 8543 / TFDA opendata InfoId=20); 查詢頁 https://consumer.fda.gov.tw/Food/TFND.aspx?nodeID=178 ; 整合編號=P1000701 (樣品基本資料)
調味料及香辛料類,海苔醬,,,P1000801,223.0,6.4,0.0,49.3,衛生福利部食品藥物管理署 台灣食品成分資料庫(食品營養成分資料庫)開放資料; 下載自 https://data.fda.gov.tw/data/opendata/export/20/csv (政府資料開放平臺 data.gov.tw dataset id 8543 / TFDA opendata InfoId=20); 查詢頁 https://consumer.fda.gov.tw/Food/TFND.aspx?nodeID=178 ; 整合編號=P1000801 (樣品基本資料)
調味料及香辛料類,麻醬,芝麻醬,Sesame sauce,P1000901,643.0,20.8,52.8,21.3,衛生福利部食品藥物管理署 台灣食品成分資料庫(食品營養成分資料庫)開放資料; 下載自 https://data.fda.gov.tw/data/opendata/export/20/csv (政府資料開放平臺 data.gov.tw dataset id 8543 / TFDA opendata InfoId=20); 查詢頁 https://consumer.fda.gov.tw/Food/TFND.aspx?nodeID=178 ; 整合編號=P1000901 (樣品基本資料)
調味料及香辛料類,速食乾麵麻醬包,,,P1001001,676.0,13.2,64.0,11.8,衛生福利部食品藥物管理署 台灣食品成分資料庫(食品營養成分資料庫)開放資料; 下載自 https://data.fda.gov.tw/data/opendata/export/20/csv (政府資料開放平臺 data.gov.tw dataset id 8543 / TFDA opendata InfoId=20); 查詢頁 https://consumer.fda.gov.tw/Food/TFND.aspx?nodeID=178 ; 整合編號=P1001001 (樣品基本資料)
調味料及香辛料類,白醬,,,P1001101,61.0,1.2,3.2,6.8,衛生福利部食品藥物管理署 台灣食品成分資料庫(食品營養成分資料庫)開放資料; 下載自 https://data.fda.gov.tw/data/opendata/export/20/csv (政府資料開放平臺 data.gov.tw dataset id 8543 / TFDA opendata InfoId=20); 查詢頁 https://consumer.fda.gov.tw/Food/TFND.aspx?nodeID=178 ; 整合編號=P1001101 (樣品基本資料)
調味料及香辛料類,青醬,,,P1001201,83.0,0.9,5.4,7.7,衛生福利部食品藥物管理署 台灣食品成分資料庫(食品營養成分資料庫)開放資料; 下載自 https://data.fda.gov.tw/data/opendata/export/20/csv (政府資料開放平臺 data.gov.tw dataset id 8543 / TFDA opendata InfoId=20); 查詢頁 https://consumer.fda.gov.tw/Food/TFND.aspx?nodeID=178 ; 整合編號=P1001201 (樣品基本資料)
調味料及香辛料類,蕃茄義大利麵醬,,,P1001301,70.0,3.2,2.5,8.9,衛生福利部食品藥物管理署 台灣食品成分資料庫(食品營養成分資料庫)開放資料; 下載自 https://data.fda.gov.tw/data/opendata/export/20/csv (政府資料開放平臺 data.gov.tw dataset id 8543 / TFDA opendata InfoId=20); 查詢頁 https://consumer.fda.gov.tw/Food/TFND.aspx?nodeID=178 ; 整合編號=P1001301 (樣品基本資料)
調味料及香辛料類,五味醬,,,P1001401,140.0,1.3,0.8,31.9,衛生福利部食品藥物管理署 台灣食品成分資料庫(食品營養成分資料庫)開放資料; 下載自 https://data.fda.gov.tw/data/opendata/export/20/csv (政府資料開放平臺 data.gov.tw dataset id 8543 / TFDA opendata InfoId=20); 查詢頁 https://consumer.fda.gov.tw/Food/TFND.aspx?nodeID=178 ; 整合編號=P1001401 (樣品基本資料)
調味料及香辛料類,牛排醬,,Steak sauce,P1001501,130.0,2.5,0.0,30.1,衛生福利部食品藥物管理署 台灣食品成分資料庫(食品營養成分資料庫)開放資料; 下載自 https://data.fda.gov.tw/data/opendata/export/20/csv (政府資料開放平臺 data.gov.tw dataset id 8543 / TFDA opendata InfoId=20); 查詢頁 https://consumer.fda.gov.tw/Food/TFND.aspx?nodeID=178 ; 整合編號=P1001501 (樣品基本資料)
調味料及香辛料類,羊肉爐醬,,,P1001601,130.0,7.3,7.2,8.9,衛生福利部食品藥物管理署 台灣食品成分資料庫(食品營養成分資料庫)開放資料; 下載自 https://data.fda.gov.tw/data/opendata/export/20/csv (政府資料開放平臺 data.gov.tw dataset id 8543 / TFDA opendata InfoId=20); 查詢頁 https://consumer.fda.gov.tw/Food/TFND.aspx?nodeID=178 ; 整合編號=P1001601 (樣品基本資料)
調味料及香辛料類,沙茶醬,,,P1001701,729.0,10.2,71.8,10.4,衛生福利部食品藥物管理署 台灣食品成分資料庫(食品營養成分資料庫)開放資料; 下載自 https://data.fda.gov.tw/data/opendata/export/20/csv (政府資料開放平臺 data.gov.tw dataset id 8543 / TFDA opendata InfoId=20); 查詢頁 https://consumer.fda.gov.tw/Food/TFND.aspx?nodeID=178 ; 整合編號=P1001701 (樣品基本資料)
調味料及香辛料類,素沙茶醬,,,P1001801,670.0,7.6,66.0,11.4,衛生福利部食品藥物管理署 台灣食品成分資料庫(食品營養成分資料庫)開放資料; 下載自 https://data.fda.gov.tw/data/opendata/export/20/csv (政府資料開放平臺 data.gov.tw dataset id 8543 / TFDA opendata InfoId=20); 查詢頁 https://consumer.fda.gov.tw/Food/TFND.aspx?nodeID=178 ; 整合編號=P1001801 (樣品基本資料)
調味料及香辛料類,黃芥茉醬,,Mustard sauce,P1001901,74.0,4.1,3.7,6.2,衛生福利部食品藥物管理署 台灣食品成分資料庫(食品營養成分資料庫)開放資料; 下載自 https://data.fda.gov.tw/data/opendata/export/20/csv (政府資料開放平臺 data.gov.tw dataset id 8543 / TFDA opendata InfoId=20); 查詢頁 https://consumer.fda.gov.tw/Food/TFND.aspx?nodeID=178 ; 整合編號=P1001901 (樣品基本資料)
調味料及香辛料類,山葵醬,芥茉醬,,P1002001,338.0,1.1,5.9,70.2,衛生福利部食品藥物管理署 台灣食品成分資料庫(食品營養成分資料庫)開放資料; 下載自 https://data.fda.gov.tw/data/opendata/export/20/csv (政府資料開放平臺 data.gov.tw dataset id 8543 / TFDA opendata InfoId=20); 查詢頁 https://consumer.fda.gov.tw/Food/TFND.aspx?nodeID=178 ; 整合編號=P1002001 (樣品基本資料)
調味料及香辛料類,金桔醬,,,P1002101,84.0,0.5,0.4,19.5,衛生福利部食品藥物管理署 台灣食品成分資料庫(食品營養成分資料庫)開放資料; 下載自 https://data.fda.gov.tw/data/opendata/export/20/csv (政府資料開放平臺 data.gov.tw dataset id 8543 / TFDA opendata InfoId=20); 查詢頁 https://consumer.fda.gov.tw/Food/TFND.aspx?nodeID=178 ; 整合編號=P1002101 (樣品基本資料)
調味料及香辛料類,海鮮醬,,,P1002201,228.0,1.8,2.2,50.3,衛生福利部食品藥物管理署 台灣食品成分資料庫(食品營養成分資料庫)開放資料; 下載自 https://data.fda.gov.tw/data/opendata/export/20/csv (政府資料開放平臺 data.gov.tw dataset id 8543 / TFDA opendata InfoId=20); 查詢頁 https://consumer.fda.gov.tw/Food/TFND.aspx?nodeID=178 ; 整合編號=P1002201 (樣品基本資料)
調味料及香辛料類,烤肉醬,,Barbecue sauce,P1002301,157.0,5.2,0.8,32.1,衛生福利部食品藥物管理署 台灣食品成分資料庫(食品營養成分資料庫)開放資料; 下載自 https://data.fda.gov.tw/data/opendata/export/20/csv (政府資料開放平臺 data.gov.tw dataset id 8543 / TFDA opendata InfoId=20); 查詢頁 https://consumer.fda.gov.tw/Food/TFND.aspx?nodeID=178 ; 整合編號=P1002301 (樣品基本資料)
調味料及香辛料類,排骨醬,,Spare rib sauce,P1002401,221.0,2.3,4.4,43.1,衛生福利部食品藥物管理署 台灣食品成分資料庫(食品營養成分資料庫)開放資料; 下載自 https://data.fda.gov.tw/data/opendata/export/20/csv (政府資料開放平臺 data.gov.tw dataset id 8543 / TFDA opendata InfoId=20); 查詢頁 https://consumer.fda.gov.tw/Food/TFND.aspx?nodeID=178 ; 整合編號=P1002401 (樣品基本資料)
調味料及香辛料類,甜辣醬,,,P1002501,116.0,1.0,0.0,28.1,衛生福利部食品藥物管理署 台灣食品成分資料庫(食品營養成分資料庫)開放資料; 下載自 https://data.fda.gov.tw/data/opendata/export/20/csv (政府資料開放平臺 data.gov.tw dataset id 8543 / TFDA opendata InfoId=20); 查詢頁 https://consumer.fda.gov.tw/Food/TFND.aspx?nodeID=178 ; 整合編號=P1002501 (樣品基本資料)
調味料及香辛料類,甜麵醬,,,P1002601,216.0,4.5,2.4,44.0,衛生福利部食品藥物管理署 台灣食品成分資料庫(食品營養成分資料庫)開放資料; 下載自 https://data.fda.gov.tw/data/opendata/export/20/csv (政府資料開放平臺 data.gov.tw dataset id 8543 / TFDA opendata InfoId=20); 查詢頁 https://consumer.fda.gov.tw/Food/TFND.aspx?nodeID=178 ; 整合編號=P1002601 (樣品基本資料)
調味料及香辛料類,朝鮮醬,,,P1002701,106.0,1.6,2.3,19.7,衛生福利部食品藥物管理署 台灣食品成分資料庫(食品營養成分資料庫)開放資料; 下載自 https://data.fda.gov.tw/data/opendata/export/20/csv (政府資料開放平臺 data.gov.tw dataset id 8543 / TFDA opendata InfoId=20); 查詢頁 https://consumer.fda.gov.tw/Food/TFND.aspx?nodeID=178 ; 整合編號=P1002701 (樣品基本資料)
調味料及香辛料類,黑胡椒醬,,,P1002801,117.0,2.5,0.5,25.5,衛生福利部食品藥物管理署 台灣食品成分資料庫(食品營養成分資料庫)開放資料; 下載自 https://data.fda.gov.tw/data/opendata/export/20/csv (政府資料開放平臺 data.gov.tw dataset id 8543 / TFDA opendata InfoId=20); 查詢頁 https://consumer.fda.gov.tw/Food/TFND.aspx?nodeID=178 ; 整合編號=P1002801 (樣品基本資料)
調味料及香辛料類,日式照燒醬,,,P1002901,227.0,3.0,0.5,52.6,衛生福利部食品藥物管理署 台灣食品成分資料庫(食品營養成分資料庫)開放資料; 下載自 https://data.fda.gov.tw/data/opendata/export/20/csv (政府資料開放平臺 data.gov.tw dataset id 8543 / TFDA opendata InfoId=20); 查詢頁 https://consumer.fda.gov.tw/Food/TFND.aspx?nodeID=178 ; 整合編號=P1002901 (樣品基本資料)
調味料及香辛料類,蒜蓉醬,,Garlic sauce,P1003001,282.0,4.2,20.0,21.2,衛生福利部食品藥物管理署 台灣食品成分資料庫(食品營養成分資料庫)開放資料; 下載自 https://data.fda.gov.tw/data/opendata/export/20/csv (政府資料開放平臺 data.gov.tw dataset id 8543 / TFDA opendata InfoId=20); 查詢頁 https://consumer.fda.gov.tw/Food/TFND.aspx?nodeID=178 ; 整合編號=P1003001 (樣品基本資料)
調味料及香辛料類,辣蒜蓉醬,,Garlic hot sauce,P1003101,78.0,2.3,4.2,7.8,衛生福利部食品藥物管理署 台灣食品成分資料庫(食品營養成分資料庫)開放資料; 下載自 https://data.fda.gov.tw/data/opendata/export/20/csv (政府資料開放平臺 data.gov.tw dataset id 8543 / TFDA opendata InfoId=20); 查詢頁 https://consumer.fda.gov.tw/Food/TFND.aspx?nodeID=178 ; 整合編號=P1003101 (樣品基本資料)
調味料及香辛料類,辣椒醬,,Hot sauce; Chili sauce; Pungent sauce; Chili paste,P1003201,83.0,2.6,2.9,11.5,衛生福利部食品藥物管理署 台灣食品成分資料庫(食品營養成分資料庫)開放資料; 下載自 https://data.fda.gov.tw/data/opendata/export/20/csv (政府資料開放平臺 data.gov.tw dataset id 8543 / TFDA opendata InfoId=20); 查詢頁 https://consumer.fda.gov.tw/Food/TFND.aspx?nodeID=178 ; 整合編號=P1003201 (樣品基本資料)
調味料及香辛料類,蔥醬,,,P1003301,149.0,2.2,6.8,19.5,衛生福利部食品藥物管理署 台灣食品成分資料庫(食品營養成分資料庫)開放資料; 下載自 https://data.fda.gov.tw/data/opendata/export/20/csv (政府資料開放平臺 data.gov.tw dataset id 8543 / TFDA opendata InfoId=20); 查詢頁 https://consumer.fda.gov.tw/Food/TFND.aspx?nodeID=178 ; 整合編號=P1003301 (樣品基本資料)
調味料及香辛料類,糖醋醬,,,P1003401,131.0,1.9,2.6,25.1,衛生福利部食品藥物管理署 台灣食品成分資料庫(食品營養成分資料庫)開放資料; 下載自 https://data.fda.gov.tw/data/opendata/export/20/csv (政府資料開放平臺 data.gov.tw dataset id 8543 / TFDA opendata InfoId=20); 查詢頁 https://consumer.fda.gov.tw/Food/TFND.aspx?nodeID=178 ; 整合編號=P1003401 (樣品基本資料)
調味料及香辛料類,蕃茄醬,,Catchup; Ketchup,P1003501,114.0,1.6,0.1,26.7,衛生福利部食品藥物管理署 台灣食品成分資料庫(食品營養成分資料庫)開放資料; 下載自 https://data.fda.gov.tw/data/opendata/export/20/csv (政府資料開放平臺 data.gov.tw dataset id 8543 / TFDA opendata InfoId=20); 查詢頁 https://consumer.fda.gov.tw/Food/TFND.aspx?nodeID=178 ; 整合編號=P1003501 (樣品基本資料)
調味料及香辛料類,薑蓉醬,,Ginger sauce,P1003601,65.0,1.0,2.6,9.4,衛生福利部食品藥物管理署 台灣食品成分資料庫(食品營養成分資料庫)開放資料; 下載自 https://data.fda.gov.tw/data/opendata/export/20/csv (政府資料開放平臺 data.gov.tw dataset id 8543 / TFDA opendata InfoId=20); 查詢頁 https://consumer.fda.gov.tw/Food/TFND.aspx?nodeID=178 ; 整合編號=P1003601 (樣品基本資料)
調味料及香辛料類,蘑菇醬,,Mushroom sauce,P1003701,58.0,1.5,2.4,7.7,衛生福利部食品藥物管理署 台灣食品成分資料庫(食品營養成分資料庫)開放資料; 下載自 https://data.fda.gov.tw/data/opendata/export/20/csv (政府資料開放平臺 data.gov.tw dataset id 8543 / TFDA opendata InfoId=20); 查詢頁 https://consumer.fda.gov.tw/Food/TFND.aspx?nodeID=178 ; 整合編號=P1003701 (樣品基本資料)
調味料及香辛料類,米豆醬,,,P1003801,128.0,7.4,3.0,17.9,衛生福利部食品藥物管理署 台灣食品成分資料庫(食品營養成分資料庫)開放資料; 下載自 https://data.fda.gov.tw/data/opendata/export/20/csv (政府資料開放平臺 data.gov.tw dataset id 8543 / TFDA opendata InfoId=20); 查詢頁 https://consumer.fda.gov.tw/Food/TFND.aspx?nodeID=178 ; 整合編號=P1003801 (樣品基本資料)
調味料及香辛料類,蒜味豆豉醬,,,P1003901,270.0,9.5,17.0,19.7,衛生福利部食品藥物管理署 台灣食品成分資料庫(食品營養成分資料庫)開放資料; 下載自 https://data.fda.gov.tw/data/opendata/export/20/csv (政府資料開放平臺 data.gov.tw dataset id 8543 / TFDA opendata InfoId=20); 查詢頁 https://consumer.fda.gov.tw/Food/TFND.aspx?nodeID=178 ; 整合編號=P1003901 (樣品基本資料)
調味料及香辛料類,豆酥醬,,,P1004001,671.0,12.2,64.5,10.4,衛生福利部食品藥物管理署 台灣食品成分資料庫(食品營養成分資料庫)開放資料; 下載自 https://data.fda.gov.tw/data/opendata/export/20/csv (政府資料開放平臺 data.gov.tw dataset id 8543 / TFDA opendata InfoId=20); 查詢頁 https://consumer.fda.gov.tw/Food/TFND.aspx?nodeID=178 ; 整合編號=P1004001 (樣品基本資料)
調味料及香辛料類,豆瓣醬,,Bean paste,P1004101,178.0,14.2,8.1,12.2,衛生福利部食品藥物管理署 台灣食品成分資料庫(食品營養成分資料庫)開放資料; 下載自 https://data.fda.gov.tw/data/opendata/export/20/csv (政府資料開放平臺 data.gov.tw dataset id 8543 / TFDA opendata InfoId=20); 查詢頁 https://consumer.fda.gov.tw/Food/TFND.aspx?nodeID=178 ; 整合編號=P1004101 (樣品基本資料)
調味料及香辛料類,辣豆瓣醬,,,P1004201,100.0,4.5,3.3,13.1,衛生福利部食品藥物管理署 台灣食品成分資料庫(食品營養成分資料庫)開放資料; 下載自 https://data.fda.gov.tw/data/opendata/export/20/csv (政府資料開放平臺 data.gov.tw dataset id 8543 / TFDA opendata InfoId=20); 查詢頁 https://consumer.fda.gov.tw/Food/TFND.aspx?nodeID=178 ; 整合編號=P1004201 (樣品基本資料)
調味料及香辛料類,紅麴醬,,,P1004301,163.0,4.6,0.5,35.0,衛生福利部食品藥物管理署 台灣食品成分資料庫(食品營養成分資料庫)開放資料; 下載自 https://data.fda.gov.tw/data/opendata/export/20/csv (政府資料開放平臺 data.gov.tw dataset id 8543 / TFDA opendata InfoId=20); 查詢頁 https://consumer.fda.gov.tw/Food/TFND.aspx?nodeID=178 ; 整合編號=P1004301 (樣品基本資料)
調味料及香辛料類,韭花醬,,,P1004401,29.0,2.1,0.3,4.5,衛生福利部食品藥物管理署 台灣食品成分資料庫(食品營養成分資料庫)開放資料; 下載自 https://data.fda.gov.tw/data/opendata/export/20/csv (政府資料開放平臺 data.gov.tw dataset id 8543 / TFDA opendata InfoId=20); 查詢頁 https://consumer.fda.gov.tw/Food/TFND.aspx?nodeID=178 ; 整合編號=P1004401 (樣品基本資料)
調味料及香辛料類,香椿醬,,,P1004501,507.0,8.1,51.7,2.3,衛生福利部食品藥物管理署 台灣食品成分資料庫(食品營養成分資料庫)開放資料; 下載自 https://data.fda.gov.tw/data/opendata/export/20/csv (政府資料開放平臺 data.gov.tw dataset id 8543 / TFDA opendata InfoId=20); 查詢頁 https://consumer.fda.gov.tw/Food/TFND.aspx?nodeID=178 ; 整合編號=P1004501 (樣品基本資料)
調味料及香辛料類,麻婆醬,,,P1004601,190.0,2.9,9.5,23.1,衛生福利部食品藥物管理署 台灣食品成分資料庫(食品營養成分資料庫)開放資料; 下載自 https://data.fda.gov.tw/data/opendata/export/20/csv (政府資料開放平臺 data.gov.tw dataset id 8543 / TFDA opendata InfoId=20); 查詢頁 https://consumer.fda.gov.tw/Food/TFND.aspx?nodeID=178 ; 整合編號=P1004601 (樣品基本資料)
調味料及香辛料類,蝦醬,,Shrimp paste,P1004701,99.0,19.6,1.7,1.3,衛生福利部食品藥物管理署 台灣食品成分資料庫(食品營養成分資料庫)開放資料; 下載自 https://data.fda.gov.tw/data/opendata/export/20/csv (政府資料開放平臺 data.gov.tw dataset id 8543 / TFDA opendata InfoId=20); 查詢頁 https://consumer.fda.gov.tw/Food/TFND.aspx?nodeID=178 ; 整合編號=P1004701 (樣品基本資料)
調味料及香辛料類,沙拉醬,,Mayonnaise sauce; Mayonnaise; Salad dressing,P1100101,645.0,1.9,65.7,11.4,衛生福利部食品藥物管理署 台灣食品成分資料庫(食品營養成分資料庫)開放資料; 下載自 https://data.fda.gov.tw/data/opendata/export/20/csv (政府資料開放平臺 data.gov.tw dataset id 8543 / TFDA opendata InfoId=20); 查詢頁 https://consumer.fda.gov.tw/Food/TFND.aspx?nodeID=178 ; 整合編號=P1100101 (樣品基本資料)
調味料及香辛料類,沙拉醬(2021年取樣),蛋黃醬,Salad dressing,P1100102,630.0,1.9,61.7,16.8,衛生福利部食品藥物管理署 台灣食品成分資料庫(食品營養成分資料庫)開放資料; 下載自 https://data.fda.gov.tw/data/opendata/export/20/csv (政府資料開放平臺 data.gov.tw dataset id 8543 / TFDA opendata InfoId=20); 查詢頁 https://consumer.fda.gov.tw/Food/TFND.aspx?nodeID=178 ; 整合編號=P1100102 (樣品基本資料)
調味料及香辛料類,無蛋沙拉醬,,,P1100201,479.0,1.8,44.0,19.0,衛生福利部食品藥物管理署 台灣食品成分資料庫(食品營養成分資料庫)開放資料; 下載自 https://data.fda.gov.tw/data/opendata/export/20/csv (政府資料開放平臺 data.gov.tw dataset id 8543 / TFDA opendata InfoId=20); 查詢頁 https://consumer.fda.gov.tw/Food/TFND.aspx?nodeID=178 ; 整合編號=P1100201 (樣品基本資料)
調味料及香辛料類,無蛋沙拉醬(2021年取樣),,Eggless salad dressing,P1100202,631.0,0.3,59.8,22.9,衛生福利部食品藥物管理署 台灣食品成分資料庫(食品營養成分資料庫)開放資料; 下載自 https://data.fda.gov.tw/data/opendata/export/20/csv (政府資料開放平臺 data.gov.tw dataset id 8543 / TFDA opendata InfoId=20); 查詢頁 https://consumer.fda.gov.tw/Food/TFND.aspx?nodeID=178 ; 整合編號=P1100202 (樣品基本資料)
調味料及香辛料類,千島沙拉醬,,,P1100301,515.0,1.0,49.3,16.7,衛生福利部食品藥物管理署 台灣食品成分資料庫(食品營養成分資料庫)開放資料; 下載自 https://data.fda.gov.tw/data/opendata/export/20/csv (政府資料開放平臺 data.gov.tw dataset id 8543 / TFDA opendata InfoId=20); 查詢頁 https://consumer.fda.gov.tw/Food/TFND.aspx?nodeID=178 ; 整合編號=P1100301 (樣品基本資料)
調味料及香辛料類,和風沙拉醬,,,P1100401,129.0,2.1,1.7,26.3,衛生福利部食品藥物管理署 台灣食品成分資料庫(食品營養成分資料庫)開放資料; 下載自 https://data.fda.gov.tw/data/opendata/export/20/csv (政府資料開放平臺 data.gov.tw dataset id 8543 / TFDA opendata InfoId=20); 查詢頁 https://consumer.fda.gov.tw/Food/TFND.aspx?nodeID=178 ; 整合編號=P1100401 (樣品基本資料)
調味料及香辛料類,凱撒沙拉醬,,,P1100501,337.0,1.4,29.1,17.3,衛生福利部食品藥物管理署 台灣食品成分資料庫(食品營養成分資料庫)開放資料; 下載自 https://data.fda.gov.tw/data/opendata/export/20/csv (政府資料開放平臺 data.gov.tw dataset id 8543 / TFDA opendata InfoId=20); 查詢頁 https://consumer.fda.gov.tw/Food/TFND.aspx?nodeID=178 ; 整合編號=P1100501 (樣品基本資料)
調味料及香辛料類,味噌,,,P1200101,215.0,10.6,4.5,33.1,衛生福利部食品藥物管理署 台灣食品成分資料庫(食品營養成分資料庫)開放資料; 下載自 https://data.fda.gov.tw/data/opendata/export/20/csv (政府資料開放平臺 data.gov.tw dataset id 8543 / TFDA opendata InfoId=20); 查詢頁 https://consumer.fda.gov.tw/Food/TFND.aspx?nodeID=178 ; 整合編號=P1200101 (樣品基本資料)
調味料及香辛料類,法式奶酥醬,,,P1300101,596.0,6.7,46.5,37.6,衛生福利部食品藥物管理署 台灣食品成分資料庫(食品營養成分資料庫)開放資料; 下載自 https://data.fda.gov.tw/data/opendata/export/20/csv (政府資料開放平臺 data.gov.tw dataset id 8543 / TFDA opendata InfoId=20); 查詢頁 https://consumer.fda.gov.tw/Food/TFND.aspx?nodeID=178 ; 整合編號=P1300101 (樣品基本資料)
調味料及香辛料類,巧克力醬(液體),,,P1300201,277.0,2.0,0.8,65.4,衛生福利部食品藥物管理署 台灣食品成分資料庫(食品營養成分資料庫)開放資料; 下載自 https://data.fda.gov.tw/data/opendata/export/20/csv (政府資料開放平臺 data.gov.tw dataset id 8543 / TFDA opendata InfoId=20); 查詢頁 https://consumer.fda.gov.tw/Food/TFND.aspx?nodeID=178 ; 整合編號=P1300201 (樣品基本資料)
調味料及香辛料類,草莓果醬,,Jam: strawberry,P1300301,272.0,0.4,1.2,65.0,衛生福利部食品藥物管理署 台灣食品成分資料庫(食品營養成分資料庫)開放資料; 下載自 https://data.fda.gov.tw/data/opendata/export/20/csv (政府資料開放平臺 data.gov.tw dataset id 8543 / TFDA opendata InfoId=20); 查詢頁 https://consumer.fda.gov.tw/Food/TFND.aspx?nodeID=178 ; 整合編號=P1300301 (樣品基本資料)
調味料及香辛料類,葡萄果醬,,Jam: grape,P1300401,261.0,0.0,1.9,60.9,衛生福利部食品藥物管理署 台灣食品成分資料庫(食品營養成分資料庫)開放資料; 下載自 https://data.fda.gov.tw/data/opendata/export/20/csv (政府資料開放平臺 data.gov.tw dataset id 8543 / TFDA opendata InfoId=20); 查詢頁 https://consumer.fda.gov.tw/Food/TFND.aspx?nodeID=178 ; 整合編號=P1300401 (樣品基本資料)
調味料及香辛料類,柚子果醬,,,P1300501,268.0,0.6,0.8,64.5,衛生福利部食品藥物管理署 台灣食品成分資料庫(食品營養成分資料庫)開放資料; 下載自 https://data.fda.gov.tw/data/opendata/export/20/csv (政府資料開放平臺 data.gov.tw dataset id 8543 / TFDA opendata InfoId=20); 查詢頁 https://consumer.fda.gov.tw/Food/TFND.aspx?nodeID=178 ; 整合編號=P1300501 (樣品基本資料)
調味料及香辛料類,桑葚果醬,,,P1300601,227.0,0.9,0.4,54.9,衛生福利部食品藥物管理署 台灣食品成分資料庫(食品營養成分資料庫)開放資料; 下載自 https://data.fda.gov.tw/data/opendata/export/20/csv (政府資料開放平臺 data.gov.tw dataset id 8543 / TFDA opendata InfoId=20); 查詢頁 https://consumer.fda.gov.tw/Food/TFND.aspx?nodeID=178 ; 整合編號=P1300601 (樣品基本資料)
調味料及香辛料類,白芝麻麵包醬,,,P1300701,685.0,20.0,60.4,15.3,衛生福利部食品藥物管理署 台灣食品成分資料庫(食品營養成分資料庫)開放資料; 下載自 https://data.fda.gov.tw/data/opendata/export/20/csv (政府資料開放平臺 data.gov.tw dataset id 8543 / TFDA opendata InfoId=20); 查詢頁 https://consumer.fda.gov.tw/Food/TFND.aspx?nodeID=178 ; 整合編號=P1300701 (樣品基本資料)
調味料及香辛料類,黑芝麻麵包醬,,,P1300801,667.0,10.6,57.4,27.0,衛生福利部食品藥物管理署 台灣食品成分資料庫(食品營養成分資料庫)開放資料; 下載自 https://data.fda.gov.tw/data/opendata/export/20/csv (政府資料開放平臺 data.gov.tw dataset id 8543 / TFDA opendata InfoId=20); 查詢頁 https://consumer.fda.gov.tw/Food/TFND.aspx?nodeID=178 ; 整合編號=P1300801 (樣品基本資料)
調味料及香辛料類,花生醬,,Peanut butter,P1300901,657.0,24.0,54.3,17.9,衛生福利部食品藥物管理署 台灣食品成分資料庫(食品營養成分資料庫)開放資料; 下載自 https://data.fda.gov.tw/data/opendata/export/20/csv (政府資料開放平臺 data.gov.tw dataset id 8543 / TFDA opendata InfoId=20); 查詢頁 https://consumer.fda.gov.tw/Food/TFND.aspx?nodeID=178 ; 整合編號=P1300901 (樣品基本資料)
調味料及香辛料類,洋蔥麵包醬,,,P1301001,276.0,1.0,26.1,9.5,衛生福利部食品藥物管理署 台灣食品成分資料庫(食品營養成分資料庫)開放資料; 下載自 https://data.fda.gov.tw/data/opendata/export/20/csv (政府資料開放平臺 data.gov.tw dataset id 8543 / TFDA opendata InfoId=20); 查詢頁 https://consumer.fda.gov.tw/Food/TFND.aspx?nodeID=178 ; 整合編號=P1301001 (樣品基本資料)
調味料及香辛料類,法式香蒜醬,,,P1301101,791.0,1.1,85.7,3.8,衛生福利部食品藥物管理署 台灣食品成分資料庫(食品營養成分資料庫)開放資料; 下載自 https://data.fda.gov.tw/data/opendata/export/20/csv (政府資料開放平臺 data.gov.tw dataset id 8543 / TFDA opendata InfoId=20); 查詢頁 https://consumer.fda.gov.tw/Food/TFND.aspx?nodeID=178 ; 整合編號=P1301101 (樣品基本資料)
調味料及香辛料類,無糖黑芝麻醬,,Black Sesame Sauce,P1301201,612.0,20.7,56.0,17.7,衛生福利部食品藥物管理署 台灣食品成分資料庫(食品營養成分資料庫)開放資料; 下載自 https://data.fda.gov.tw/data/opendata/export/20/csv (政府資料開放平臺 data.gov.tw dataset id 8543 / TFDA opendata InfoId=20); 查詢頁 https://consumer.fda.gov.tw/Food/TFND.aspx?nodeID=178 ; 整合編號=P1301201 (樣品基本資料)
調味料及香辛料類,液體奶精,奶精,Creamer(liquid),P1400101,262.0,3.9,26.3,2.5,衛生福利部食品藥物管理署 台灣食品成分資料庫(食品營養成分資料庫)開放資料; 下載自 https://data.fda.gov.tw/data/opendata/export/20/csv (政府資料開放平臺 data.gov.tw dataset id 8543 / TFDA opendata InfoId=20); 查詢頁 https://consumer.fda.gov.tw/Food/TFND.aspx?nodeID=178 ; 整合編號=P1400101 (樣品基本資料)
調味料及香辛料類,液體奶精(2021年),奶精,Creamer(liquid),P1400102,242.0,2.2,24.0,4.2,衛生福利部食品藥物管理署 台灣食品成分資料庫(食品營養成分資料庫)開放資料; 下載自 https://data.fda.gov.tw/data/opendata/export/20/csv (政府資料開放平臺 data.gov.tw dataset id 8543 / TFDA opendata InfoId=20); 查詢頁 https://consumer.fda.gov.tw/Food/TFND.aspx?nodeID=178 ; 整合編號=P1400102 (樣品基本資料)
調味料及香辛料類,奶精粉,"奶精,植物性奶精",Non-dairy creamer; Creamer(powder),P1400201,544.0,2.2,33.0,59.5,衛生福利部食品藥物管理署 台灣食品成分資料庫(食品營養成分資料庫)開放資料; 下載自 https://data.fda.gov.tw/data/opendata/export/20/csv (政府資料開放平臺 data.gov.tw dataset id 8543 / TFDA opendata InfoId=20); 查詢頁 https://consumer.fda.gov.tw/Food/TFND.aspx?nodeID=178 ; 整合編號=P1400201 (樣品基本資料)
調味料及香辛料類,奶精粉(2021年),奶精,"Non-Dairy Creamer, Creamer(powder)",P1400202,550.0,2.1,34.6,57.6,衛生福利部食品藥物管理署 台灣食品成分資料庫(食品營養成分資料庫)開放資料; 下載自 https://data.fda.gov.tw/data/opendata/export/20/csv (政府資料開放平臺 data.gov.tw dataset id 8543 / TFDA opendata InfoId=20); 查詢頁 https://consumer.fda.gov.tw/Food/TFND.aspx?nodeID=178 ; 整合編號=P1400202 (樣品基本資料)
調味料及香辛料類,奶精粉(低脂),"奶精,植物性奶精","Non-dairy creamer (low fat), Creamer(powder)",P1400301,450.0,2.1,15.7,75.2,衛生福利部食品藥物管理署 台灣食品成分資料庫(食品營養成分資料庫)開放資料; 下載自 https://data.fda.gov.tw/data/opendata/export/20/csv (政府資料開放平臺 data.gov.tw dataset id 8543 / TFDA opendata InfoId=20); 查詢頁 https://consumer.fda.gov.tw/Food/TFND.aspx?nodeID=178 ; 整合編號=P1400301 (樣品基本資料)
調味料及香辛料類,炸排粉,,,P1500101,344.0,11.9,1.8,70.0,衛生福利部食品藥物管理署 台灣食品成分資料庫(食品營養成分資料庫)開放資料; 下載自 https://data.fda.gov.tw/data/opendata/export/20/csv (政府資料開放平臺 data.gov.tw dataset id 8543 / TFDA opendata InfoId=20); 查詢頁 https://consumer.fda.gov.tw/Food/TFND.aspx?nodeID=178 ; 整合編號=P1500101 (樣品基本資料)
調味料及香辛料類,炸雞粉,,,P1500201,333.0,8.3,1.7,71.0,衛生福利部食品藥物管理署 台灣食品成分資料庫(食品營養成分資料庫)開放資料; 下載自 https://data.fda.gov.tw/data/opendata/export/20/csv (政府資料開放平臺 data.gov.tw dataset id 8543 / TFDA opendata InfoId=20); 查詢頁 https://consumer.fda.gov.tw/Food/TFND.aspx?nodeID=178 ; 整合編號=P1500201 (樣品基本資料)
調味料及香辛料類,蒸肉粉(五香),,,P1500301,350.0,10.3,1.1,74.8,衛生福利部食品藥物管理署 台灣食品成分資料庫(食品營養成分資料庫)開放資料; 下載自 https://data.fda.gov.tw/data/opendata/export/20/csv (政府資料開放平臺 data.gov.tw dataset id 8543 / TFDA opendata InfoId=20); 查詢頁 https://consumer.fda.gov.tw/Food/TFND.aspx?nodeID=178 ; 整合編號=P1500301 (樣品基本資料)
調味料及香辛料類,熱狗粉,,,P1500401,355.0,8.4,0.9,78.4,衛生福利部食品藥物管理署 台灣食品成分資料庫(食品營養成分資料庫)開放資料; 下載自 https://data.fda.gov.tw/data/opendata/export/20/csv (政府資料開放平臺 data.gov.tw dataset id 8543 / TFDA opendata InfoId=20); 查詢頁 https://consumer.fda.gov.tw/Food/TFND.aspx?nodeID=178 ; 整合編號=P1500401 (樣品基本資料)
調味料及香辛料類,麵包粉,,Bread crumb,P1500501,370.0,14.4,1.5,74.6,衛生福利部食品藥物管理署 台灣食品成分資料庫(食品營養成分資料庫)開放資料; 下載自 https://data.fda.gov.tw/data/opendata/export/20/csv (政府資料開放平臺 data.gov.tw dataset id 8543 / TFDA opendata InfoId=20); 查詢頁 https://consumer.fda.gov.tw/Food/TFND.aspx?nodeID=178 ; 整合編號=P1500501 (樣品基本資料)
調味料及香辛料類,酵母粉,,Yeast powder,P1500601,347.0,46.3,0.0,40.4,衛生福利部食品藥物管理署 台灣食品成分資料庫(食品營養成分資料庫)開放資料; 下載自 https://data.fda.gov.tw/data/opendata/export/20/csv (政府資料開放平臺 data.gov.tw dataset id 8543 / TFDA opendata InfoId=20); 查詢頁 https://consumer.fda.gov.tw/Food/TFND.aspx?nodeID=178 ; 整合編號=P1500601 (樣品基本資料)
豆類,白鳳豆平均值,"矮性刀豆,洋刀豆,立刀豆",Jack bean,H01051,337.0,23.8,2.1,58.2,衛生福利部食品藥物管理署 台灣食品成分資料庫(食品營養成分資料庫)開放資料; 下載自 https://data.fda.gov.tw/data/opendata/export/20/csv (政府資料開放平臺 data.gov.tw dataset id 8543 / TFDA opendata InfoId=20); 查詢頁 https://consumer.fda.gov.tw/Food/TFND.aspx?nodeID=178 ; 整合編號=H01051 (樣品平均值)
豆類,白鳳豆(台灣),"矮性刀豆,洋刀豆,立刀豆",Jack bean,H0105101,348.0,27.4,2.8,56.4,衛生福利部食品藥物管理署 台灣食品成分資料庫(食品營養成分資料庫)開放資料; 下載自 https://data.fda.gov.tw/data/opendata/export/20/csv (政府資料開放平臺 data.gov.tw dataset id 8543 / TFDA opendata InfoId=20); 查詢頁 https://consumer.fda.gov.tw/Food/TFND.aspx?nodeID=178 ; 整合編號=H0105101 (樣品基本資料)
豆類,白鳳豆(進口),"矮性刀豆,洋刀豆,立刀豆",Jack bean,H0105102,325.0,20.1,1.3,60.0,衛生福利部食品藥物管理署 台灣食品成分資料庫(食品營養成分資料庫)開放資料; 下載自 https://data.fda.gov.tw/data/opendata/export/20/csv (政府資料開放平臺 data.gov.tw dataset id 8543 / TFDA opendata InfoId=20); 查詢頁 https://consumer.fda.gov.tw/Food/TFND.aspx?nodeID=178 ; 整合編號=H0105102 (樣品基本資料)
豆類,米豆,"飯豆,蛋白豆,赤山豆,繖形豇豆,島田豇豆",Rice bean,H0205101,349.0,21.7,2.4,62.2,衛生福利部食品藥物管理署 台灣食品成分資料庫(食品營養成分資料庫)開放資料; 下載自 https://data.fda.gov.tw/data/opendata/export/20/csv (政府資料開放平臺 data.gov.tw dataset id 8543 / TFDA opendata InfoId=20); 查詢頁 https://consumer.fda.gov.tw/Food/TFND.aspx?nodeID=178 ; 整合編號=H0205101 (樣品基本資料)
豆類,花豆,"紅花豆,紅(赤)花菜豆,花仔(阿/柳)豆",Kidney beans; White dutch runner bean; Scarlet runner bean; multiflora bean,H0305101,328.0,21.2,1.7,59.0,衛生福利部食品藥物管理署 台灣食品成分資料庫(食品營養成分資料庫)開放資料; 下載自 https://data.fda.gov.tw/data/opendata/export/20/csv (政府資料開放平臺 data.gov.tw dataset id 8543 / TFDA opendata InfoId=20); 查詢頁 https://consumer.fda.gov.tw/Food/TFND.aspx?nodeID=178 ; 整合編號=H0305101 (樣品基本資料)
豆類,紅豆,"小豆,赤小豆,赤豆,通常小豆,小紅豆,紅小豆",Red bean; Rice bean; Small red bean; Adzuki bean,H0405101,328.0,20.9,0.6,61.5,衛生福利部食品藥物管理署 台灣食品成分資料庫(食品營養成分資料庫)開放資料; 下載自 https://data.fda.gov.tw/data/opendata/export/20/csv (政府資料開放平臺 data.gov.tw dataset id 8543 / TFDA opendata InfoId=20); 查詢頁 https://consumer.fda.gov.tw/Food/TFND.aspx?nodeID=178 ; 整合編號=H0405101 (樣品基本資料)
豆類,紅雲豆(大紅豆),"紅菜豆,大紅豆",Red kidney bean,H0505101,328.0,20.2,1.4,60.4,衛生福利部食品藥物管理署 台灣食品成分資料庫(食品營養成分資料庫)開放資料; 下載自 https://data.fda.gov.tw/data/opendata/export/20/csv (政府資料開放平臺 data.gov.tw dataset id 8543 / TFDA opendata InfoId=20); 查詢頁 https://consumer.fda.gov.tw/Food/TFND.aspx?nodeID=178 ; 整合編號=H0505101 (樣品基本資料)
豆類,青仁黑豆,"烏豆,枝仔豆,黑大豆",Black bean; Soya bean,H0605101,385.0,37.0,14.2,33.7,衛生福利部食品藥物管理署 台灣食品成分資料庫(食品營養成分資料庫)開放資料; 下載自 https://data.fda.gov.tw/data/opendata/export/20/csv (政府資料開放平臺 data.gov.tw dataset id 8543 / TFDA opendata InfoId=20); 查詢頁 https://consumer.fda.gov.tw/Food/TFND.aspx?nodeID=178 ; 整合編號=H0605101 (樣品基本資料)
豆類,黃仁黑豆,"烏豆,枝仔豆,黑大豆",Black bean; Soya bean,H0605201,253.0,20.6,2.1,40.3,衛生福利部食品藥物管理署 台灣食品成分資料庫(食品營養成分資料庫)開放資料; 下載自 https://data.fda.gov.tw/data/opendata/export/20/csv (政府資料開放平臺 data.gov.tw dataset id 8543 / TFDA opendata InfoId=20); 查詢頁 https://consumer.fda.gov.tw/Food/TFND.aspx?nodeID=178 ; 整合編號=H0605201 (樣品基本資料)
豆類,黑豆胚芽,,black soybean germ,H0610101,185.0,16.1,7.7,15.9,衛生福利部食品藥物管理署 台灣食品成分資料庫(食品營養成分資料庫)開放資料; 下載自 https://data.fda.gov.tw/data/opendata/export/20/csv (政府資料開放平臺 data.gov.tw dataset id 8543 / TFDA opendata InfoId=20); 查詢頁 https://consumer.fda.gov.tw/Food/TFND.aspx?nodeID=178 ; 整合編號=H0610101 (樣品基本資料)
豆類,烘烤黑豆,"烏豆,枝仔豆,黑大豆",Black bean: baked,H0610201,435.0,39.0,20.1,32.4,衛生福利部食品藥物管理署 台灣食品成分資料庫(食品營養成分資料庫)開放資料; 下載自 https://data.fda.gov.tw/data/opendata/export/20/csv (政府資料開放平臺 data.gov.tw dataset id 8543 / TFDA opendata InfoId=20); 查詢頁 https://consumer.fda.gov.tw/Food/TFND.aspx?nodeID=178 ; 整合編號=H0610201 (樣品基本資料)
豆類,黑豆粉,"烏豆,枝仔豆,黑大豆",Black bean powder,H0620101,431.0,36.0,17.6,39.0,衛生福利部食品藥物管理署 台灣食品成分資料庫(食品營養成分資料庫)開放資料; 下載自 https://data.fda.gov.tw/data/opendata/export/20/csv (政府資料開放平臺 data.gov.tw dataset id 8543 / TFDA opendata InfoId=20); 查詢頁 https://consumer.fda.gov.tw/Food/TFND.aspx?nodeID=178 ; 整合編號=H0620101 (樣品基本資料)
豆類,毛綠豆,"菉豆,綠小豆,輻莢豆",Green bean; Chickasaw,H0705101,346.0,22.1,1.2,63.6,衛生福利部食品藥物管理署 台灣食品成分資料庫(食品營養成分資料庫)開放資料; 下載自 https://data.fda.gov.tw/data/opendata/export/20/csv (政府資料開放平臺 data.gov.tw dataset id 8543 / TFDA opendata InfoId=20); 查詢頁 https://consumer.fda.gov.tw/Food/TFND.aspx?nodeID=178 ; 整合編號=H0705101 (樣品基本資料)
豆類,綠豆,"菉豆,綠小豆,輻莢豆",Green bean; Chickasaw,H0705102,344.0,22.8,1.1,63.0,衛生福利部食品藥物管理署 台灣食品成分資料庫(食品營養成分資料庫)開放資料; 下載自 https://data.fda.gov.tw/data/opendata/export/20/csv (政府資料開放平臺 data.gov.tw dataset id 8543 / TFDA opendata InfoId=20); 查詢頁 https://consumer.fda.gov.tw/Food/TFND.aspx?nodeID=178 ; 整合編號=H0705102 (樣品基本資料)
豆類,綠豆仁,"菉豆,綠小豆,輻莢豆",Green bean: skin removed,H0710101,339.0,24.6,1.3,59.6,衛生福利部食品藥物管理署 台灣食品成分資料庫(食品營養成分資料庫)開放資料; 下載自 https://data.fda.gov.tw/data/opendata/export/20/csv (政府資料開放平臺 data.gov.tw dataset id 8543 / TFDA opendata InfoId=20); 查詢頁 https://consumer.fda.gov.tw/Food/TFND.aspx?nodeID=178 ; 整合編號=H0710101 (樣品基本資料)
豆類,綠豆粉,"菉豆,綠小豆,輻莢豆",Green bean powder,H0720101,344.0,21.7,1.5,62.9,衛生福利部食品藥物管理署 台灣食品成分資料庫(食品營養成分資料庫)開放資料; 下載自 https://data.fda.gov.tw/data/opendata/export/20/csv (政府資料開放平臺 data.gov.tw dataset id 8543 / TFDA opendata InfoId=20); 查詢頁 https://consumer.fda.gov.tw/Food/TFND.aspx?nodeID=178 ; 整合編號=H0720101 (樣品基本資料)
豆類,豇豆(莢),"長豇豆,長莢豇豆,豆角,菜(筷/江/長/角)豆","Asparagus bean, Yard long bean; Kidney bean; Common bean; Cowpea",H0800101,35.0,2.4,0.1,6.2,衛生福利部食品藥物管理署 台灣食品成分資料庫(食品營養成分資料庫)開放資料; 下載自 https://data.fda.gov.tw/data/opendata/export/20/csv (政府資料開放平臺 data.gov.tw dataset id 8543 / TFDA opendata InfoId=20); 查詢頁 https://consumer.fda.gov.tw/Food/TFND.aspx?nodeID=178 ; 整合編號=H0800101 (樣品基本資料)
豆類,萊豆仁(帶膜),"皇帝豆,皇格豆,白扁豆,觀音豆,雪豆,大馬萊豆,細綿豆",Lima bean; Duffin bean; Butter bean,H0900101,112.0,7.8,0.4,20.1,衛生福利部食品藥物管理署 台灣食品成分資料庫(食品營養成分資料庫)開放資料; 下載自 https://data.fda.gov.tw/data/opendata/export/20/csv (政府資料開放平臺 data.gov.tw dataset id 8543 / TFDA opendata InfoId=20); 查詢頁 https://consumer.fda.gov.tw/Food/TFND.aspx?nodeID=178 ; 整合編號=H0900101 (樣品基本資料)
豆類,萊豆仁(去膜),"皇帝豆,皇格豆,白扁豆,觀音豆,雪豆,大馬萊豆,細綿豆",Lima bean,H0900201,137.0,7.4,1.4,24.7,衛生福利部食品藥物管理署 台灣食品成分資料庫(食品營養成分資料庫)開放資料; 下載自 https://data.fda.gov.tw/data/opendata/export/20/csv (政府資料開放平臺 data.gov.tw dataset id 8543 / TFDA opendata InfoId=20); 查詢頁 https://consumer.fda.gov.tw/Food/TFND.aspx?nodeID=178 ; 整合編號=H0900201 (樣品基本資料)
豆類,粉豆莢,"菜豆莢,四季豆,雲藕豆,隱之(元)豆,白(花)雲豆,敏(雲/芸/粉/醜)豆",French bean; Snap bean; Kindey bean; Green bean; common bean,H1000101,27.0,1.7,0.1,5.0,衛生福利部食品藥物管理署 台灣食品成分資料庫(食品營養成分資料庫)開放資料; 下載自 https://data.fda.gov.tw/data/opendata/export/20/csv (政府資料開放平臺 data.gov.tw dataset id 8543 / TFDA opendata InfoId=20); 查詢頁 https://consumer.fda.gov.tw/Food/TFND.aspx?nodeID=178 ; 整合編號=H1000101 (樣品基本資料)
豆類,敏豆莢,"菜豆莢,四季豆,雲藕豆,隱之(元)豆,白(花)雲豆,敏(雲/芸/粉/醜)豆",French bean; Snap bean; Kindey bean; Green bean; common bean; Kidney bean: pod; Common bean,H1000201,30.0,1.7,0.2,5.3,衛生福利部食品藥物管理署 台灣食品成分資料庫(食品營養成分資料庫)開放資料; 下載自 https://data.fda.gov.tw/data/opendata/export/20/csv (政府資料開放平臺 data.gov.tw dataset id 8543 / TFDA opendata InfoId=20); 查詢頁 https://consumer.fda.gov.tw/Food/TFND.aspx?nodeID=178 ; 整合編號=H1000201 (樣品基本資料)
豆類,冷凍菜豆(莢),"四季豆,雲藕豆,隱之(元)豆,白(花)雲豆,敏(雲/芸/粉/醜)豆",Yard-long bean: frozen,H1000301,57.0,3.4,0.1,10.8,衛生福利部食品藥物管理署 台灣食品成分資料庫(食品營養成分資料庫)開放資料; 下載自 https://data.fda.gov.tw/data/opendata/export/20/csv (政府資料開放平臺 data.gov.tw dataset id 8543 / TFDA opendata InfoId=20); 查詢頁 https://consumer.fda.gov.tw/Food/TFND.aspx?nodeID=178 ; 整合編號=H1000301 (樣品基本資料)
豆類,毛豆仁,"大豆,青大豆,青皮豆",Vegetable soy bean,H1100101,129.0,14.6,3.3,12.5,衛生福利部食品藥物管理署 台灣食品成分資料庫(食品營養成分資料庫)開放資料; 下載自 https://data.fda.gov.tw/data/opendata/export/20/csv (政府資料開放平臺 data.gov.tw dataset id 8543 / TFDA opendata InfoId=20); 查詢頁 https://consumer.fda.gov.tw/Food/TFND.aspx?nodeID=178 ; 整合編號=H1100101 (樣品基本資料)
豆類,毛豆莢(高雄13號),"大豆,青大豆,青皮豆",Vegetable soy bean,H1100201,137.0,11.6,5.1,13.2,衛生福利部食品藥物管理署 台灣食品成分資料庫(食品營養成分資料庫)開放資料; 下載自 https://data.fda.gov.tw/data/opendata/export/20/csv (政府資料開放平臺 data.gov.tw dataset id 8543 / TFDA opendata InfoId=20); 查詢頁 https://consumer.fda.gov.tw/Food/TFND.aspx?nodeID=178 ; 整合編號=H1100201 (樣品基本資料)
豆類,冷凍毛豆仁,"大豆,青大豆,青皮豆",Vegetable soy bean: frozen,H1100301,135.0,12.5,6.1,9.8,衛生福利部食品藥物管理署 台灣食品成分資料庫(食品營養成分資料庫)開放資料; 下載自 https://data.fda.gov.tw/data/opendata/export/20/csv (政府資料開放平臺 data.gov.tw dataset id 8543 / TFDA opendata InfoId=20); 查詢頁 https://consumer.fda.gov.tw/Food/TFND.aspx?nodeID=178 ; 整合編號=H1100301 (樣品基本資料)
豆類,黃豆,"大豆,菽",Soy bean,H1105101,389.0,35.6,15.7,33.0,衛生福利部食品藥物管理署 台灣食品成分資料庫(食品營養成分資料庫)開放資料; 下載自 https://data.fda.gov.tw/data/opendata/export/20/csv (政府資料開放平臺 data.gov.tw dataset id 8543 / TFDA opendata InfoId=20); 查詢頁 https://consumer.fda.gov.tw/Food/TFND.aspx?nodeID=178 ; 整合編號=H1105101 (樣品基本資料)
豆類,黃豆胚芽,大豆胚芽,Soy bean,H1110101,169.0,16.6,5.4,16.4,衛生福利部食品藥物管理署 台灣食品成分資料庫(食品營養成分資料庫)開放資料; 下載自 https://data.fda.gov.tw/data/opendata/export/20/csv (政府資料開放平臺 data.gov.tw dataset id 8543 / TFDA opendata InfoId=20); 查詢頁 https://consumer.fda.gov.tw/Food/TFND.aspx?nodeID=178 ; 整合編號=H1110101 (樣品基本資料)
豆類,黃豆粉,大豆,Soy bean powder,H1120101,401.0,37.4,16.7,32.2,衛生福利部食品藥物管理署 台灣食品成分資料庫(食品營養成分資料庫)開放資料; 下載自 https://data.fda.gov.tw/data/opendata/export/20/csv (政府資料開放平臺 data.gov.tw dataset id 8543 / TFDA opendata InfoId=20); 查詢頁 https://consumer.fda.gov.tw/Food/TFND.aspx?nodeID=178 ; 整合編號=H1120101 (樣品基本資料)
豆類,黃豆粉(有機),大豆粉(有機),,H1120102,434.0,42.0,21.9,25.9,衛生福利部食品藥物管理署 台灣食品成分資料庫(食品營養成分資料庫)開放資料; 下載自 https://data.fda.gov.tw/data/opendata/export/20/csv (政府資料開放平臺 data.gov.tw dataset id 8543 / TFDA opendata InfoId=20); 查詢頁 https://consumer.fda.gov.tw/Food/TFND.aspx?nodeID=178 ; 整合編號=H1120102 (樣品基本資料)
豆類,豆漿(無糖),,,H1150201,35.0,3.6,1.9,0.7,衛生福利部食品藥物管理署 台灣食品成分資料庫(食品營養成分資料庫)開放資料; 下載自 https://data.fda.gov.tw/data/opendata/export/20/csv (政府資料開放平臺 data.gov.tw dataset id 8543 / TFDA opendata InfoId=20); 查詢頁 https://consumer.fda.gov.tw/Food/TFND.aspx?nodeID=178 ; 整合編號=H1150201 (樣品基本資料)
豆類,豌豆仁,"荷蓮豆仁,荷仁豆仁,荷蘭豆仁,花蓮豆仁,飛龍豆仁,青豆仁,胡豆仁,畢豆仁,宛豆仁,孫豆仁,丸豆仁,留",Pea; Garden pea; Sweet pea,H1200101,123.0,9.2,0.4,21.7,衛生福利部食品藥物管理署 台灣食品成分資料庫(食品營養成分資料庫)開放資料; 下載自 https://data.fda.gov.tw/data/opendata/export/20/csv (政府資料開放平臺 data.gov.tw dataset id 8543 / TFDA opendata InfoId=20); 查詢頁 https://consumer.fda.gov.tw/Food/TFND.aspx?nodeID=178 ; 整合編號=H1200101 (樣品基本資料)
豆類,豌豆莢,"荷蓮豆,荷仁豆,荷蘭豆,花蓮豆,飛龍豆,青豆莢,胡豆莢,畢豆莢,宛豆莢,孫豆莢,丸豆莢,留豆莢,戎菽",Pea; Garden pea,H1200201,41.0,2.9,0.2,7.1,衛生福利部食品藥物管理署 台灣食品成分資料庫(食品營養成分資料庫)開放資料; 下載自 https://data.fda.gov.tw/data/opendata/export/20/csv (政府資料開放平臺 data.gov.tw dataset id 8543 / TFDA opendata InfoId=20); 查詢頁 https://consumer.fda.gov.tw/Food/TFND.aspx?nodeID=178 ; 整合編號=H1200201 (樣品基本資料)
豆類,高山大豌豆莢,"荷蓮豆,荷仁豆,荷蘭豆,花蓮豆,飛龍豆,青豆莢,胡豆莢,畢豆莢,宛豆莢,孫豆莢,丸豆莢,留豆莢,戎菽",Pea; Garden pea,H1200301,49.0,2.4,0.0,9.9,衛生福利部食品藥物管理署 台灣食品成分資料庫(食品營養成分資料庫)開放資料; 下載自 https://data.fda.gov.tw/data/opendata/export/20/csv (政府資料開放平臺 data.gov.tw dataset id 8543 / TFDA opendata InfoId=20); 查詢頁 https://consumer.fda.gov.tw/Food/TFND.aspx?nodeID=178 ; 整合編號=H1200301 (樣品基本資料)
豆類,甜豌豆莢,"甜脆豌豆,甜荷蘭豆,甜荷仁豆",Sugar pea; Edible podded pea,H1200401,42.0,3.0,0.2,7.4,衛生福利部食品藥物管理署 台灣食品成分資料庫(食品營養成分資料庫)開放資料; 下載自 https://data.fda.gov.tw/data/opendata/export/20/csv (政府資料開放平臺 data.gov.tw dataset id 8543 / TFDA opendata InfoId=20); 查詢頁 https://consumer.fda.gov.tw/Food/TFND.aspx?nodeID=178 ; 整合編號=H1200401 (樣品基本資料)
豆類,冷凍豌豆仁,"荷蓮豆仁,荷仁豆仁,荷蘭豆仁,花蓮豆仁,飛龍豆仁,青豆仁,胡豆仁,畢豆仁,宛豆仁,孫豆仁,丸豆仁,留",Common peas: frozen; Edible podded pea: frozen,H1200501,96.0,6.1,0.6,17.1,衛生福利部食品藥物管理署 台灣食品成分資料庫(食品營養成分資料庫)開放資料; 下載自 https://data.fda.gov.tw/data/opendata/export/20/csv (政府資料開放平臺 data.gov.tw dataset id 8543 / TFDA opendata InfoId=20); 查詢頁 https://consumer.fda.gov.tw/Food/TFND.aspx?nodeID=178 ; 整合編號=H1200501 (樣品基本資料)
豆類,鵲豆莢,"肉(扁/藊)豆,峨(蛾/花)眉豆,沿(延)籬豆,隱元豆,膨皮豆",Hyacinth bean; Lablab,H1300101,31.0,2.4,0.3,5.1,衛生福利部食品藥物管理署 台灣食品成分資料庫(食品營養成分資料庫)開放資料; 下載自 https://data.fda.gov.tw/data/opendata/export/20/csv (政府資料開放平臺 data.gov.tw dataset id 8543 / TFDA opendata InfoId=20); 查詢頁 https://consumer.fda.gov.tw/Food/TFND.aspx?nodeID=178 ; 整合編號=H1300101 (樣品基本資料)
豆類,紅扁豆仁,,Red lentils,H1505101,343.0,25.3,2.1,58.3,衛生福利部食品藥物管理署 台灣食品成分資料庫(食品營養成分資料庫)開放資料; 下載自 https://data.fda.gov.tw/data/opendata/export/20/csv (政府資料開放平臺 data.gov.tw dataset id 8543 / TFDA opendata InfoId=20); 查詢頁 https://consumer.fda.gov.tw/Food/TFND.aspx?nodeID=178 ; 整合編號=H1505101 (樣品基本資料)
豆類,鷹嘴豆,"雪蓮子,埃及豆,馬豆,桃爾豆,雞心豆,雞豆,雞屁股豆",Chickpea,H1600101,364.0,19.4,5.8,61.0,衛生福利部食品藥物管理署 台灣食品成分資料庫(食品營養成分資料庫)開放資料; 下載自 https://data.fda.gov.tw/data/opendata/export/20/csv (政府資料開放平臺 data.gov.tw dataset id 8543 / TFDA opendata InfoId=20); 查詢頁 https://consumer.fda.gov.tw/Food/TFND.aspx?nodeID=178 ; 整合編號=H1600101 (樣品基本資料)
豆類,樹豆(白),"木豆,白樹豆,柳豆,米豆,放屁豆,番仔豆,蒲姜豆",Pigeon pea,H1700101,325.0,22.1,0.8,59.4,衛生福利部食品藥物管理署 台灣食品成分資料庫(食品營養成分資料庫)開放資料; 下載自 https://data.fda.gov.tw/data/opendata/export/20/csv (政府資料開放平臺 data.gov.tw dataset id 8543 / TFDA opendata InfoId=20); 查詢頁 https://consumer.fda.gov.tw/Food/TFND.aspx?nodeID=178 ; 整合編號=H1700101 (樣品基本資料)
豆類,翼豆,四角豆、翅豆、羊角豆、 楊桃豆、四稜豆,Four-angled bean、Winged bean、Goa bean,H1800101,31.0,2.5,0.4,4.7,衛生福利部食品藥物管理署 台灣食品成分資料庫(食品營養成分資料庫)開放資料; 下載自 https://data.fda.gov.tw/data/opendata/export/20/csv (政府資料開放平臺 data.gov.tw dataset id 8543 / TFDA opendata InfoId=20); 查詢頁 https://consumer.fda.gov.tw/Food/TFND.aspx?nodeID=178 ; 整合編號=H1800101 (樣品基本資料)
豆類,天貝(黃豆),,Soybean Fresh Tempeh,H2000101,187.0,23.6,9.0,7.4,衛生福利部食品藥物管理署 台灣食品成分資料庫(食品營養成分資料庫)開放資料; 下載自 https://data.fda.gov.tw/data/opendata/export/20/csv (政府資料開放平臺 data.gov.tw dataset id 8543 / TFDA opendata InfoId=20); 查詢頁 https://consumer.fda.gov.tw/Food/TFND.aspx?nodeID=178 ; 整合編號=H2000101 (樣品基本資料)
飲料類,西瓜汁(非原汁),,,O0100101,30.0,1.1,0.1,6.1,衛生福利部食品藥物管理署 台灣食品成分資料庫(食品營養成分資料庫)開放資料; 下載自 https://data.fda.gov.tw/data/opendata/export/20/csv (政府資料開放平臺 data.gov.tw dataset id 8543 / TFDA opendata InfoId=20); 查詢頁 https://consumer.fda.gov.tw/Food/TFND.aspx?nodeID=178 ; 整合編號=O0100101 (樣品基本資料)
飲料類,芭樂汁(非原汁),,Guava juice,O0100201,45.0,0.2,0.1,11.0,衛生福利部食品藥物管理署 台灣食品成分資料庫(食品營養成分資料庫)開放資料; 下載自 https://data.fda.gov.tw/data/opendata/export/20/csv (政府資料開放平臺 data.gov.tw dataset id 8543 / TFDA opendata InfoId=20); 查詢頁 https://consumer.fda.gov.tw/Food/TFND.aspx?nodeID=178 ; 整合編號=O0100201 (樣品基本資料)
飲料類,柳橙汁(非原汁),,Orange juice,O0100301,50.0,0.1,0.1,12.3,衛生福利部食品藥物管理署 台灣食品成分資料庫(食品營養成分資料庫)開放資料; 下載自 https://data.fda.gov.tw/data/opendata/export/20/csv (政府資料開放平臺 data.gov.tw dataset id 8543 / TFDA opendata InfoId=20); 查詢頁 https://consumer.fda.gov.tw/Food/TFND.aspx?nodeID=178 ; 整合編號=O0100301 (樣品基本資料)
飲料類,柳橙汁(100%),,,O0100401,48.0,0.6,0.3,10.7,衛生福利部食品藥物管理署 台灣食品成分資料庫(食品營養成分資料庫)開放資料; 下載自 https://data.fda.gov.tw/data/opendata/export/20/csv (政府資料開放平臺 data.gov.tw dataset id 8543 / TFDA opendata InfoId=20); 查詢頁 https://consumer.fda.gov.tw/Food/TFND.aspx?nodeID=178 ; 整合編號=O0100401 (樣品基本資料)
飲料類,烏梅汁,,,O0100501,58.0,0.3,0.2,13.8,衛生福利部食品藥物管理署 台灣食品成分資料庫(食品營養成分資料庫)開放資料; 下載自 https://data.fda.gov.tw/data/opendata/export/20/csv (政府資料開放平臺 data.gov.tw dataset id 8543 / TFDA opendata InfoId=20); 查詢頁 https://consumer.fda.gov.tw/Food/TFND.aspx?nodeID=178 ; 整合編號=O0100501 (樣品基本資料)
飲料類,黑棗茶,,,O0100601,46.0,0.0,,11.6,衛生福利部食品藥物管理署 台灣食品成分資料庫(食品營養成分資料庫)開放資料; 下載自 https://data.fda.gov.tw/data/opendata/export/20/csv (政府資料開放平臺 data.gov.tw dataset id 8543 / TFDA opendata InfoId=20); 查詢頁 https://consumer.fda.gov.tw/Food/TFND.aspx?nodeID=178 ; 整合編號=O0100601 (樣品基本資料)
飲料類,楊桃汁(非原汁),,Star fruit juice,O0100701,49.0,0.0,0.1,12.0,衛生福利部食品藥物管理署 台灣食品成分資料庫(食品營養成分資料庫)開放資料; 下載自 https://data.fda.gov.tw/data/opendata/export/20/csv (政府資料開放平臺 data.gov.tw dataset id 8543 / TFDA opendata InfoId=20); 查詢頁 https://consumer.fda.gov.tw/Food/TFND.aspx?nodeID=178 ; 整合編號=O0100701 (樣品基本資料)
飲料類,葡萄柚汁(非原汁),,Grapefruit juice,O0100801,41.0,0.2,0.2,9.7,衛生福利部食品藥物管理署 台灣食品成分資料庫(食品營養成分資料庫)開放資料; 下載自 https://data.fda.gov.tw/data/opendata/export/20/csv (政府資料開放平臺 data.gov.tw dataset id 8543 / TFDA opendata InfoId=20); 查詢頁 https://consumer.fda.gov.tw/Food/TFND.aspx?nodeID=178 ; 整合編號=O0100801 (樣品基本資料)
飲料類,鳳梨汁(非原汁),,Pineapple juice,O0100901,48.0,0.3,0.2,11.3,衛生福利部食品藥物管理署 台灣食品成分資料庫(食品營養成分資料庫)開放資料; 下載自 https://data.fda.gov.tw/data/opendata/export/20/csv (政府資料開放平臺 data.gov.tw dataset id 8543 / TFDA opendata InfoId=20); 查詢頁 https://consumer.fda.gov.tw/Food/TFND.aspx?nodeID=178 ; 整合編號=O0100901 (樣品基本資料)
飲料類,蔓越莓汁(非原汁),,,O0101001,45.0,0.9,0.1,10.0,衛生福利部食品藥物管理署 台灣食品成分資料庫(食品營養成分資料庫)開放資料; 下載自 https://data.fda.gov.tw/data/opendata/export/20/csv (政府資料開放平臺 data.gov.tw dataset id 8543 / TFDA opendata InfoId=20); 查詢頁 https://consumer.fda.gov.tw/Food/TFND.aspx?nodeID=178 ; 整合編號=O0101001 (樣品基本資料)
飲料類,檸檬汁(非原汁),,Lemon juice,O0101101,33.0,0.8,0.1,7.1,衛生福利部食品藥物管理署 台灣食品成分資料庫(食品營養成分資料庫)開放資料; 下載自 https://data.fda.gov.tw/data/opendata/export/20/csv (政府資料開放平臺 data.gov.tw dataset id 8543 / TFDA opendata InfoId=20); 查詢頁 https://consumer.fda.gov.tw/Food/TFND.aspx?nodeID=178 ; 整合編號=O0101101 (樣品基本資料)
飲料類,蘋果汁(非原汁),,Apple juice,O0101201,47.0,0.1,0.4,10.9,衛生福利部食品藥物管理署 台灣食品成分資料庫(食品營養成分資料庫)開放資料; 下載自 https://data.fda.gov.tw/data/opendata/export/20/csv (政府資料開放平臺 data.gov.tw dataset id 8543 / TFDA opendata InfoId=20); 查詢頁 https://consumer.fda.gov.tw/Food/TFND.aspx?nodeID=178 ; 整合編號=O0101201 (樣品基本資料)
飲料類,蘋果汁(100%),,,O0101301,51.0,0.1,0.2,12.2,衛生福利部食品藥物管理署 台灣食品成分資料庫(食品營養成分資料庫)開放資料; 下載自 https://data.fda.gov.tw/data/opendata/export/20/csv (政府資料開放平臺 data.gov.tw dataset id 8543 / TFDA opendata InfoId=20); 查詢頁 https://consumer.fda.gov.tw/Food/TFND.aspx?nodeID=178 ; 整合編號=O0101301 (樣品基本資料)
飲料類,蕃茄汁(非原汁),,Tomato juice,O0200101,22.0,0.7,0.2,4.4,衛生福利部食品藥物管理署 台灣食品成分資料庫(食品營養成分資料庫)開放資料; 下載自 https://data.fda.gov.tw/data/opendata/export/20/csv (政府資料開放平臺 data.gov.tw dataset id 8543 / TFDA opendata InfoId=20); 查詢頁 https://consumer.fda.gov.tw/Food/TFND.aspx?nodeID=178 ; 整合編號=O0200101 (樣品基本資料)
飲料類,仙草蜜,,,O0200201,35.0,0.0,0.0,8.8,衛生福利部食品藥物管理署 台灣食品成分資料庫(食品營養成分資料庫)開放資料; 下載自 https://data.fda.gov.tw/data/opendata/export/20/csv (政府資料開放平臺 data.gov.tw dataset id 8543 / TFDA opendata InfoId=20); 查詢頁 https://consumer.fda.gov.tw/Food/TFND.aspx?nodeID=178 ; 整合編號=O0200201 (樣品基本資料)
飲料類,薑母茶,,Ginger tea,O0200301,28.0,,,7.0,衛生福利部食品藥物管理署 台灣食品成分資料庫(食品營養成分資料庫)開放資料; 下載自 https://data.fda.gov.tw/data/opendata/export/20/csv (政府資料開放平臺 data.gov.tw dataset id 8543 / TFDA opendata InfoId=20); 查詢頁 https://consumer.fda.gov.tw/Food/TFND.aspx?nodeID=178 ; 整合編號=O0200301 (樣品基本資料)
飲料類,蘆薈露飲料,,Aloe drinking,O0200401,44.0,0.0,,10.9,衛生福利部食品藥物管理署 台灣食品成分資料庫(食品營養成分資料庫)開放資料; 下載自 https://data.fda.gov.tw/data/opendata/export/20/csv (政府資料開放平臺 data.gov.tw dataset id 8543 / TFDA opendata InfoId=20); 查詢頁 https://consumer.fda.gov.tw/Food/TFND.aspx?nodeID=178 ; 整合編號=O0200401 (樣品基本資料)
飲料類,黑豆茶,,Black bean tea,O0200501,13.0,,,3.2,衛生福利部食品藥物管理署 台灣食品成分資料庫(食品營養成分資料庫)開放資料; 下載自 https://data.fda.gov.tw/data/opendata/export/20/csv (政府資料開放平臺 data.gov.tw dataset id 8543 / TFDA opendata InfoId=20); 查詢頁 https://consumer.fda.gov.tw/Food/TFND.aspx?nodeID=178 ; 整合編號=O0200501 (樣品基本資料)
飲料類,龜苓茶,,,O0200601,33.0,0.0,0.0,8.3,衛生福利部食品藥物管理署 台灣食品成分資料庫(食品營養成分資料庫)開放資料; 下載自 https://data.fda.gov.tw/data/opendata/export/20/csv (政府資料開放平臺 data.gov.tw dataset id 8543 / TFDA opendata InfoId=20); 查詢頁 https://consumer.fda.gov.tw/Food/TFND.aspx?nodeID=178 ; 整合編號=O0200601 (樣品基本資料)
飲料類,麥茶,,,O0200701,18.0,,,4.4,衛生福利部食品藥物管理署 台灣食品成分資料庫(食品營養成分資料庫)開放資料; 下載自 https://data.fda.gov.tw/data/opendata/export/20/csv (政府資料開放平臺 data.gov.tw dataset id 8543 / TFDA opendata InfoId=20); 查詢頁 https://consumer.fda.gov.tw/Food/TFND.aspx?nodeID=178 ; 整合編號=O0200701 (樣品基本資料)
飲料類,黑麥汁,,,O0200801,52.0,0.3,0.0,12.6,衛生福利部食品藥物管理署 台灣食品成分資料庫(食品營養成分資料庫)開放資料; 下載自 https://data.fda.gov.tw/data/opendata/export/20/csv (政府資料開放平臺 data.gov.tw dataset id 8543 / TFDA opendata InfoId=20); 查詢頁 https://consumer.fda.gov.tw/Food/TFND.aspx?nodeID=178 ; 整合編號=O0200801 (樣品基本資料)
飲料類,果汁醋飲料(綜合),,Vinegar drink,O0400101,37.0,,,9.3,衛生福利部食品藥物管理署 台灣食品成分資料庫(食品營養成分資料庫)開放資料; 下載自 https://data.fda.gov.tw/data/opendata/export/20/csv (政府資料開放平臺 data.gov.tw dataset id 8543 / TFDA opendata InfoId=20); 查詢頁 https://consumer.fda.gov.tw/Food/TFND.aspx?nodeID=178 ; 整合編號=O0400101 (樣品基本資料)
飲料類,可樂,,Coca cola,O0600101,51.0,,,12.8,衛生福利部食品藥物管理署 台灣食品成分資料庫(食品營養成分資料庫)開放資料; 下載自 https://data.fda.gov.tw/data/opendata/export/20/csv (政府資料開放平臺 data.gov.tw dataset id 8543 / TFDA opendata InfoId=20); 查詢頁 https://consumer.fda.gov.tw/Food/TFND.aspx?nodeID=178 ; 整合編號=O0600101 (樣品基本資料)
飲料類,可樂(低熱量),,Diet coke,O0600201,1.0,,,0.3,衛生福利部食品藥物管理署 台灣食品成分資料庫(食品營養成分資料庫)開放資料; 下載自 https://data.fda.gov.tw/data/opendata/export/20/csv (政府資料開放平臺 data.gov.tw dataset id 8543 / TFDA opendata InfoId=20); 查詢頁 https://consumer.fda.gov.tw/Food/TFND.aspx?nodeID=178 ; 整合編號=O0600201 (樣品基本資料)
飲料類,沙士,,Root beer,O0600301,37.0,,,9.2,衛生福利部食品藥物管理署 台灣食品成分資料庫(食品營養成分資料庫)開放資料; 下載自 https://data.fda.gov.tw/data/opendata/export/20/csv (政府資料開放平臺 data.gov.tw dataset id 8543 / TFDA opendata InfoId=20); 查詢頁 https://consumer.fda.gov.tw/Food/TFND.aspx?nodeID=178 ; 整合編號=O0600301 (樣品基本資料)
飲料類,加鹽沙士,,,O0600401,41.0,0.8,0.0,9.4,衛生福利部食品藥物管理署 台灣食品成分資料庫(食品營養成分資料庫)開放資料; 下載自 https://data.fda.gov.tw/data/opendata/export/20/csv (政府資料開放平臺 data.gov.tw dataset id 8543 / TFDA opendata InfoId=20); 查詢頁 https://consumer.fda.gov.tw/Food/TFND.aspx?nodeID=178 ; 整合編號=O0600401 (樣品基本資料)
飲料類,沙士(低糖),,Root beer: diet,O0600501,43.0,0.0,0.0,10.9,衛生福利部食品藥物管理署 台灣食品成分資料庫(食品營養成分資料庫)開放資料; 下載自 https://data.fda.gov.tw/data/opendata/export/20/csv (政府資料開放平臺 data.gov.tw dataset id 8543 / TFDA opendata InfoId=20); 查詢頁 https://consumer.fda.gov.tw/Food/TFND.aspx?nodeID=178 ; 整合編號=O0600501 (樣品基本資料)
飲料類,汽水(綜合口味),,Soda pop; Aerated water,O0600601,42.0,,,10.6,衛生福利部食品藥物管理署 台灣食品成分資料庫(食品營養成分資料庫)開放資料; 下載自 https://data.fda.gov.tw/data/opendata/export/20/csv (政府資料開放平臺 data.gov.tw dataset id 8543 / TFDA opendata InfoId=20); 查詢頁 https://consumer.fda.gov.tw/Food/TFND.aspx?nodeID=178 ; 整合編號=O0600601 (樣品基本資料)
飲料類,汽水(維生素強化),,,O0600701,46.0,,,11.5,衛生福利部食品藥物管理署 台灣食品成分資料庫(食品營養成分資料庫)開放資料; 下載自 https://data.fda.gov.tw/data/opendata/export/20/csv (政府資料開放平臺 data.gov.tw dataset id 8543 / TFDA opendata InfoId=20); 查詢頁 https://consumer.fda.gov.tw/Food/TFND.aspx?nodeID=178 ; 整合編號=O0600701 (樣品基本資料)
飲料類,美式咖啡(無糖),,,O0700101,2.0,0.2,0.1,0.3,衛生福利部食品藥物管理署 台灣食品成分資料庫(食品營養成分資料庫)開放資料; 下載自 https://data.fda.gov.tw/data/opendata/export/20/csv (政府資料開放平臺 data.gov.tw dataset id 8543 / TFDA opendata InfoId=20); 查詢頁 https://consumer.fda.gov.tw/Food/TFND.aspx?nodeID=178 ; 整合編號=O0700101 (樣品基本資料)
飲料類,無糖咖啡飲料,,,O0700201,4.0,0.2,0.1,0.5,衛生福利部食品藥物管理署 台灣食品成分資料庫(食品營養成分資料庫)開放資料; 下載自 https://data.fda.gov.tw/data/opendata/export/20/csv (政府資料開放平臺 data.gov.tw dataset id 8543 / TFDA opendata InfoId=20); 查詢頁 https://consumer.fda.gov.tw/Food/TFND.aspx?nodeID=178 ; 整合編號=O0700201 (樣品基本資料)
飲料類,拿鐵咖啡(無糖),咖啡牛奶,,O0700301,43.0,3.0,2.0,3.4,衛生福利部食品藥物管理署 台灣食品成分資料庫(食品營養成分資料庫)開放資料; 下載自 https://data.fda.gov.tw/data/opendata/export/20/csv (政府資料開放平臺 data.gov.tw dataset id 8543 / TFDA opendata InfoId=20); 查詢頁 https://consumer.fda.gov.tw/Food/TFND.aspx?nodeID=178 ; 整合編號=O0700301 (樣品基本資料)
飲料類,咖啡(三合一),咖啡牛奶,Coffee drink,O0700401,39.0,0.9,0.4,8.2,衛生福利部食品藥物管理署 台灣食品成分資料庫(食品營養成分資料庫)開放資料; 下載自 https://data.fda.gov.tw/data/opendata/export/20/csv (政府資料開放平臺 data.gov.tw dataset id 8543 / TFDA opendata InfoId=20); 查詢頁 https://consumer.fda.gov.tw/Food/TFND.aspx?nodeID=178 ; 整合編號=O0700401 (樣品基本資料)
飲料類,紅茶茶湯,,Black tea,O0700501,0.0,0.1,,0.0,衛生福利部食品藥物管理署 台灣食品成分資料庫(食品營養成分資料庫)開放資料; 下載自 https://data.fda.gov.tw/data/opendata/export/20/csv (政府資料開放平臺 data.gov.tw dataset id 8543 / TFDA opendata InfoId=20); 查詢頁 https://consumer.fda.gov.tw/Food/TFND.aspx?nodeID=178 ; 整合編號=O0700501 (樣品基本資料)
飲料類,紅茶(大麥),,Black tea,O0700601,34.0,0.0,,8.6,衛生福利部食品藥物管理署 台灣食品成分資料庫(食品營養成分資料庫)開放資料; 下載自 https://data.fda.gov.tw/data/opendata/export/20/csv (政府資料開放平臺 data.gov.tw dataset id 8543 / TFDA opendata InfoId=20); 查詢頁 https://consumer.fda.gov.tw/Food/TFND.aspx?nodeID=178 ; 整合編號=O0700601 (樣品基本資料)
飲料類,紅茶(蘋果),水果茶,,O0700701,37.0,0.0,,9.2,衛生福利部食品藥物管理署 台灣食品成分資料庫(食品營養成分資料庫)開放資料; 下載自 https://data.fda.gov.tw/data/opendata/export/20/csv (政府資料開放平臺 data.gov.tw dataset id 8543 / TFDA opendata InfoId=20); 查詢頁 https://consumer.fda.gov.tw/Food/TFND.aspx?nodeID=178 ; 整合編號=O0700701 (樣品基本資料)
飲料類,烏龍茶茶湯,,OoLong tea; Woo-Loong tea,O0700801,0.0,0.0,,0.0,衛生福利部食品藥物管理署 台灣食品成分資料庫(食品營養成分資料庫)開放資料; 下載自 https://data.fda.gov.tw/data/opendata/export/20/csv (政府資料開放平臺 data.gov.tw dataset id 8543 / TFDA opendata InfoId=20); 查詢頁 https://consumer.fda.gov.tw/Food/TFND.aspx?nodeID=178 ; 整合編號=O0700801 (樣品基本資料)
飲料類,烏龍茶,,OoLong tea; Woo-Loong tea,O0700901,0.0,0.1,,0.1,衛生福利部食品藥物管理署 台灣食品成分資料庫(食品營養成分資料庫)開放資料; 下載自 https://data.fda.gov.tw/data/opendata/export/20/csv (政府資料開放平臺 data.gov.tw dataset id 8543 / TFDA opendata InfoId=20); 查詢頁 https://consumer.fda.gov.tw/Food/TFND.aspx?nodeID=178 ; 整合編號=O0700901 (樣品基本資料)
飲料類,"烏龍茶(去冰,微糖)",,,O0701001,16.0,0.1,0.0,3.8,衛生福利部食品藥物管理署 台灣食品成分資料庫(食品營養成分資料庫)開放資料; 下載自 https://data.fda.gov.tw/data/opendata/export/20/csv (政府資料開放平臺 data.gov.tw dataset id 8543 / TFDA opendata InfoId=20); 查詢頁 https://consumer.fda.gov.tw/Food/TFND.aspx?nodeID=178 ; 整合編號=O0701001 (樣品基本資料)
飲料類,"烏龍茶(去冰,半糖)",,,O0701101,21.0,0.1,0.0,5.2,衛生福利部食品藥物管理署 台灣食品成分資料庫(食品營養成分資料庫)開放資料; 下載自 https://data.fda.gov.tw/data/opendata/export/20/csv (政府資料開放平臺 data.gov.tw dataset id 8543 / TFDA opendata InfoId=20); 查詢頁 https://consumer.fda.gov.tw/Food/TFND.aspx?nodeID=178 ; 整合編號=O0701101 (樣品基本資料)
飲料類,"烏龍茶(去冰,全糖)",,,O0701201,36.0,0.1,0.0,8.8,衛生福利部食品藥物管理署 台灣食品成分資料庫(食品營養成分資料庫)開放資料; 下載自 https://data.fda.gov.tw/data/opendata/export/20/csv (政府資料開放平臺 data.gov.tw dataset id 8543 / TFDA opendata InfoId=20); 查詢頁 https://consumer.fda.gov.tw/Food/TFND.aspx?nodeID=178 ; 整合編號=O0701201 (樣品基本資料)
飲料類,綠茶茶湯,,Green tea,O0701301,0.0,0.1,,0.0,衛生福利部食品藥物管理署 台灣食品成分資料庫(食品營養成分資料庫)開放資料; 下載自 https://data.fda.gov.tw/data/opendata/export/20/csv (政府資料開放平臺 data.gov.tw dataset id 8543 / TFDA opendata InfoId=20); 查詢頁 https://consumer.fda.gov.tw/Food/TFND.aspx?nodeID=178 ; 整合編號=O0701301 (樣品基本資料)
飲料類,綠茶,,Green tea,O0701401,22.0,0.0,,5.4,衛生福利部食品藥物管理署 台灣食品成分資料庫(食品營養成分資料庫)開放資料; 下載自 https://data.fda.gov.tw/data/opendata/export/20/csv (政府資料開放平臺 data.gov.tw dataset id 8543 / TFDA opendata InfoId=20); 查詢頁 https://consumer.fda.gov.tw/Food/TFND.aspx?nodeID=178 ; 整合編號=O0701401 (樣品基本資料)
飲料類,鮮奶茶(無糖),紅茶拿鐵,,O0701501,27.0,2.0,1.4,1.4,衛生福利部食品藥物管理署 台灣食品成分資料庫(食品營養成分資料庫)開放資料; 下載自 https://data.fda.gov.tw/data/opendata/export/20/csv (政府資料開放平臺 data.gov.tw dataset id 8543 / TFDA opendata InfoId=20); 查詢頁 https://consumer.fda.gov.tw/Food/TFND.aspx?nodeID=178 ; 整合編號=O0701501 (樣品基本資料)
飲料類,奶茶(三合一),,Milk tea,O0701601,42.0,0.5,0.3,9.5,衛生福利部食品藥物管理署 台灣食品成分資料庫(食品營養成分資料庫)開放資料; 下載自 https://data.fda.gov.tw/data/opendata/export/20/csv (政府資料開放平臺 data.gov.tw dataset id 8543 / TFDA opendata InfoId=20); 查詢頁 https://consumer.fda.gov.tw/Food/TFND.aspx?nodeID=178 ; 整合編號=O0701601 (樣品基本資料)
飲料類,"烏龍奶茶(去冰,微糖)",,,O0701701,59.0,0.2,2.9,8.1,衛生福利部食品藥物管理署 台灣食品成分資料庫(食品營養成分資料庫)開放資料; 下載自 https://data.fda.gov.tw/data/opendata/export/20/csv (政府資料開放平臺 data.gov.tw dataset id 8543 / TFDA opendata InfoId=20); 查詢頁 https://consumer.fda.gov.tw/Food/TFND.aspx?nodeID=178 ; 整合編號=O0701701 (樣品基本資料)
飲料類,"烏龍奶茶(去冰,半糖)",,,O0701801,62.0,0.2,2.6,9.6,衛生福利部食品藥物管理署 台灣食品成分資料庫(食品營養成分資料庫)開放資料; 下載自 https://data.fda.gov.tw/data/opendata/export/20/csv (政府資料開放平臺 data.gov.tw dataset id 8543 / TFDA opendata InfoId=20); 查詢頁 https://consumer.fda.gov.tw/Food/TFND.aspx?nodeID=178 ; 整合編號=O0701801 (樣品基本資料)
飲料類,"烏龍奶茶(去冰,全糖)",,,O0701901,75.0,0.2,2.8,12.3,衛生福利部食品藥物管理署 台灣食品成分資料庫(食品營養成分資料庫)開放資料; 下載自 https://data.fda.gov.tw/data/opendata/export/20/csv (政府資料開放平臺 data.gov.tw dataset id 8543 / TFDA opendata InfoId=20); 查詢頁 https://consumer.fda.gov.tw/Food/TFND.aspx?nodeID=178 ; 整合編號=O0701901 (樣品基本資料)
飲料類,"珍珠奶茶(去冰,微糖)",,,O0702001,75.0,0.2,2.3,13.5,衛生福利部食品藥物管理署 台灣食品成分資料庫(食品營養成分資料庫)開放資料; 下載自 https://data.fda.gov.tw/data/opendata/export/20/csv (政府資料開放平臺 data.gov.tw dataset id 8543 / TFDA opendata InfoId=20); 查詢頁 https://consumer.fda.gov.tw/Food/TFND.aspx?nodeID=178 ; 整合編號=O0702001 (樣品基本資料)
飲料類,"珍珠奶茶(去冰,半糖)",,,O0702101,84.0,0.2,2.7,14.5,衛生福利部食品藥物管理署 台灣食品成分資料庫(食品營養成分資料庫)開放資料; 下載自 https://data.fda.gov.tw/data/opendata/export/20/csv (政府資料開放平臺 data.gov.tw dataset id 8543 / TFDA opendata InfoId=20); 查詢頁 https://consumer.fda.gov.tw/Food/TFND.aspx?nodeID=178 ; 整合編號=O0702101 (樣品基本資料)
飲料類,"珍珠奶茶(去冰,全糖)",,,O0702201,94.0,0.2,2.4,17.9,衛生福利部食品藥物管理署 台灣食品成分資料庫(食品營養成分資料庫)開放資料; 下載自 https://data.fda.gov.tw/data/opendata/export/20/csv (政府資料開放平臺 data.gov.tw dataset id 8543 / TFDA opendata InfoId=20); 查詢頁 https://consumer.fda.gov.tw/Food/TFND.aspx?nodeID=178 ; 整合編號=O0702201 (樣品基本資料)
飲料類,奶茶沖泡包(三合一),,Instant tea powder mix,O0702301,452.0,1.7,12.9,82.3,衛生福利部食品藥物管理署 台灣食品成分資料庫(食品營養成分資料庫)開放資料; 下載自 https://data.fda.gov.tw/data/opendata/export/20/csv (政府資料開放平臺 data.gov.tw dataset id 8543 / TFDA opendata InfoId=20); 查詢頁 https://consumer.fda.gov.tw/Food/TFND.aspx?nodeID=178 ; 整合編號=O0702301 (樣品基本資料)
飲料類,茉莉花茶湯,香片,Jasmine tea,O0702401,0.0,0.1,,0.0,衛生福利部食品藥物管理署 台灣食品成分資料庫(食品營養成分資料庫)開放資料; 下載自 https://data.fda.gov.tw/data/opendata/export/20/csv (政府資料開放平臺 data.gov.tw dataset id 8543 / TFDA opendata InfoId=20); 查詢頁 https://consumer.fda.gov.tw/Food/TFND.aspx?nodeID=178 ; 整合編號=O0702401 (樣品基本資料)
飲料類,茉莉花茶,,Jasmine tea drink,O0702501,28.0,0.1,,7.1,衛生福利部食品藥物管理署 台灣食品成分資料庫(食品營養成分資料庫)開放資料; 下載自 https://data.fda.gov.tw/data/opendata/export/20/csv (政府資料開放平臺 data.gov.tw dataset id 8543 / TFDA opendata InfoId=20); 查詢頁 https://consumer.fda.gov.tw/Food/TFND.aspx?nodeID=178 ; 整合編號=O0702501 (樣品基本資料)
飲料類,菊花茶,,Chrysauthemum tea,O0702601,30.0,0.0,,7.4,衛生福利部食品藥物管理署 台灣食品成分資料庫(食品營養成分資料庫)開放資料; 下載自 https://data.fda.gov.tw/data/opendata/export/20/csv (政府資料開放平臺 data.gov.tw dataset id 8543 / TFDA opendata InfoId=20); 查詢頁 https://consumer.fda.gov.tw/Food/TFND.aspx?nodeID=178 ; 整合編號=O0702601 (樣品基本資料)
飲料類,多多綠茶(全糖),,,O0702701,49.0,1.1,0.1,11.0,衛生福利部食品藥物管理署 台灣食品成分資料庫(食品營養成分資料庫)開放資料; 下載自 https://data.fda.gov.tw/data/opendata/export/20/csv (政府資料開放平臺 data.gov.tw dataset id 8543 / TFDA opendata InfoId=20); 查詢頁 https://consumer.fda.gov.tw/Food/TFND.aspx?nodeID=178 ; 整合編號=O0702701 (樣品基本資料)
飲料類,冬瓜茶,,White gourd drink,O0702801,33.0,0.0,,8.3,衛生福利部食品藥物管理署 台灣食品成分資料庫(食品營養成分資料庫)開放資料; 下載自 https://data.fda.gov.tw/data/opendata/export/20/csv (政府資料開放平臺 data.gov.tw dataset id 8543 / TFDA opendata InfoId=20); 查詢頁 https://consumer.fda.gov.tw/Food/TFND.aspx?nodeID=178 ; 整合編號=O0702801 (樣品基本資料)
飲料類,乳酸飲料,,,O0702901,45.0,0.2,0.0,11.0,衛生福利部食品藥物管理署 台灣食品成分資料庫(食品營養成分資料庫)開放資料; 下載自 https://data.fda.gov.tw/data/opendata/export/20/csv (政府資料開放平臺 data.gov.tw dataset id 8543 / TFDA opendata InfoId=20); 查詢頁 https://consumer.fda.gov.tw/Food/TFND.aspx?nodeID=178 ; 整合編號=O0702901 (樣品基本資料)
飲料類,維生素強化飲料(胡蘿蔔素),,Drink: beta-carotene enriched,O0703001,39.0,0.0,,9.9,衛生福利部食品藥物管理署 台灣食品成分資料庫(食品營養成分資料庫)開放資料; 下載自 https://data.fda.gov.tw/data/opendata/export/20/csv (政府資料開放平臺 data.gov.tw dataset id 8543 / TFDA opendata InfoId=20); 查詢頁 https://consumer.fda.gov.tw/Food/TFND.aspx?nodeID=178 ; 整合編號=O0703001 (樣品基本資料)
飲料類,維生素強化飲料(綜合),,Drink: multi-vitamin enriched,O0703101,54.0,0.2,,13.4,衛生福利部食品藥物管理署 台灣食品成分資料庫(食品營養成分資料庫)開放資料; 下載自 https://data.fda.gov.tw/data/opendata/export/20/csv (政府資料開放平臺 data.gov.tw dataset id 8543 / TFDA opendata InfoId=20); 查詢頁 https://consumer.fda.gov.tw/Food/TFND.aspx?nodeID=178 ; 整合編號=O0703101 (樣品基本資料)
飲料類,維生素強化飲料(維生素C),,Drink: vitamin C enriched,O0703201,57.0,,,14.3,衛生福利部食品藥物管理署 台灣食品成分資料庫(食品營養成分資料庫)開放資料; 下載自 https://data.fda.gov.tw/data/opendata/export/20/csv (政府資料開放平臺 data.gov.tw dataset id 8543 / TFDA opendata InfoId=20); 查詢頁 https://consumer.fda.gov.tw/Food/TFND.aspx?nodeID=178 ; 整合編號=O0703201 (樣品基本資料)
飲料類,運動飲料,,Isotonic drink,O0703301,28.0,0.1,,7.0,衛生福利部食品藥物管理署 台灣食品成分資料庫(食品營養成分資料庫)開放資料; 下載自 https://data.fda.gov.tw/data/opendata/export/20/csv (政府資料開放平臺 data.gov.tw dataset id 8543 / TFDA opendata InfoId=20); 查詢頁 https://consumer.fda.gov.tw/Food/TFND.aspx?nodeID=178 ; 整合編號=O0703301 (樣品基本資料)
飲料類,米醋飲料,,Vinegar drink,O0703401,52.0,,,13.0,衛生福利部食品藥物管理署 台灣食品成分資料庫(食品營養成分資料庫)開放資料; 下載自 https://data.fda.gov.tw/data/opendata/export/20/csv (政府資料開放平臺 data.gov.tw dataset id 8543 / TFDA opendata InfoId=20); 查詢頁 https://consumer.fda.gov.tw/Food/TFND.aspx?nodeID=178 ; 整合編號=O0703401 (樣品基本資料)
飲料類,即溶咖啡粉,,Instant coffee,O0900101,363.0,16.6,1.3,71.2,衛生福利部食品藥物管理署 台灣食品成分資料庫(食品營養成分資料庫)開放資料; 下載自 https://data.fda.gov.tw/data/opendata/export/20/csv (政府資料開放平臺 data.gov.tw dataset id 8543 / TFDA opendata InfoId=20); 查詢頁 https://consumer.fda.gov.tw/Food/TFND.aspx?nodeID=178 ; 整合編號=O0900101 (樣品基本資料)
飲料類,咖啡沖泡包(二合一),,Instant coffee powder mix,O0900201,491.0,6.8,23.3,63.6,衛生福利部食品藥物管理署 台灣食品成分資料庫(食品營養成分資料庫)開放資料; 下載自 https://data.fda.gov.tw/data/opendata/export/20/csv (政府資料開放平臺 data.gov.tw dataset id 8543 / TFDA opendata InfoId=20); 查詢頁 https://consumer.fda.gov.tw/Food/TFND.aspx?nodeID=178 ; 整合編號=O0900201 (樣品基本資料)
飲料類,咖啡沖泡包(三合一),,Instant coffee powder mix,O0900301,437.0,4.8,9.5,83.0,衛生福利部食品藥物管理署 台灣食品成分資料庫(食品營養成分資料庫)開放資料; 下載自 https://data.fda.gov.tw/data/opendata/export/20/csv (政府資料開放平臺 data.gov.tw dataset id 8543 / TFDA opendata InfoId=20); 查詢頁 https://consumer.fda.gov.tw/Food/TFND.aspx?nodeID=178 ; 整合編號=O0900301 (樣品基本資料)
飲料類,紅茶沖泡包(檸檬),,,O0900401,398.0,,,99.5,衛生福利部食品藥物管理署 台灣食品成分資料庫(食品營養成分資料庫)開放資料; 下載自 https://data.fda.gov.tw/data/opendata/export/20/csv (政府資料開放平臺 data.gov.tw dataset id 8543 / TFDA opendata InfoId=20); 查詢頁 https://consumer.fda.gov.tw/Food/TFND.aspx?nodeID=178 ; 整合編號=O0900401 (樣品基本資料)
飲料類,薑茶沖泡包,,Instant ginger tea powder,O0901501,399.0,0.3,0.3,98.7,衛生福利部食品藥物管理署 台灣食品成分資料庫(食品營養成分資料庫)開放資料; 下載自 https://data.fda.gov.tw/data/opendata/export/20/csv (政府資料開放平臺 data.gov.tw dataset id 8543 / TFDA opendata InfoId=20); 查詢頁 https://consumer.fda.gov.tw/Food/TFND.aspx?nodeID=178 ; 整合編號=O0901501 (樣品基本資料)
飲料類,抹茶粉,綠茶粉,,O0901601,361.0,23.4,6.4,63.0,衛生福利部食品藥物管理署 台灣食品成分資料庫(食品營養成分資料庫)開放資料; 下載自 https://data.fda.gov.tw/data/opendata/export/20/csv (政府資料開放平臺 data.gov.tw dataset id 8543 / TFDA opendata InfoId=20); 查詢頁 https://consumer.fda.gov.tw/Food/TFND.aspx?nodeID=178 ; 整合編號=O0901601 (樣品基本資料)
飲料類,可可粉,,Cocoa powder,O0901701,464.0,20.8,22.8,43.8,衛生福利部食品藥物管理署 台灣食品成分資料庫(食品營養成分資料庫)開放資料; 下載自 https://data.fda.gov.tw/data/opendata/export/20/csv (政府資料開放平臺 data.gov.tw dataset id 8543 / TFDA opendata InfoId=20); 查詢頁 https://consumer.fda.gov.tw/Food/TFND.aspx?nodeID=178 ; 整合編號=O0901701 (樣品基本資料)
飲料類,小麥草粉,小麥苗粉,,O0901801,370.0,34.0,7.4,41.9,衛生福利部食品藥物管理署 台灣食品成分資料庫(食品營養成分資料庫)開放資料; 下載自 https://data.fda.gov.tw/data/opendata/export/20/csv (政府資料開放平臺 data.gov.tw dataset id 8543 / TFDA opendata InfoId=20); 查詢頁 https://consumer.fda.gov.tw/Food/TFND.aspx?nodeID=178 ; 整合編號=O0901801 (樣品基本資料)
飲料類,椰奶,,coconut milk,O9900301,49.0,0.2,2.1,7.4,衛生福利部食品藥物管理署 台灣食品成分資料庫(食品營養成分資料庫)開放資料; 下載自 https://data.fda.gov.tw/data/opendata/export/20/csv (政府資料開放平臺 data.gov.tw dataset id 8543 / TFDA opendata InfoId=20); 查詢頁 https://consumer.fda.gov.tw/Food/TFND.aspx?nodeID=178 ; 整合編號=O9900301 (樣品基本資料)
魚貝類,雙髻鯊,"丫髻鯊(鮫),犛頭沙,雙髻鯊,雙過仔",Hammerhead; Hammerhead shark,J0200201,117.0,27.4,0.1,0.0,衛生福利部食品藥物管理署 台灣食品成分資料庫(食品營養成分資料庫)開放資料; 下載自 https://data.fda.gov.tw/data/opendata/export/20/csv (政府資料開放平臺 data.gov.tw dataset id 8543 / TFDA opendata InfoId=20); 查詢頁 https://consumer.fda.gov.tw/Food/TFND.aspx?nodeID=178 ; 整合編號=J0200201 (樣品基本資料)
魚貝類,雙髻鯊腹肉,"丫髻鯊(鮫),犛頭沙,雙髻鯊,雙過仔",Hammerhead; Hammerhead shark,J0200202,110.0,25.8,0.0,0.0,衛生福利部食品藥物管理署 台灣食品成分資料庫(食品營養成分資料庫)開放資料; 下載自 https://data.fda.gov.tw/data/opendata/export/20/csv (政府資料開放平臺 data.gov.tw dataset id 8543 / TFDA opendata InfoId=20); 查詢頁 https://consumer.fda.gov.tw/Food/TFND.aspx?nodeID=178 ; 整合編號=J0200202 (樣品基本資料)
魚貝類,鯊魚切片,沙魚,Shark,J0200301,106.0,24.8,0.0,0.0,衛生福利部食品藥物管理署 台灣食品成分資料庫(食品營養成分資料庫)開放資料; 下載自 https://data.fda.gov.tw/data/opendata/export/20/csv (政府資料開放平臺 data.gov.tw dataset id 8543 / TFDA opendata InfoId=20); 查詢頁 https://consumer.fda.gov.tw/Food/TFND.aspx?nodeID=178 ; 整合編號=J0200301 (樣品基本資料)
魚貝類,魟魚,,Stingray ,J0400101,106.0,24.8,0.1,0.0,衛生福利部食品藥物管理署 台灣食品成分資料庫(食品營養成分資料庫)開放資料; 下載自 https://data.fda.gov.tw/data/opendata/export/20/csv (政府資料開放平臺 data.gov.tw dataset id 8543 / TFDA opendata InfoId=20); 查詢頁 https://consumer.fda.gov.tw/Food/TFND.aspx?nodeID=178 ; 整合編號=J0400101 (樣品基本資料)
魚貝類,日本鰻鱺魚片(生),"白鰻,日本鰻,正鰻,白鱔,鰻鱺,土鰻(澎湖),淡水鰻(澎湖) ",Japanese eel; Freshwater eel; Eel ,J0400201,254.0,18.1,19.6,0.0,衛生福利部食品藥物管理署 台灣食品成分資料庫(食品營養成分資料庫)開放資料; 下載自 https://data.fda.gov.tw/data/opendata/export/20/csv (政府資料開放平臺 data.gov.tw dataset id 8543 / TFDA opendata InfoId=20); 查詢頁 https://consumer.fda.gov.tw/Food/TFND.aspx?nodeID=178 ; 整合編號=J0400201 (樣品基本資料)
魚貝類,灰海鰻,"虎鰻,海鰻,錢鰻(臺東)",Shape-toothed eel; Conger pike; Daggertooth pike conger; Dagger tooth pikeconger; Arabian pike eel ,J0400401,97.0,20.5,1.0,0.0,衛生福利部食品藥物管理署 台灣食品成分資料庫(食品營養成分資料庫)開放資料; 下載自 https://data.fda.gov.tw/data/opendata/export/20/csv (政府資料開放平臺 data.gov.tw dataset id 8543 / TFDA opendata InfoId=20); 查詢頁 https://consumer.fda.gov.tw/Food/TFND.aspx?nodeID=178 ; 整合編號=J0400401 (樣品基本資料)
魚貝類,魩仔魚,魩仔,Anchovy,J0400501,56.0,11.1,0.9,0.0,衛生福利部食品藥物管理署 台灣食品成分資料庫(食品營養成分資料庫)開放資料; 下載自 https://data.fda.gov.tw/data/opendata/export/20/csv (政府資料開放平臺 data.gov.tw dataset id 8543 / TFDA opendata InfoId=20); 查詢頁 https://consumer.fda.gov.tw/Food/TFND.aspx?nodeID=178 ; 整合編號=J0400501 (樣品基本資料)
魚貝類,魩仔魚平均值(加工),魩仔,Anchovy,J04006,124.0,26.2,1.3,1.0,衛生福利部食品藥物管理署 台灣食品成分資料庫(食品營養成分資料庫)開放資料; 下載自 https://data.fda.gov.tw/data/opendata/export/20/csv (政府資料開放平臺 data.gov.tw dataset id 8543 / TFDA opendata InfoId=20); 查詢頁 https://consumer.fda.gov.tw/Food/TFND.aspx?nodeID=178 ; 整合編號=J04006 (樣品平均值)
魚貝類,"魩仔魚(加工,大)",魩仔,Anchovy,J0400601,97.0,20.7,1.0,1.1,衛生福利部食品藥物管理署 台灣食品成分資料庫(食品營養成分資料庫)開放資料; 下載自 https://data.fda.gov.tw/data/opendata/export/20/csv (政府資料開放平臺 data.gov.tw dataset id 8543 / TFDA opendata InfoId=20); 查詢頁 https://consumer.fda.gov.tw/Food/TFND.aspx?nodeID=178 ; 整合編號=J0400601 (樣品基本資料)
魚貝類,"魩仔魚(加工,小)",魩仔,Anchovy,J0400602,151.0,31.8,1.7,0.9,衛生福利部食品藥物管理署 台灣食品成分資料庫(食品營養成分資料庫)開放資料; 下載自 https://data.fda.gov.tw/data/opendata/export/20/csv (政府資料開放平臺 data.gov.tw dataset id 8543 / TFDA opendata InfoId=20); 查詢頁 https://consumer.fda.gov.tw/Food/TFND.aspx?nodeID=178 ; 整合編號=J0400602 (樣品基本資料)
魚貝類,魩仔魚(加工),,,J0400603,105.0,23.0,0.8,0.0,衛生福利部食品藥物管理署 台灣食品成分資料庫(食品營養成分資料庫)開放資料; 下載自 https://data.fda.gov.tw/data/opendata/export/20/csv (政府資料開放平臺 data.gov.tw dataset id 8543 / TFDA opendata InfoId=20); 查詢頁 https://consumer.fda.gov.tw/Food/TFND.aspx?nodeID=178 ; 整合編號=J0400603 (樣品基本資料)
魚貝類,鱙仔魚(加工),"針魩仔,鱙仔,寮仔魚",Anchovy,J0400801,101.0,21.0,1.3,0.0,衛生福利部食品藥物管理署 台灣食品成分資料庫(食品營養成分資料庫)開放資料; 下載自 https://data.fda.gov.tw/data/opendata/export/20/csv (政府資料開放平臺 data.gov.tw dataset id 8543 / TFDA opendata InfoId=20); 查詢頁 https://consumer.fda.gov.tw/Food/TFND.aspx?nodeID=178 ; 整合編號=J0400801 (樣品基本資料)
魚貝類,日本銀帶鯡(加工),"針嘴鰮,丁香魚,魩仔,丁香,鱙仔,灰海荷鰮",Silver stripe round herring,J0400901,111.0,21.5,2.1,1.2,衛生福利部食品藥物管理署 台灣食品成分資料庫(食品營養成分資料庫)開放資料; 下載自 https://data.fda.gov.tw/data/opendata/export/20/csv (政府資料開放平臺 data.gov.tw dataset id 8543 / TFDA opendata InfoId=20); 查詢頁 https://consumer.fda.gov.tw/Food/TFND.aspx?nodeID=178 ; 整合編號=J0400901 (樣品基本資料)
魚貝類,日本銀帶鯡魚干(丁香魚脯),"針嘴鰮,丁香魚,魩仔,丁香,鱙仔,灰海荷鰮",Silver stripe round herring,J0400902,275.0,51.8,6.0,1.7,衛生福利部食品藥物管理署 台灣食品成分資料庫(食品營養成分資料庫)開放資料; 下載自 https://data.fda.gov.tw/data/opendata/export/20/csv (政府資料開放平臺 data.gov.tw dataset id 8543 / TFDA opendata InfoId=20); 查詢頁 https://consumer.fda.gov.tw/Food/TFND.aspx?nodeID=178 ; 整合編號=J0400902 (樣品基本資料)
魚貝類,虱目魚平均值(去皮),"麻虱目仔,麻虱(蝨)目,蝨(遮/塞)目魚,虱麻魚,海草魚,安平魚,國姓(聖)魚",Bangos; Bony salmon; Giant herring; Milkfish; Salmon herring; White mullet,J04010,179.0,21.8,9.5,0.2,衛生福利部食品藥物管理署 台灣食品成分資料庫(食品營養成分資料庫)開放資料; 下載自 https://data.fda.gov.tw/data/opendata/export/20/csv (政府資料開放平臺 data.gov.tw dataset id 8543 / TFDA opendata InfoId=20); 查詢頁 https://consumer.fda.gov.tw/Food/TFND.aspx?nodeID=178 ; 整合編號=J04010 (樣品平均值)
魚貝類,虱目魚(2月),"海草魚,遮目魚,殺目魚,安平魚,國姓魚,麻虱目仔,虱目/麻虱目(澎湖)",Salmon herring; Bangos; Bony salmon; Milkfish; Milk fish ,J0401001,180.0,19.8,10.6,1.3,衛生福利部食品藥物管理署 台灣食品成分資料庫(食品營養成分資料庫)開放資料; 下載自 https://data.fda.gov.tw/data/opendata/export/20/csv (政府資料開放平臺 data.gov.tw dataset id 8543 / TFDA opendata InfoId=20); 查詢頁 https://consumer.fda.gov.tw/Food/TFND.aspx?nodeID=178 ; 整合編號=J0401001 (樣品基本資料)
魚貝類,虱目魚(5月),"海草魚,遮目魚,殺目魚,安平魚,國姓魚,麻虱目仔,虱目/麻虱目(澎湖)",Salmon herring; Bangos; Bony salmon; Milkfish; Milk fish ,J0401002,189.0,22.3,10.4,0.0,衛生福利部食品藥物管理署 台灣食品成分資料庫(食品營養成分資料庫)開放資料; 下載自 https://data.fda.gov.tw/data/opendata/export/20/csv (政府資料開放平臺 data.gov.tw dataset id 8543 / TFDA opendata InfoId=20); 查詢頁 https://consumer.fda.gov.tw/Food/TFND.aspx?nodeID=178 ; 整合編號=J0401002 (樣品基本資料)
魚貝類,虱目魚(8月),"海草魚,遮目魚,殺目魚,安平魚,國姓魚,麻虱目仔,虱目/麻虱目(澎湖)",Salmon herring; Bangos; Bony salmon; Milkfish; Milk fish ,J0401003,124.0,23.7,2.6,0.5,衛生福利部食品藥物管理署 台灣食品成分資料庫(食品營養成分資料庫)開放資料; 下載自 https://data.fda.gov.tw/data/opendata/export/20/csv (政府資料開放平臺 data.gov.tw dataset id 8543 / TFDA opendata InfoId=20); 查詢頁 https://consumer.fda.gov.tw/Food/TFND.aspx?nodeID=178 ; 整合編號=J0401003 (樣品基本資料)
魚貝類,虱目魚(9月),"海草魚,遮目魚,殺目魚,安平魚,國姓魚,麻虱目仔,虱目/麻虱目(澎湖)",Salmon herring; Bangos; Bony salmon; Milkfish; Milk fish ,J0401004,208.0,22.0,12.7,0.0,衛生福利部食品藥物管理署 台灣食品成分資料庫(食品營養成分資料庫)開放資料; 下載自 https://data.fda.gov.tw/data/opendata/export/20/csv (政府資料開放平臺 data.gov.tw dataset id 8543 / TFDA opendata InfoId=20); 查詢頁 https://consumer.fda.gov.tw/Food/TFND.aspx?nodeID=178 ; 整合編號=J0401004 (樣品基本資料)
魚貝類,虱目魚(12月),"海草魚,遮目魚,殺目魚,安平魚,國姓魚,麻虱目仔,虱目/麻虱目(澎湖)",Salmon herring; Bangos; Bony salmon; Milkfish; Milk fish ,J0401005,192.0,21.4,11.2,0.1,衛生福利部食品藥物管理署 台灣食品成分資料庫(食品營養成分資料庫)開放資料; 下載自 https://data.fda.gov.tw/data/opendata/export/20/csv (政府資料開放平臺 data.gov.tw dataset id 8543 / TFDA opendata InfoId=20); 查詢頁 https://consumer.fda.gov.tw/Food/TFND.aspx?nodeID=178 ; 整合編號=J0401005 (樣品基本資料)
魚貝類,虱目魚(含皮),"海草魚,遮目魚,殺目魚,安平魚,國姓魚,麻虱目仔,虱目/麻虱目(澎湖)",Salmon herring; Bangos; Bony salmon; Milkfish; Milk fish ,J0401101,200.0,21.8,11.9,0.0,衛生福利部食品藥物管理署 台灣食品成分資料庫(食品營養成分資料庫)開放資料; 下載自 https://data.fda.gov.tw/data/opendata/export/20/csv (政府資料開放平臺 data.gov.tw dataset id 8543 / TFDA opendata InfoId=20); 查詢頁 https://consumer.fda.gov.tw/Food/TFND.aspx?nodeID=178 ; 整合編號=J0401101 (樣品基本資料)
魚貝類,虱目魚(2022年取樣),"海草魚,遮目魚,殺目魚,安平魚,國姓魚,麻虱目仔,虱目/麻虱目(澎湖)",Salmon herring; Bangos; Bony salmon; Milkfish; Milk fish ,J0401102,243.0,20.1,17.4,1.4,衛生福利部食品藥物管理署 台灣食品成分資料庫(食品營養成分資料庫)開放資料; 下載自 https://data.fda.gov.tw/data/opendata/export/20/csv (政府資料開放平臺 data.gov.tw dataset id 8543 / TFDA opendata InfoId=20); 查詢頁 https://consumer.fda.gov.tw/Food/TFND.aspx?nodeID=178 ; 整合編號=J0401102 (樣品基本資料)
魚貝類,虱目魚腹肉(虱目魚肚),,,J0401201,342.0,17.4,29.6,0.0,衛生福利部食品藥物管理署 台灣食品成分資料庫(食品營養成分資料庫)開放資料; 下載自 https://data.fda.gov.tw/data/opendata/export/20/csv (政府資料開放平臺 data.gov.tw dataset id 8543 / TFDA opendata InfoId=20); 查詢頁 https://consumer.fda.gov.tw/Food/TFND.aspx?nodeID=178 ; 整合編號=J0401201 (樣品基本資料)
魚貝類,草魚切片,"鯇,鯤,池魚,草根魚,草鰱(高屏地區) ",White amur; White amur; Grass carp; Gardd carp,J0401301,166.0,21.4,8.3,2.1,衛生福利部食品藥物管理署 台灣食品成分資料庫(食品營養成分資料庫)開放資料; 下載自 https://data.fda.gov.tw/data/opendata/export/20/csv (政府資料開放平臺 data.gov.tw dataset id 8543 / TFDA opendata InfoId=20); 查詢頁 https://consumer.fda.gov.tw/Food/TFND.aspx?nodeID=178 ; 整合編號=J0401301 (樣品基本資料)
魚貝類,草魚(含皮),"鯇,鯤,池魚,草根魚,草鰱(高屏地區) ",White amur; White amur; Grass carp; Gardd carp,J0401401,91.0,17.2,2.0,0.8,衛生福利部食品藥物管理署 台灣食品成分資料庫(食品營養成分資料庫)開放資料; 下載自 https://data.fda.gov.tw/data/opendata/export/20/csv (政府資料開放平臺 data.gov.tw dataset id 8543 / TFDA opendata InfoId=20); 查詢頁 https://consumer.fda.gov.tw/Food/TFND.aspx?nodeID=178 ; 整合編號=J0401401 (樣品基本資料)
魚貝類,鯉,"鮘仔,在來鯉,財神魚",Scale carp; Wild carp; Wild common carp; Aischgrund carp; Carp; Common carp; Asian carp; European carp; Leather carp; Grass carp; German carp; Koi; Mirror carp; Wild Common Carp; ,J0401501,91.0,14.5,3.2,2.1,衛生福利部食品藥物管理署 台灣食品成分資料庫(食品營養成分資料庫)開放資料; 下載自 https://data.fda.gov.tw/data/opendata/export/20/csv (政府資料開放平臺 data.gov.tw dataset id 8543 / TFDA opendata InfoId=20); 查詢頁 https://consumer.fda.gov.tw/Food/TFND.aspx?nodeID=178 ; 整合編號=J0401501 (樣品基本資料)
魚貝類,鱅,"黑鰱,大頭鰱(魚),花鰱,胖頭鰱 ",Big head; Bighead; Bighead carp; Black silver carp,J0401601,145.0,18.7,7.2,0.0,衛生福利部食品藥物管理署 台灣食品成分資料庫(食品營養成分資料庫)開放資料; 下載自 https://data.fda.gov.tw/data/opendata/export/20/csv (政府資料開放平臺 data.gov.tw dataset id 8543 / TFDA opendata InfoId=20); 查詢頁 https://consumer.fda.gov.tw/Food/TFND.aspx?nodeID=178 ; 整合編號=J0401601 (樣品基本資料)
魚貝類,鬍鯰,"鬍子鯰,土殺,本土土虱,塘虱魚",Puntat; Walking catfish; Whitespotted freshwater catfish; Whitespotted clarias; Cat-fish; Chinese catfish ,J0401701,194.0,16.3,13.8,0.0,衛生福利部食品藥物管理署 台灣食品成分資料庫(食品營養成分資料庫)開放資料; 下載自 https://data.fda.gov.tw/data/opendata/export/20/csv (政府資料開放平臺 data.gov.tw dataset id 8543 / TFDA opendata InfoId=20); 查詢頁 https://consumer.fda.gov.tw/Food/TFND.aspx?nodeID=178 ; 整合編號=J0401701 (樣品基本資料)
魚貝類,斑海鯰,"成仔魚,成仔丁,銀成,白肉成,臭臊成,生仔魚,鰻鯰,賓士魚",Sea barbel; Sea catfish; Spotted catfish; Spotted sea catfish; Giant cat-fish; Marine catfish ,J0401801,86.0,19.2,0.5,0.0,衛生福利部食品藥物管理署 台灣食品成分資料庫(食品營養成分資料庫)開放資料; 下載自 https://data.fda.gov.tw/data/opendata/export/20/csv (政府資料開放平臺 data.gov.tw dataset id 8543 / TFDA opendata InfoId=20); 查詢頁 https://consumer.fda.gov.tw/Food/TFND.aspx?nodeID=178 ; 整合編號=J0401801 (樣品基本資料)
魚貝類,長體油胡瓜魚,柳葉魚,Shishamo ,J0401901,104.0,15.0,4.4,0.0,衛生福利部食品藥物管理署 台灣食品成分資料庫(食品營養成分資料庫)開放資料; 下載自 https://data.fda.gov.tw/data/opendata/export/20/csv (政府資料開放平臺 data.gov.tw dataset id 8543 / TFDA opendata InfoId=20); 查詢頁 https://consumer.fda.gov.tw/Food/TFND.aspx?nodeID=178 ; 整合編號=J0401901 (樣品基本資料)
魚貝類,香魚,"桀(加魚邊)魚,Ayu,年魚",Sweet-fish; Sweetfish; Ayu; Ayu sweetfish; Ko-ayu,J0402001,147.0,18.5,7.5,0.0,衛生福利部食品藥物管理署 台灣食品成分資料庫(食品營養成分資料庫)開放資料; 下載自 https://data.fda.gov.tw/data/opendata/export/20/csv (政府資料開放平臺 data.gov.tw dataset id 8543 / TFDA opendata InfoId=20); 查詢頁 https://consumer.fda.gov.tw/Food/TFND.aspx?nodeID=178 ; 整合編號=J0402001 (樣品基本資料)
魚貝類,銀魚,"水晶魚,小銀魚",Silver fish,J0402101,69.0,14.3,0.9,0.9,衛生福利部食品藥物管理署 台灣食品成分資料庫(食品營養成分資料庫)開放資料; 下載自 https://data.fda.gov.tw/data/opendata/export/20/csv (政府資料開放平臺 data.gov.tw dataset id 8543 / TFDA opendata InfoId=20); 查詢頁 https://consumer.fda.gov.tw/Food/TFND.aspx?nodeID=178 ; 整合編號=J0402101 (樣品基本資料)
魚貝類,白肉鮭魚切片,,Salmon,J0402201,151.0,22.6,6.1,0.3,衛生福利部食品藥物管理署 台灣食品成分資料庫(食品營養成分資料庫)開放資料; 下載自 https://data.fda.gov.tw/data/opendata/export/20/csv (政府資料開放平臺 data.gov.tw dataset id 8543 / TFDA opendata InfoId=20); 查詢頁 https://consumer.fda.gov.tw/Food/TFND.aspx?nodeID=178 ; 整合編號=J0402201 (樣品基本資料)
魚貝類,紅肉鮭魚切片,,Salmon ,J0402301,158.0,24.3,6.0,0.0,衛生福利部食品藥物管理署 台灣食品成分資料庫(食品營養成分資料庫)開放資料; 下載自 https://data.fda.gov.tw/data/opendata/export/20/csv (政府資料開放平臺 data.gov.tw dataset id 8543 / TFDA opendata InfoId=20); 查詢頁 https://consumer.fda.gov.tw/Food/TFND.aspx?nodeID=178 ; 整合編號=J0402301 (樣品基本資料)
魚貝類,大西洋鮭魚平均值(去皮),,Atlantic salmon ,J04024,221.0,20.2,14.9,0.0,衛生福利部食品藥物管理署 台灣食品成分資料庫(食品營養成分資料庫)開放資料; 下載自 https://data.fda.gov.tw/data/opendata/export/20/csv (政府資料開放平臺 data.gov.tw dataset id 8543 / TFDA opendata InfoId=20); 查詢頁 https://consumer.fda.gov.tw/Food/TFND.aspx?nodeID=178 ; 整合編號=J04024 (樣品平均值)
魚貝類,大西洋鮭魚(台灣養殖),,Atlantic salmon ,J0402401,155.0,23.6,6.0,0.0,衛生福利部食品藥物管理署 台灣食品成分資料庫(食品營養成分資料庫)開放資料; 下載自 https://data.fda.gov.tw/data/opendata/export/20/csv (政府資料開放平臺 data.gov.tw dataset id 8543 / TFDA opendata InfoId=20); 查詢頁 https://consumer.fda.gov.tw/Food/TFND.aspx?nodeID=178 ; 整合編號=J0402401 (樣品基本資料)
魚貝類,大西洋鮭魚切片(中段),,Atlantic salmon ,J0402402,174.0,20.7,9.5,0.0,衛生福利部食品藥物管理署 台灣食品成分資料庫(食品營養成分資料庫)開放資料; 下載自 https://data.fda.gov.tw/data/opendata/export/20/csv (政府資料開放平臺 data.gov.tw dataset id 8543 / TFDA opendata InfoId=20); 查詢頁 https://consumer.fda.gov.tw/Food/TFND.aspx?nodeID=178 ; 整合編號=J0402402 (樣品基本資料)
魚貝類,大西洋鮭魚切片(尾段),,Atlantic salmon ,J0402403,204.0,20.7,12.8,0.0,衛生福利部食品藥物管理署 台灣食品成分資料庫(食品營養成分資料庫)開放資料; 下載自 https://data.fda.gov.tw/data/opendata/export/20/csv (政府資料開放平臺 data.gov.tw dataset id 8543 / TFDA opendata InfoId=20); 查詢頁 https://consumer.fda.gov.tw/Food/TFND.aspx?nodeID=178 ; 整合編號=J0402403 (樣品基本資料)
魚貝類,大西洋鮭魚生魚片,,Atlantic salmon ,J0402404,222.0,19.6,15.3,0.0,衛生福利部食品藥物管理署 台灣食品成分資料庫(食品營養成分資料庫)開放資料; 下載自 https://data.fda.gov.tw/data/opendata/export/20/csv (政府資料開放平臺 data.gov.tw dataset id 8543 / TFDA opendata InfoId=20); 查詢頁 https://consumer.fda.gov.tw/Food/TFND.aspx?nodeID=178 ; 整合編號=J0402404 (樣品基本資料)
魚貝類,大西洋鮭魚腹肉,,Atlantic salmon ,J0402405,349.0,16.4,31.0,0.0,衛生福利部食品藥物管理署 台灣食品成分資料庫(食品營養成分資料庫)開放資料; 下載自 https://data.fda.gov.tw/data/opendata/export/20/csv (政府資料開放平臺 data.gov.tw dataset id 8543 / TFDA opendata InfoId=20); 查詢頁 https://consumer.fda.gov.tw/Food/TFND.aspx?nodeID=178 ; 整合編號=J0402405 (樣品基本資料)
魚貝類,麥奇鈎吻鮭(去皮),"鱒魚,虹鱒,麥奇鉤吻鱒",Rainbow trout,J0402501,160.0,20.9,7.8,0.0,衛生福利部食品藥物管理署 台灣食品成分資料庫(食品營養成分資料庫)開放資料; 下載自 https://data.fda.gov.tw/data/opendata/export/20/csv (政府資料開放平臺 data.gov.tw dataset id 8543 / TFDA opendata InfoId=20); 查詢頁 https://consumer.fda.gov.tw/Food/TFND.aspx?nodeID=178 ; 整合編號=J0402501 (樣品基本資料)
魚貝類,麥奇鈎吻鮭(含皮),"鱒魚,虹鱒,麥奇鉤吻鱒",Rainbow trout,J0402601,147.0,20.1,6.8,0.4,衛生福利部食品藥物管理署 台灣食品成分資料庫(食品營養成分資料庫)開放資料; 下載自 https://data.fda.gov.tw/data/opendata/export/20/csv (政府資料開放平臺 data.gov.tw dataset id 8543 / TFDA opendata InfoId=20); 查詢頁 https://consumer.fda.gov.tw/Food/TFND.aspx?nodeID=178 ; 整合編號=J0402601 (樣品基本資料)
魚貝類,姬魚,"仙女魚,狗母,汕狗母",Aulopus ,J0402701,104.0,24.1,0.2,0.0,衛生福利部食品藥物管理署 台灣食品成分資料庫(食品營養成分資料庫)開放資料; 下載自 https://data.fda.gov.tw/data/opendata/export/20/csv (政府資料開放平臺 data.gov.tw dataset id 8543 / TFDA opendata InfoId=20); 查詢頁 https://consumer.fda.gov.tw/Food/TFND.aspx?nodeID=178 ; 整合編號=J0402701 (樣品基本資料)
魚貝類,印度鐮齒魚,"水狗母,粉粘,那哥,那個魚",Bombay duck; Bombay duck (India); Bombay duck fish; Bombay-duck ,J0402801,49.0,10.4,0.5,0.4,衛生福利部食品藥物管理署 台灣食品成分資料庫(食品營養成分資料庫)開放資料; 下載自 https://data.fda.gov.tw/data/opendata/export/20/csv (政府資料開放平臺 data.gov.tw dataset id 8543 / TFDA opendata InfoId=20); 查詢頁 https://consumer.fda.gov.tw/Food/TFND.aspx?nodeID=178 ; 整合編號=J0402801 (樣品基本資料)
魚貝類,狗母魚(蛇鯔),"狗母梭,狗母",Lizardfish; Dog-head fish,J0402901,103.0,20.8,1.6,0.1,衛生福利部食品藥物管理署 台灣食品成分資料庫(食品營養成分資料庫)開放資料; 下載自 https://data.fda.gov.tw/data/opendata/export/20/csv (政府資料開放平臺 data.gov.tw dataset id 8543 / TFDA opendata InfoId=20); 查詢頁 https://consumer.fda.gov.tw/Food/TFND.aspx?nodeID=178 ; 整合編號=J0402901 (樣品基本資料)
魚貝類,鮟鱇,,,J0403001,68.0,14.9,0.5,0.6,衛生福利部食品藥物管理署 台灣食品成分資料庫(食品營養成分資料庫)開放資料; 下載自 https://data.fda.gov.tw/data/opendata/export/20/csv (政府資料開放平臺 data.gov.tw dataset id 8543 / TFDA opendata InfoId=20); 查詢頁 https://consumer.fda.gov.tw/Food/TFND.aspx?nodeID=178 ; 整合編號=J0403001 (樣品基本資料)
魚貝類,鯔平均值(去皮),"烏(鯔/信/聖)魚,青頭仔(幼魚),奇目仔(成魚),正(大)烏,正(回)頭烏,日本鯔",Common mullet; Flathead mullet; Grey mullet; Striped mullet,J04031,152.0,20.6,7.1,0.3,衛生福利部食品藥物管理署 台灣食品成分資料庫(食品營養成分資料庫)開放資料; 下載自 https://data.fda.gov.tw/data/opendata/export/20/csv (政府資料開放平臺 data.gov.tw dataset id 8543 / TFDA opendata InfoId=20); 查詢頁 https://consumer.fda.gov.tw/Food/TFND.aspx?nodeID=178 ; 整合編號=J04031 (樣品平均值)
魚貝類,鯔(2月),"青頭仔(幼魚),奇目仔(成魚),信魚,正烏,烏魚,正頭烏,回頭烏,大烏(澎湖) ",Sea mullet; River mullet; Springer; Striped mullet; Common grey mullet; Common mullet; Black mullet; Bright mullet; Black true mullet; Bully mullet; Callifaver mullet; Flathead grey mullet; Mullet; ,J0403101,137.0,20.4,5.5,1.6,衛生福利部食品藥物管理署 台灣食品成分資料庫(食品營養成分資料庫)開放資料; 下載自 https://data.fda.gov.tw/data/opendata/export/20/csv (政府資料開放平臺 data.gov.tw dataset id 8543 / TFDA opendata InfoId=20); 查詢頁 https://consumer.fda.gov.tw/Food/TFND.aspx?nodeID=178 ; 整合編號=J0403101 (樣品基本資料)
魚貝類,鯔(4月),"青頭仔(幼魚),奇目仔(成魚),信魚,正烏,烏魚,正頭烏,回頭烏,大烏(澎湖)",Sea mullet; River mullet; Springer; Striped mullet; Common grey mullet; Common mullet; Black mullet; Bright mullet; Black true mullet; Bully mullet; Callifaver mullet; Flathead grey mullet; Mullet;,J0403102,133.0,20.4,5.0,0.9,衛生福利部食品藥物管理署 台灣食品成分資料庫(食品營養成分資料庫)開放資料; 下載自 https://data.fda.gov.tw/data/opendata/export/20/csv (政府資料開放平臺 data.gov.tw dataset id 8543 / TFDA opendata InfoId=20); 查詢頁 https://consumer.fda.gov.tw/Food/TFND.aspx?nodeID=178 ; 整合編號=J0403102 (樣品基本資料)
魚貝類,鯔(8月),"青頭仔(幼魚),奇目仔(成魚),信魚,正烏,烏魚,正頭烏,回頭烏,大烏(澎湖)",Sea mullet; River mullet; Springer; Striped mullet; Common grey mullet; Common mullet; Black mullet; Bright mullet; Black true mullet; Bully mullet; Callifaver mullet; Flathead grey mullet; Mullet;,J0403103,224.0,17.3,16.7,0.0,衛生福利部食品藥物管理署 台灣食品成分資料庫(食品營養成分資料庫)開放資料; 下載自 https://data.fda.gov.tw/data/opendata/export/20/csv (政府資料開放平臺 data.gov.tw dataset id 8543 / TFDA opendata InfoId=20); 查詢頁 https://consumer.fda.gov.tw/Food/TFND.aspx?nodeID=178 ; 整合編號=J0403103 (樣品基本資料)
魚貝類,"鯔(11月,雄魚)","青頭仔(幼魚),奇目仔(成魚),信魚,正烏,烏魚,正頭烏,回頭烏,大烏(澎湖)",Sea mullet; River mullet; Springer; Striped mullet; Common grey mullet; Common mullet; Black mullet; Bright mullet; Black true mullet; Bully mullet; Callifaver mullet; Flathead grey mullet; Mullet;,J0403104,129.0,21.3,4.2,0.0,衛生福利部食品藥物管理署 台灣食品成分資料庫(食品營養成分資料庫)開放資料; 下載自 https://data.fda.gov.tw/data/opendata/export/20/csv (政府資料開放平臺 data.gov.tw dataset id 8543 / TFDA opendata InfoId=20); 查詢頁 https://consumer.fda.gov.tw/Food/TFND.aspx?nodeID=178 ; 整合編號=J0403104 (樣品基本資料)
魚貝類,"鯔(11月,雌魚)","青頭仔(幼魚),奇目仔(成魚),信魚,正烏,烏魚,正頭烏,回頭烏,大烏(澎湖)",Sea mullet; River mullet; Springer; Striped mullet; Common grey mullet; Common mullet; Black mullet; Bright mullet; Black true mullet; Bully mullet; Callifaver mullet; Flathead grey mullet; Mullet;,J0403105,141.0,21.5,5.5,0.0,衛生福利部食品藥物管理署 台灣食品成分資料庫(食品營養成分資料庫)開放資料; 下載自 https://data.fda.gov.tw/data/opendata/export/20/csv (政府資料開放平臺 data.gov.tw dataset id 8543 / TFDA opendata InfoId=20); 查詢頁 https://consumer.fda.gov.tw/Food/TFND.aspx?nodeID=178 ; 整合編號=J0403105 (樣品基本資料)
魚貝類,"鯔(12月,雄魚)","青頭仔(幼魚),奇目仔(成魚),信魚,正烏,烏魚,正頭烏,回頭烏,大烏(澎湖)",Sea mullet; River mullet; Springer; Striped mullet; Common grey mullet; Common mullet; Black mullet; Bright mullet; Black true mullet; Bully mullet; Callifaver mullet; Flathead grey mullet; Mullet;,J0403106,137.0,21.1,5.2,0.9,衛生福利部食品藥物管理署 台灣食品成分資料庫(食品營養成分資料庫)開放資料; 下載自 https://data.fda.gov.tw/data/opendata/export/20/csv (政府資料開放平臺 data.gov.tw dataset id 8543 / TFDA opendata InfoId=20); 查詢頁 https://consumer.fda.gov.tw/Food/TFND.aspx?nodeID=178 ; 整合編號=J0403106 (樣品基本資料)
魚貝類,"鯔(12月,雌魚)","青頭仔(幼魚),奇目仔(成魚),信魚,正烏,烏魚,正頭烏,回頭烏,大烏(澎湖)",Sea mullet; River mullet; Springer; Striped mullet; Common grey mullet; Common mullet; Black mullet; Bright mullet; Black true mullet; Bully mullet; Callifaver mullet; Flathead grey mullet; Mullet;,J0403107,149.0,21.8,6.2,0.2,衛生福利部食品藥物管理署 台灣食品成分資料庫(食品營養成分資料庫)開放資料; 下載自 https://data.fda.gov.tw/data/opendata/export/20/csv (政府資料開放平臺 data.gov.tw dataset id 8543 / TFDA opendata InfoId=20); 查詢頁 https://consumer.fda.gov.tw/Food/TFND.aspx?nodeID=178 ; 整合編號=J0403107 (樣品基本資料)
魚貝類,鯔切片,"青頭仔(幼魚),奇目仔(成魚),信魚,正烏,烏魚,正頭烏,回頭烏,大烏(澎湖)",Sea mullet; River mullet; Springer; Striped mullet; Common grey mullet; Common mullet; Black mullet; Bright mullet; Black true mullet; Bully mullet; Callifaver mullet; Flathead grey mullet; Mullet;,J0403108,170.0,21.2,8.8,0.0,衛生福利部食品藥物管理署 台灣食品成分資料庫(食品營養成分資料庫)開放資料; 下載自 https://data.fda.gov.tw/data/opendata/export/20/csv (政府資料開放平臺 data.gov.tw dataset id 8543 / TFDA opendata InfoId=20); 查詢頁 https://consumer.fda.gov.tw/Food/TFND.aspx?nodeID=178 ; 整合編號=J0403108 (樣品基本資料)
魚貝類,鯔(含皮),"青頭仔(幼魚),奇目仔(成魚),信魚,正烏,烏魚,正頭烏,回頭烏,大烏(澎湖)",Sea mullet; River mullet; Springer; Striped mullet; Common grey mullet; Common mullet; Black mullet; Bright mullet; Black true mullet; Bully mullet; Callifaver mullet; Flathead grey mullet; Mullet;,J0403201,155.0,20.6,7.4,0.0,衛生福利部食品藥物管理署 台灣食品成分資料庫(食品營養成分資料庫)開放資料; 下載自 https://data.fda.gov.tw/data/opendata/export/20/csv (政府資料開放平臺 data.gov.tw dataset id 8543 / TFDA opendata InfoId=20); 查詢頁 https://consumer.fda.gov.tw/Food/TFND.aspx?nodeID=178 ; 整合編號=J0403201 (樣品基本資料)
魚貝類,斑鰭飛魚,"小烏,飛烏,花烏(澎湖)",Yellowing flyingfish; Yellowfin flying fish; Yellow-wing flyingfish; Spotwing flyingfish; Spotted flyingfish ,J0403301,94.0,22.0,0.1,0.2,衛生福利部食品藥物管理署 台灣食品成分資料庫(食品營養成分資料庫)開放資料; 下載自 https://data.fda.gov.tw/data/opendata/export/20/csv (政府資料開放平臺 data.gov.tw dataset id 8543 / TFDA opendata InfoId=20); 查詢頁 https://consumer.fda.gov.tw/Food/TFND.aspx?nodeID=178 ; 整合編號=J0403301 (樣品基本資料)
魚貝類,斑鱵,"補網師,水針,莎優莉,簪針(澎湖),七星針(南部)",Spotted halfbeak; Barred garfish; Black barred garfish; Blackbarred halfbeak; Black-barred halfbeak; Black-barred garfish; Barred halfbeak; Halfbeak ,J0403401,91.0,20.6,0.3,0.3,衛生福利部食品藥物管理署 台灣食品成分資料庫(食品營養成分資料庫)開放資料; 下載自 https://data.fda.gov.tw/data/opendata/export/20/csv (政府資料開放平臺 data.gov.tw dataset id 8543 / TFDA opendata InfoId=20); 查詢頁 https://consumer.fda.gov.tw/Food/TFND.aspx?nodeID=178 ; 整合編號=J0403401 (樣品基本資料)
魚貝類,鱷形叉尾鶴鱵,"青旗,學仔,白天青旗,圓學(澎湖)",Needle fish; Needlefish; Ocean piper; Crocodile needlefish; Crocodile longtom; Houndfish; Hound needlefish; Longjaw; Giant long-tom; Fork tail alligator gar; Gar; Hound; Garfish; Guardfish ,J0403501,98.0,22.4,0.3,0.2,衛生福利部食品藥物管理署 台灣食品成分資料庫(食品營養成分資料庫)開放資料; 下載自 https://data.fda.gov.tw/data/opendata/export/20/csv (政府資料開放平臺 data.gov.tw dataset id 8543 / TFDA opendata InfoId=20); 查詢頁 https://consumer.fda.gov.tw/Food/TFND.aspx?nodeID=178 ; 整合編號=J0403501 (樣品基本資料)
魚貝類,金鱗魚,,Squirrelfish,J0403601,85.0,19.5,0.2,1.3,衛生福利部食品藥物管理署 台灣食品成分資料庫(食品營養成分資料庫)開放資料; 下載自 https://data.fda.gov.tw/data/opendata/export/20/csv (政府資料開放平臺 data.gov.tw dataset id 8543 / TFDA opendata InfoId=20); 查詢頁 https://consumer.fda.gov.tw/Food/TFND.aspx?nodeID=178 ; 整合編號=J0403601 (樣品基本資料)
魚貝類,鱗馬鞭魚,"馬鞭魚,馬戍,槍管,火管,剃仔,土管(臺東) ",Rough flutemouth; Red cornet fish; Red cornetfish; Serrate flutemouth; Pipefish; Rough flute mouth; Cornet fish; Flute mouth; Flutemouth; Lacepede's cornetfish ,J0403701,84.0,18.5,0.5,0.0,衛生福利部食品藥物管理署 台灣食品成分資料庫(食品營養成分資料庫)開放資料; 下載自 https://data.fda.gov.tw/data/opendata/export/20/csv (政府資料開放平臺 data.gov.tw dataset id 8543 / TFDA opendata InfoId=20); 查詢頁 https://consumer.fda.gov.tw/Food/TFND.aspx?nodeID=178 ; 整合編號=J0403701 (樣品基本資料)
魚貝類,黃鱔,"鱔魚,田鱔,田鰻,長魚,血魚,羅魚,無鱗公子",Rice (paddy) field eel; Rice swampeel; Rice paddy eel; Rice eel; Swamp eel ,J0403801,88.0,17.6,1.4,1.0,衛生福利部食品藥物管理署 台灣食品成分資料庫(食品營養成分資料庫)開放資料; 下載自 https://data.fda.gov.tw/data/opendata/export/20/csv (政府資料開放平臺 data.gov.tw dataset id 8543 / TFDA opendata InfoId=20); 查詢頁 https://consumer.fda.gov.tw/Food/TFND.aspx?nodeID=178 ; 整合編號=J0403801 (樣品基本資料)
魚貝類,石狗公,"石頭魚,獅甕(澎湖),紅鱠仔",Rockfish; Scorpionfish; Filefish ,J0403901,80.0,18.3,0.2,0.0,衛生福利部食品藥物管理署 台灣食品成分資料庫(食品營養成分資料庫)開放資料; 下載自 https://data.fda.gov.tw/data/opendata/export/20/csv (政府資料開放平臺 data.gov.tw dataset id 8543 / TFDA opendata InfoId=20); 查詢頁 https://consumer.fda.gov.tw/Food/TFND.aspx?nodeID=178 ; 整合編號=J0403901 (樣品基本資料)
魚貝類,環紋簑鮋,"龍鬚簑鮋,獅子魚,長獅,魔鬼,國公,石狗敢,虎魚,雞公,紅虎,火烘,石頭魚",Luna lion fish,J0404001,79.0,18.4,0.1,0.0,衛生福利部食品藥物管理署 台灣食品成分資料庫(食品營養成分資料庫)開放資料; 下載自 https://data.fda.gov.tw/data/opendata/export/20/csv (政府資料開放平臺 data.gov.tw dataset id 8543 / TFDA opendata InfoId=20); 查詢頁 https://consumer.fda.gov.tw/Food/TFND.aspx?nodeID=178 ; 整合編號=J0404001 (樣品基本資料)
魚貝類,深海鱗角魚,"深海角魚,雞角,角仔魚",Gurnard; Searobin ,J0404101,80.0,17.7,0.5,0.0,衛生福利部食品藥物管理署 台灣食品成分資料庫(食品營養成分資料庫)開放資料; 下載自 https://data.fda.gov.tw/data/opendata/export/20/csv (政府資料開放平臺 data.gov.tw dataset id 8543 / TFDA opendata InfoId=20); 查詢頁 https://consumer.fda.gov.tw/Food/TFND.aspx?nodeID=178 ; 整合編號=J0404101 (樣品基本資料)
魚貝類,尖嘴鱸(去皮),"金目鱸,盲槽,扁紅目鱸",Palmer; Sea bass; Silver perch; Silver barramundi; White sea bass; Asian seabass; Cock-up; Barramundi perch; Barramundi; Giant seaperch; Giant perch; Giant sea-perch; Giant sea perch ,J0404201,98.0,20.6,1.2,0.1,衛生福利部食品藥物管理署 台灣食品成分資料庫(食品營養成分資料庫)開放資料; 下載自 https://data.fda.gov.tw/data/opendata/export/20/csv (政府資料開放平臺 data.gov.tw dataset id 8543 / TFDA opendata InfoId=20); 查詢頁 https://consumer.fda.gov.tw/Food/TFND.aspx?nodeID=178 ; 整合編號=J0404201 (樣品基本資料)
魚貝類,尖嘴鱸(含皮),"金目鱸,盲槽,扁紅目鱸",Palmer; Sea bass; Silver perch; Silver barramundi; White sea bass; Asian seabass; Cock-up; Barramundi perch; Barramundi; Giant seaperch; Giant perch; Giant sea-perch; Giant sea perch ,J0404301,107.0,19.6,2.6,0.0,衛生福利部食品藥物管理署 台灣食品成分資料庫(食品營養成分資料庫)開放資料; 下載自 https://data.fda.gov.tw/data/opendata/export/20/csv (政府資料開放平臺 data.gov.tw dataset id 8543 / TFDA opendata InfoId=20); 查詢頁 https://consumer.fda.gov.tw/Food/TFND.aspx?nodeID=178 ; 整合編號=J0404301 (樣品基本資料)
魚貝類,日本花鱸平均值,"七星鱸,花鱸,青鱸,鱸魚,日本真鱸 ",Perch; Sea bass; Japanese seaperch; Japanese sea bass; Japan sea bass ,J04044,98.0,19.9,1.5,0.9,衛生福利部食品藥物管理署 台灣食品成分資料庫(食品營養成分資料庫)開放資料; 下載自 https://data.fda.gov.tw/data/opendata/export/20/csv (政府資料開放平臺 data.gov.tw dataset id 8543 / TFDA opendata InfoId=20); 查詢頁 https://consumer.fda.gov.tw/Food/TFND.aspx?nodeID=178 ; 整合編號=J04044 (樣品平均值)
魚貝類,日本花鱸(2月),"七星鱸,花鱸,青鱸,鱸魚,日本真鱸 ",Perch; Sea bass; Japanese seaperch; Japanese sea bass; Japan sea bass ,J0404401,95.0,20.1,1.0,1.9,衛生福利部食品藥物管理署 台灣食品成分資料庫(食品營養成分資料庫)開放資料; 下載自 https://data.fda.gov.tw/data/opendata/export/20/csv (政府資料開放平臺 data.gov.tw dataset id 8543 / TFDA opendata InfoId=20); 查詢頁 https://consumer.fda.gov.tw/Food/TFND.aspx?nodeID=178 ; 整合編號=J0404401 (樣品基本資料)
魚貝類,日本花鱸((3月),"七星鱸,花鱸,青鱸,鱸魚,日本真鱸 ",Perch; Sea bass; Japanese seaperch; Japanese sea bass; Japan sea bass ,J0404402,100.0,20.0,1.6,0.5,衛生福利部食品藥物管理署 台灣食品成分資料庫(食品營養成分資料庫)開放資料; 下載自 https://data.fda.gov.tw/data/opendata/export/20/csv (政府資料開放平臺 data.gov.tw dataset id 8543 / TFDA opendata InfoId=20); 查詢頁 https://consumer.fda.gov.tw/Food/TFND.aspx?nodeID=178 ; 整合編號=J0404402 (樣品基本資料)
魚貝類,日本花鱸((8月),"七星鱸,花鱸,青鱸,鱸魚,日本真鱸 ",Perch; Sea bass; Japanese seaperch; Japanese sea bass; Japan sea bass ,J0404403,95.0,19.0,1.6,1.5,衛生福利部食品藥物管理署 台灣食品成分資料庫(食品營養成分資料庫)開放資料; 下載自 https://data.fda.gov.tw/data/opendata/export/20/csv (政府資料開放平臺 data.gov.tw dataset id 8543 / TFDA opendata InfoId=20); 查詢頁 https://consumer.fda.gov.tw/Food/TFND.aspx?nodeID=178 ; 整合編號=J0404403 (樣品基本資料)
魚貝類,日本花鱸((11月),"七星鱸,花鱸,青鱸,鱸魚,日本真鱸 ",Perch; Sea bass; Japanese seaperch; Japanese sea bass; Japan sea bass ,J0404404,99.0,20.5,1.3,0.1,衛生福利部食品藥物管理署 台灣食品成分資料庫(食品營養成分資料庫)開放資料; 下載自 https://data.fda.gov.tw/data/opendata/export/20/csv (政府資料開放平臺 data.gov.tw dataset id 8543 / TFDA opendata InfoId=20); 查詢頁 https://consumer.fda.gov.tw/Food/TFND.aspx?nodeID=178 ; 整合編號=J0404404 (樣品基本資料)
魚貝類,日本花鱸((12月),"七星鱸,花鱸,青鱸,鱸魚,日本真鱸 ",Perch; Sea bass; Japanese seaperch; Japanese sea bass; Japan sea bass ,J0404405,101.0,19.6,1.9,0.4,衛生福利部食品藥物管理署 台灣食品成分資料庫(食品營養成分資料庫)開放資料; 下載自 https://data.fda.gov.tw/data/opendata/export/20/csv (政府資料開放平臺 data.gov.tw dataset id 8543 / TFDA opendata InfoId=20); 查詢頁 https://consumer.fda.gov.tw/Food/TFND.aspx?nodeID=178 ; 整合編號=J0404405 (樣品基本資料)
魚貝類,日本花鱸(含皮),"七星鱸,花鱸,青鱸,鱸魚,日本真鱸 ",Perch; Sea bass; Japanese seaperch; Japanese sea bass; Japan sea bass ,J0404501,111.0,19.2,3.2,0.8,衛生福利部食品藥物管理署 台灣食品成分資料庫(食品營養成分資料庫)開放資料; 下載自 https://data.fda.gov.tw/data/opendata/export/20/csv (政府資料開放平臺 data.gov.tw dataset id 8543 / TFDA opendata InfoId=20); 查詢頁 https://consumer.fda.gov.tw/Food/TFND.aspx?nodeID=178 ; 整合編號=J0404501 (樣品基本資料)
魚貝類,白鱸,,,J0404601,76.0,17.7,0.1,1.0,衛生福利部食品藥物管理署 台灣食品成分資料庫(食品營養成分資料庫)開放資料; 下載自 https://data.fda.gov.tw/data/opendata/export/20/csv (政府資料開放平臺 data.gov.tw dataset id 8543 / TFDA opendata InfoId=20); 查詢頁 https://consumer.fda.gov.tw/Food/TFND.aspx?nodeID=178 ; 整合編號=J0404601 (樣品基本資料)
魚貝類,條紋狼鱸,,Striped bass,J0404701,147.0,21.4,6.2,0.0,衛生福利部食品藥物管理署 台灣食品成分資料庫(食品營養成分資料庫)開放資料; 下載自 https://data.fda.gov.tw/data/opendata/export/20/csv (政府資料開放平臺 data.gov.tw dataset id 8543 / TFDA opendata InfoId=20); 查詢頁 https://consumer.fda.gov.tw/Food/TFND.aspx?nodeID=178 ; 整合編號=J0404701 (樣品基本資料)
魚貝類,鱖,,,J0404801,89.0,17.7,1.5,0.0,衛生福利部食品藥物管理署 台灣食品成分資料庫(食品營養成分資料庫)開放資料; 下載自 https://data.fda.gov.tw/data/opendata/export/20/csv (政府資料開放平臺 data.gov.tw dataset id 8543 / TFDA opendata InfoId=20); 查詢頁 https://consumer.fda.gov.tw/Food/TFND.aspx?nodeID=178 ; 整合編號=J0404801 (樣品基本資料)
魚貝類,白緣星鱠,"闊嘴格仔,鱠,過魚,石斑,紅朱鱠(臺東),粉條(澎湖)",Painted coral trout; Whitemargin lyretail grouper; White-edged lyretail; Moontail seabass; Lunar-tailed grouper; Lyretail trout; Lyretail grouper; Lyre-tail trout ,J0404901,101.0,19.9,1.8,0.0,衛生福利部食品藥物管理署 台灣食品成分資料庫(食品營養成分資料庫)開放資料; 下載自 https://data.fda.gov.tw/data/opendata/export/20/csv (政府資料開放平臺 data.gov.tw dataset id 8543 / TFDA opendata InfoId=20); 查詢頁 https://consumer.fda.gov.tw/Food/TFND.aspx?nodeID=178 ; 整合編號=J0404901 (樣品基本資料)
魚貝類,青星九刺鮨平均值,"紅鱠(條/格),七星斑,紅格仔,過(鯌/髻/郭)魚,石斑,條舅,青星九棘鱸,仔石斑,夕鱠",Blue-spotted rockcod; Coral hind; Coral rockcod; Vermillion seabass,J04050,94.0,20.9,0.5,0.0,衛生福利部食品藥物管理署 台灣食品成分資料庫(食品營養成分資料庫)開放資料; 下載自 https://data.fda.gov.tw/data/opendata/export/20/csv (政府資料開放平臺 data.gov.tw dataset id 8543 / TFDA opendata InfoId=20); 查詢頁 https://consumer.fda.gov.tw/Food/TFND.aspx?nodeID=178 ; 整合編號=J04050 (樣品平均值)
魚貝類,青星九刺鮨,"紅鱠,紅格仔,過魚,石斑,條舅,紅條,鱠仔(臺東) ",Red coral perch; Red grouper; Vermillion seabass; Vermilion rock cod; Vermilion grouper; Blue-spotted rockcod; Coral grouper; Coral cod; Coral trout; Coral hind; Coral rockcod ,J0405001,83.0,19.3,0.1,0.5,衛生福利部食品藥物管理署 台灣食品成分資料庫(食品營養成分資料庫)開放資料; 下載自 https://data.fda.gov.tw/data/opendata/export/20/csv (政府資料開放平臺 data.gov.tw dataset id 8543 / TFDA opendata InfoId=20); 查詢頁 https://consumer.fda.gov.tw/Food/TFND.aspx?nodeID=178 ; 整合編號=J0405001 (樣品基本資料)
魚貝類,青星九刺鮨魚片,"紅鱠,紅格仔,過魚,石斑,條舅,紅條,鱠仔(臺東) ",Red coral perch; Red grouper; Vermillion seabass; Vermilion rock cod; Vermilion grouper; Blue-spotted rockcod; Coral grouper; Coral cod; Coral trout; Coral hind; Coral rockcod ,J0405002,104.0,22.6,0.8,0.0,衛生福利部食品藥物管理署 台灣食品成分資料庫(食品營養成分資料庫)開放資料; 下載自 https://data.fda.gov.tw/data/opendata/export/20/csv (政府資料開放平臺 data.gov.tw dataset id 8543 / TFDA opendata InfoId=20); 查詢頁 https://consumer.fda.gov.tw/Food/TFND.aspx?nodeID=178 ; 整合編號=J0405002 (樣品基本資料)
魚貝類,斑帶石斑魚,"石斑,過魚,罔仔,竹節鱠,擬青石斑魚",Rock grouper ,J0405101,90.0,20.2,0.5,0.0,衛生福利部食品藥物管理署 台灣食品成分資料庫(食品營養成分資料庫)開放資料; 下載自 https://data.fda.gov.tw/data/opendata/export/20/csv (政府資料開放平臺 data.gov.tw dataset id 8543 / TFDA opendata InfoId=20); 查詢頁 https://consumer.fda.gov.tw/Food/TFND.aspx?nodeID=178 ; 整合編號=J0405101 (樣品基本資料)
魚貝類,龍虎石斑魚,"龍虎斑,巴龍膽,珍珠龍膽,虎膽","Epinephelus fuscoguttayus x Epinephelus lanceolatus, Tiger grouper",J0405102,122.0,20.6,3.8,1.2,衛生福利部食品藥物管理署 台灣食品成分資料庫(食品營養成分資料庫)開放資料; 下載自 https://data.fda.gov.tw/data/opendata/export/20/csv (政府資料開放平臺 data.gov.tw dataset id 8543 / TFDA opendata InfoId=20); 查詢頁 https://consumer.fda.gov.tw/Food/TFND.aspx?nodeID=178 ; 整合編號=J0405102 (樣品基本資料)
魚貝類,斑點九刺鮨(去皮),"眼斑鱠,過魚,石斑,油鱠,青貓,黑鱠僅,黑鱠仔(澎湖) ",Seabass; Peacock hind; Peacock grouper; Peacock cod; Peacock rockcod; Peacock rock-cod; Peacock coral cod; Peacock rock cod; Worldwide-peacock rockcod; Blue spotted grouper; Bluespotted grouper;,J0405201,82.0,18.8,0.2,0.9,衛生福利部食品藥物管理署 台灣食品成分資料庫(食品營養成分資料庫)開放資料; 下載自 https://data.fda.gov.tw/data/opendata/export/20/csv (政府資料開放平臺 data.gov.tw dataset id 8543 / TFDA opendata InfoId=20); 查詢頁 https://consumer.fda.gov.tw/Food/TFND.aspx?nodeID=178 ; 整合編號=J0405201 (樣品基本資料)
魚貝類,斑點九刺鮨(含皮),"眼斑鱠,過魚,石斑,油鱠,青貓,黑鱠僅,黑鱠仔(澎湖) ",Seabass; Peacock hind; Peacock grouper; Peacock cod; Peacock rockcod; Peacock rock-cod; Peacock coral cod; Peacock rock cod; Worldwide-peacock rockcod; Blue spotted grouper; Bluespotted grouper;,J0405301,84.0,19.4,0.1,0.0,衛生福利部食品藥物管理署 台灣食品成分資料庫(食品營養成分資料庫)開放資料; 下載自 https://data.fda.gov.tw/data/opendata/export/20/csv (政府資料開放平臺 data.gov.tw dataset id 8543 / TFDA opendata InfoId=20); 查詢頁 https://consumer.fda.gov.tw/Food/TFND.aspx?nodeID=178 ; 整合編號=J0405301 (樣品基本資料)
魚貝類,棕點石斑魚,"老虎斑,過魚",Tiger grouper; Blotch grouper; Blotchy rockcod; Black-tipped cod; Blotchy grouper; Brown-marbled grouper; Flower cod; Flowery cod; Marble grouper; Grouper ,J0405401,115.0,19.1,3.7,0.0,衛生福利部食品藥物管理署 台灣食品成分資料庫(食品營養成分資料庫)開放資料; 下載自 https://data.fda.gov.tw/data/opendata/export/20/csv (政府資料開放平臺 data.gov.tw dataset id 8543 / TFDA opendata InfoId=20); 查詢頁 https://consumer.fda.gov.tw/Food/TFND.aspx?nodeID=178 ; 整合編號=J0405401 (樣品基本資料)
魚貝類,鞍帶石斑魚片,"龍膽石斑,過魚,槍頭石斑魚,倒吞鱟,鴛鴦鱠,龍躉(香港) ",Queensland grouper; Queensland groper; Bridlebass; Brindlebass; Brindle grouper; Brindle bass; Giant grouper ,J0405501,155.0,19.1,8.2,0.2,衛生福利部食品藥物管理署 台灣食品成分資料庫(食品營養成分資料庫)開放資料; 下載自 https://data.fda.gov.tw/data/opendata/export/20/csv (政府資料開放平臺 data.gov.tw dataset id 8543 / TFDA opendata InfoId=20); 查詢頁 https://consumer.fda.gov.tw/Food/TFND.aspx?nodeID=178 ; 整合編號=J0405501 (樣品基本資料)
魚貝類,駝背鱸,"老鼠斑,鰵魚,烏丸稅,尖嘴鱠仔,觀音鱠,斟鰻鱠(澎湖)",Panther grouper; Pantherfish; Red fish; Polka-dot grouper; Polkadot grouper; Barramundi cod; Baramundi cod; Barrimundi cod; Hump-back rock-cod; Flatfish grouper; Highfinned grouper; Humpback rockcod; ,J0405601,83.0,18.1,0.6,0.0,衛生福利部食品藥物管理署 台灣食品成分資料庫(食品營養成分資料庫)開放資料; 下載自 https://data.fda.gov.tw/data/opendata/export/20/csv (政府資料開放平臺 data.gov.tw dataset id 8543 / TFDA opendata InfoId=20); 查詢頁 https://consumer.fda.gov.tw/Food/TFND.aspx?nodeID=178 ; 整合編號=J0405601 (樣品基本資料)
魚貝類,橫紋九刺鮨,"橫帶鱠,過魚,石斑,黑貓仔,黑絲貓,竹鱠仔,黑青貓仔(澎湖),烏絲(香港) ",Overcast grouper; Chocolate hind; Brown-barred rockcod; Brownbarred rockcod; Brownbarred grouper; Charcoal grouper; Brown coral cod; Brown coral-cod ,J0405701,85.0,19.3,0.3,0.0,衛生福利部食品藥物管理署 台灣食品成分資料庫(食品營養成分資料庫)開放資料; 下載自 https://data.fda.gov.tw/data/opendata/export/20/csv (政府資料開放平臺 data.gov.tw dataset id 8543 / TFDA opendata InfoId=20); 查詢頁 https://consumer.fda.gov.tw/Food/TFND.aspx?nodeID=178 ; 整合編號=J0405701 (樣品基本資料)
魚貝類,大口黑鱸,"黑鱸,加州鱸,淡水鱸",Largemouth black bass ,J0405801,130.0,20.7,4.6,0.0,衛生福利部食品藥物管理署 台灣食品成分資料庫(食品營養成分資料庫)開放資料; 下載自 https://data.fda.gov.tw/data/opendata/export/20/csv (政府資料開放平臺 data.gov.tw dataset id 8543 / TFDA opendata InfoId=20); 查詢頁 https://consumer.fda.gov.tw/Food/TFND.aspx?nodeID=178 ; 整合編號=J0405801 (樣品基本資料)
魚貝類,日本紅目大眼鯛,"紅目鰱,嚴公仔,大目仔(臺東),紅目孔(澎湖),嚴公舅(澎湖) ",Red big eye; Bigeye; Bulleye; Deepwater bullseye; Longfinned bullseye; Long-finned bullseye ,J0405901,97.0,19.6,1.5,0.0,衛生福利部食品藥物管理署 台灣食品成分資料庫(食品營養成分資料庫)開放資料; 下載自 https://data.fda.gov.tw/data/opendata/export/20/csv (政府資料開放平臺 data.gov.tw dataset id 8543 / TFDA opendata InfoId=20); 查詢頁 https://consumer.fda.gov.tw/Food/TFND.aspx?nodeID=178 ; 整合編號=J0405901 (樣品基本資料)
魚貝類,血斑異大眼鯛,"紅目鰱,嚴公仔",Rock bullseye; Red big-eye; Bullseye; Dusky-finned bullseye; Bigeye; Balarton; Catalufa; Glasseye snapper; Glass bigeye; Glasseye; Moonshine conga; Moonshine snapper ,J0406001,93.0,20.6,0.6,0.0,衛生福利部食品藥物管理署 台灣食品成分資料庫(食品營養成分資料庫)開放資料; 下載自 https://data.fda.gov.tw/data/opendata/export/20/csv (政府資料開放平臺 data.gov.tw dataset id 8543 / TFDA opendata InfoId=20); 查詢頁 https://consumer.fda.gov.tw/Food/TFND.aspx?nodeID=178 ; 整合編號=J0406001 (樣品基本資料)
魚貝類,多鱗沙鮻,"沙腸仔,kiss 魚",Silver sillago,J0406101,90.0,18.6,1.2,0.6,衛生福利部食品藥物管理署 台灣食品成分資料庫(食品營養成分資料庫)開放資料; 下載自 https://data.fda.gov.tw/data/opendata/export/20/csv (政府資料開放平臺 data.gov.tw dataset id 8543 / TFDA opendata InfoId=20); 查詢頁 https://consumer.fda.gov.tw/Food/TFND.aspx?nodeID=178 ; 整合編號=J0406101 (樣品基本資料)
魚貝類,日本馬頭魚,"馬頭,方頭魚,吧唄,紅尾,吧口弄,紅馬頭,紅甘鯛 ",Red tilefish; Horse-head fish; Horse head; Japanese horsehead fish ,J0406201,85.0,18.7,0.6,0.0,衛生福利部食品藥物管理署 台灣食品成分資料庫(食品營養成分資料庫)開放資料; 下載自 https://data.fda.gov.tw/data/opendata/export/20/csv (政府資料開放平臺 data.gov.tw dataset id 8543 / TFDA opendata InfoId=20); 查詢頁 https://consumer.fda.gov.tw/Food/TFND.aspx?nodeID=178 ; 整合編號=J0406201 (樣品基本資料)
魚貝類,白馬頭魚,"馬頭,方頭魚,馬頭,方頭魚,白馬頭,拉崙(澎湖),白甘鯛 ",Tilefish; White horsehead ,J0406301,91.0,19.2,1.0,0.1,衛生福利部食品藥物管理署 台灣食品成分資料庫(食品營養成分資料庫)開放資料; 下載自 https://data.fda.gov.tw/data/opendata/export/20/csv (政府資料開放平臺 data.gov.tw dataset id 8543 / TFDA opendata InfoId=20); 查詢頁 https://consumer.fda.gov.tw/Food/TFND.aspx?nodeID=178 ; 整合編號=J0406301 (樣品基本資料)
魚貝類,鬼頭刀魚片,"鱰魚,萬魚,飛烏虎,鬼頭刀(臺東),鱰,萬引,扁頭刀(澎湖),九萬仔(澎湖)",Common dolphifish; Dolphinfish; Dolphin fish; Common dolphin; Dolphin; Dorado; Common dolphinfish; Common dolphin fish; Mahimahi; Green dolphin; Mahi-mahi; Mahi mahi ,J0406401,78.0,17.2,0.5,0.0,衛生福利部食品藥物管理署 台灣食品成分資料庫(食品營養成分資料庫)開放資料; 下載自 https://data.fda.gov.tw/data/opendata/export/20/csv (政府資料開放平臺 data.gov.tw dataset id 8543 / TFDA opendata InfoId=20); 查詢頁 https://consumer.fda.gov.tw/Food/TFND.aspx?nodeID=178 ; 整合編號=J0406401 (樣品基本資料)
魚貝類,鬼頭刀,"鱰魚,萬魚,飛烏虎,鬼頭刀(臺東),鱰,萬引,扁頭刀(澎湖),九萬仔(澎湖)",Common dolphifish; Dolphinfish; Dolphin fish; Common dolphin; Dolphin; Dorado; Common dolphinfish; Common dolphin fish; Mahimahi; Green dolphin; Mahi-mahi; Mahi mahi ,J0406501,107.0,21.8,1.5,0.0,衛生福利部食品藥物管理署 台灣食品成分資料庫(食品營養成分資料庫)開放資料; 下載自 https://data.fda.gov.tw/data/opendata/export/20/csv (政府資料開放平臺 data.gov.tw dataset id 8543 / TFDA opendata InfoId=20); 查詢頁 https://consumer.fda.gov.tw/Food/TFND.aspx?nodeID=178 ; 整合編號=J0406501 (樣品基本資料)
魚貝類,海鱺,"海麗仔,軍曹魚,海龍魚,黑魽,海麗(臺東),海魚戾魚,錫臘白,海鱺/鱺魚/紅目鱺(澎湖) ",Runner; Prodigal son; Sergeant fish; Sergeantfish; Crabeater; Black salmon; Cubby yew; Cabio; Black king fish; Cobia; Black kingfish; Cod; Kingfish ,J0406601,106.0,20.4,2.1,0.0,衛生福利部食品藥物管理署 台灣食品成分資料庫(食品營養成分資料庫)開放資料; 下載自 https://data.fda.gov.tw/data/opendata/export/20/csv (政府資料開放平臺 data.gov.tw dataset id 8543 / TFDA opendata InfoId=20); 查詢頁 https://consumer.fda.gov.tw/Food/TFND.aspx?nodeID=178 ; 整合編號=J0406601 (樣品基本資料)
魚貝類,海鱺魚片,"海麗仔,軍曹魚,海龍魚,黑魽,海麗(臺東),海魚戾魚,錫臘白,海鱺/鱺魚/紅目鱺(澎湖) ",Runner; Prodigal son; Sergeant fish; Sergeantfish; Crabeater; Black salmon; Cubby yew; Cabio; Black king fish; Cobia; Black kingfish; Cod; Kingfish ,J0406602,264.0,19.3,20.1,0.0,衛生福利部食品藥物管理署 台灣食品成分資料庫(食品營養成分資料庫)開放資料; 下載自 https://data.fda.gov.tw/data/opendata/export/20/csv (政府資料開放平臺 data.gov.tw dataset id 8543 / TFDA opendata InfoId=20); 查詢頁 https://consumer.fda.gov.tw/Food/TFND.aspx?nodeID=178 ; 整合編號=J0406602 (樣品基本資料)
魚貝類,大口逆鈎鰺,"七星仔,棘蔥仔,鬼平,龜濱,龜柄,油面仔(臺東),歸秉/龜秉/肥柄(澎湖)",Queenfish; Talang queenfish; Talang queen fish; Largemouth queenfish ,J0406701,103.0,21.8,1.1,0.1,衛生福利部食品藥物管理署 台灣食品成分資料庫(食品營養成分資料庫)開放資料; 下載自 https://data.fda.gov.tw/data/opendata/export/20/csv (政府資料開放平臺 data.gov.tw dataset id 8543 / TFDA opendata InfoId=20); 查詢頁 https://consumer.fda.gov.tw/Food/TFND.aspx?nodeID=178 ; 整合編號=J0406701 (樣品基本資料)
魚貝類,大甲鰺,"鐵甲,扁甲,大目巴攏,大甲鰺",Torpedo scad; Torpedo trevally; Cordyla scad; Finletted mackerel; Finny scad; Hardtail scad ,J0406801,105.0,21.2,1.6,0.4,衛生福利部食品藥物管理署 台灣食品成分資料庫(食品營養成分資料庫)開放資料; 下載自 https://data.fda.gov.tw/data/opendata/export/20/csv (政府資料開放平臺 data.gov.tw dataset id 8543 / TFDA opendata InfoId=20); 查詢頁 https://consumer.fda.gov.tw/Food/TFND.aspx?nodeID=178 ; 整合編號=J0406801 (樣品基本資料)
魚貝類,日本竹筴魚,"巴攏,竹莢魚,瓜仔魚,真鰺,巴蘭,瓜魚,巴弄/硬尾(澎湖),黑尾",Japanese scad; Japanese jack mackerel; Japanese horse mackerel; Jack mackerel ,J0406901,116.0,23.0,2.0,0.0,衛生福利部食品藥物管理署 台灣食品成分資料庫(食品營養成分資料庫)開放資料; 下載自 https://data.fda.gov.tw/data/opendata/export/20/csv (政府資料開放平臺 data.gov.tw dataset id 8543 / TFDA opendata InfoId=20); 查詢頁 https://consumer.fda.gov.tw/Food/TFND.aspx?nodeID=178 ; 整合編號=J0406901 (樣品基本資料)
魚貝類,布氏鯧鰺(去皮),"金槍,金鯧,紅杉,紅沙瓜仔,長鰭黃臘鰺,甘仔魚(臺東),紅紗(澎湖) ",Snubnose pompano; Silver pampano; Silver pompano; Snub-nosed dart; Snub-nosed swallowtail; Permit; Snub-nosed dart; Pompio; Ovate pompano; Round pompano; Pompano; Snubnose dart; Spinous dory;,J0407001,192.0,20.3,11.7,0.0,衛生福利部食品藥物管理署 台灣食品成分資料庫(食品營養成分資料庫)開放資料; 下載自 https://data.fda.gov.tw/data/opendata/export/20/csv (政府資料開放平臺 data.gov.tw dataset id 8543 / TFDA opendata InfoId=20); 查詢頁 https://consumer.fda.gov.tw/Food/TFND.aspx?nodeID=178 ; 整合編號=J0407001 (樣品基本資料)
魚貝類,布氏鯧鰺(含皮),"金槍,金鯧,紅杉,紅沙瓜仔,長鰭黃臘鰺,甘仔魚(臺東),紅紗(澎湖)",Snubnose pompano; Silver pampano; Silver pompano; Snub-nosed dart; Snub-nosed swallowtail; Permit; Snub-nosed dart; Pompio; Ovate pompano; Round pompano; Pompano; Snubnose dart; Spinous dory;,J0407101,190.0,17.5,12.8,0.0,衛生福利部食品藥物管理署 台灣食品成分資料庫(食品營養成分資料庫)開放資料; 下載自 https://data.fda.gov.tw/data/opendata/export/20/csv (政府資料開放平臺 data.gov.tw dataset id 8543 / TFDA opendata InfoId=20); 查詢頁 https://consumer.fda.gov.tw/Food/TFND.aspx?nodeID=178 ; 整合編號=J0407101 (樣品基本資料)
魚貝類,杜氏鰤,"紅甘,紅甘鰺,竹午,汕午,紅頭午 ",Purplish amberjack; Rock salmon; Sailor's choice; Yellow tail; Amberjack; Allied kingfish; Greater yellowtail; Greater amberjack; Great yellowtail; Great amberfish; Jenny lind ,J0407201,115.0,21.9,2.4,0.2,衛生福利部食品藥物管理署 台灣食品成分資料庫(食品營養成分資料庫)開放資料; 下載自 https://data.fda.gov.tw/data/opendata/export/20/csv (政府資料開放平臺 data.gov.tw dataset id 8543 / TFDA opendata InfoId=20); 查詢頁 https://consumer.fda.gov.tw/Food/TFND.aspx?nodeID=178 ; 整合編號=J0407201 (樣品基本資料)
魚貝類,長鰭鰤魚,"油甘,黃尾鰺,甘仔,扁午,扁甘,柴魽",Seriola rivoliana,J0407202,114.0,22.8,1.9,2.7,衛生福利部食品藥物管理署 台灣食品成分資料庫(食品營養成分資料庫)開放資料; 下載自 https://data.fda.gov.tw/data/opendata/export/20/csv (政府資料開放平臺 data.gov.tw dataset id 8543 / TFDA opendata InfoId=20); 查詢頁 https://consumer.fda.gov.tw/Food/TFND.aspx?nodeID=178 ; 整合編號=J0407202 (樣品基本資料)
魚貝類,范氏副葉鰺,甘仔魚,Blackfin scad; Herring scad,J0407301,108.0,20.9,2.1,2.1,衛生福利部食品藥物管理署 台灣食品成分資料庫(食品營養成分資料庫)開放資料; 下載自 https://data.fda.gov.tw/data/opendata/export/20/csv (政府資料開放平臺 data.gov.tw dataset id 8543 / TFDA opendata InfoId=20); 查詢頁 https://consumer.fda.gov.tw/Food/TFND.aspx?nodeID=178 ; 整合編號=J0407301 (樣品基本資料)
魚貝類,泰勃圓鰺,硬尾,Redtail scad; Robin; Scad; Round robin; Roughear scad; Jack; Kingston; Greater Kingston ,J0407401,113.0,22.8,1.7,1.4,衛生福利部食品藥物管理署 台灣食品成分資料庫(食品營養成分資料庫)開放資料; 下載自 https://data.fda.gov.tw/data/opendata/export/20/csv (政府資料開放平臺 data.gov.tw dataset id 8543 / TFDA opendata InfoId=20); 查詢頁 https://consumer.fda.gov.tw/Food/TFND.aspx?nodeID=178 ; 整合編號=J0407401 (樣品基本資料)
魚貝類,烏鯧,"烏昌,三角昌,昌鼠魚,黑鯧,暗鯧,黑鰭,燕尾鯧",Pompano; Pomfret; Slade; Sweep; Blue skate; Butterfish; Black batfish; Brown pomfret; Black pompano; Black pomfret; Halibut; False butterfish ,J0407501,94.0,20.4,0.8,0.0,衛生福利部食品藥物管理署 台灣食品成分資料庫(食品營養成分資料庫)開放資料; 下載自 https://data.fda.gov.tw/data/opendata/export/20/csv (政府資料開放平臺 data.gov.tw dataset id 8543 / TFDA opendata InfoId=20); 查詢頁 https://consumer.fda.gov.tw/Food/TFND.aspx?nodeID=178 ; 整合編號=J0407501 (樣品基本資料)
魚貝類,無斑圓鰺,"紅瓜魚,巴攏,紅扁鰺,赤尾仔(臺東),赤尾,馬尾冬,紅瓜鰺,紅尾巴弄(澎湖) ",Red tail scad; Redtail scad; Pacific redtail scad ,J0407601,119.0,23.9,1.9,0.0,衛生福利部食品藥物管理署 台灣食品成分資料庫(食品營養成分資料庫)開放資料; 下載自 https://data.fda.gov.tw/data/opendata/export/20/csv (政府資料開放平臺 data.gov.tw dataset id 8543 / TFDA opendata InfoId=20); 查詢頁 https://consumer.fda.gov.tw/Food/TFND.aspx?nodeID=178 ; 整合編號=J0407601 (樣品基本資料)
魚貝類,藍圓鰺,"硬尾,廣仔,甘廣,四破,巴攏,金鼓,吧弄,巴弄/孔仔(澎湖)",Round scad; White-tipped mackerel scad; Whitetip scad; Deep-bodied round scad; Japanese scad; Mackerel scad ,J0407701,114.0,24.0,1.3,0.0,衛生福利部食品藥物管理署 台灣食品成分資料庫(食品營養成分資料庫)開放資料; 下載自 https://data.fda.gov.tw/data/opendata/export/20/csv (政府資料開放平臺 data.gov.tw dataset id 8543 / TFDA opendata InfoId=20); 查詢頁 https://consumer.fda.gov.tw/Food/TFND.aspx?nodeID=178 ; 整合編號=J0407701 (樣品基本資料)
魚貝類,雙帶鰺,"海草,拉侖,拉崙/柴魚/青甘(澎湖)",Rainbow runner ,J0407801,118.0,22.6,2.4,0.0,衛生福利部食品藥物管理署 台灣食品成分資料庫(食品營養成分資料庫)開放資料; 下載自 https://data.fda.gov.tw/data/opendata/export/20/csv (政府資料開放平臺 data.gov.tw dataset id 8543 / TFDA opendata InfoId=20); 查詢頁 https://consumer.fda.gov.tw/Food/TFND.aspx?nodeID=178 ; 整合編號=J0407801 (樣品基本資料)
魚貝類,眼眶魚,"皮刀,眼眶魚,庖刀魚,皮鞋刀,菜刀魚,剃頭刀(澎湖)",Razor trevally; Moonfish,J0407901,113.0,20.3,2.9,0.2,衛生福利部食品藥物管理署 台灣食品成分資料庫(食品營養成分資料庫)開放資料; 下載自 https://data.fda.gov.tw/data/opendata/export/20/csv (政府資料開放平臺 data.gov.tw dataset id 8543 / TFDA opendata InfoId=20); 查詢頁 https://consumer.fda.gov.tw/Food/TFND.aspx?nodeID=178 ; 整合編號=J0407901 (樣品基本資料)
魚貝類,斯氏長鰭烏魴,"深海三角仔,黑飛刀,黑皮刀,三角仔(臺東),大鱗烏鯧(澎湖) ",Pomfret; Sickle pomfret ,J0408001,97.0,22.4,0.1,0.0,衛生福利部食品藥物管理署 台灣食品成分資料庫(食品營養成分資料庫)開放資料; 下載自 https://data.fda.gov.tw/data/opendata/export/20/csv (政府資料開放平臺 data.gov.tw dataset id 8543 / TFDA opendata InfoId=20); 查詢頁 https://consumer.fda.gov.tw/Food/TFND.aspx?nodeID=178 ; 整合編號=J0408001 (樣品基本資料)
魚貝類,史氏紅諧魚,"紅鰱魚,紅肉欉仔,紅嘴唇仔,紅唇仔,紅魚仔,白肉蒜,紅肉蒜",Japanese rubyfish ,J0408101,97.0,21.1,0.7,0.0,衛生福利部食品藥物管理署 台灣食品成分資料庫(食品營養成分資料庫)開放資料; 下載自 https://data.fda.gov.tw/data/opendata/export/20/csv (政府資料開放平臺 data.gov.tw dataset id 8543 / TFDA opendata InfoId=20); 查詢頁 https://consumer.fda.gov.tw/Food/TFND.aspx?nodeID=178 ; 整合編號=J0408101 (樣品基本資料)
魚貝類,希氏姬鯛,"鎖吾,散午,紅魚仔,紅臭魚仔,紅臭魚(臺東),白肉蒜",Snapper; Von Siebold's snapper fish; Jobfish; Lavender jobfish ,J0408201,91.0,21.1,0.1,0.5,衛生福利部食品藥物管理署 台灣食品成分資料庫(食品營養成分資料庫)開放資料; 下載自 https://data.fda.gov.tw/data/opendata/export/20/csv (政府資料開放平臺 data.gov.tw dataset id 8543 / TFDA opendata InfoId=20); 查詢頁 https://consumer.fda.gov.tw/Food/TFND.aspx?nodeID=178 ; 整合編號=J0408201 (樣品基本資料)
魚貝類,赤鰭笛鯛,"紅雞仔,赤海雞,赤筆仔(臺東),赤筆,赤海,紅魚,紅鰭赤海/鐵汕婆(澎湖) ",Small-mouthed nannygai; Saddle-tailed sea-perch; Pink snapper; Red bream; Red jew; Redfish; Red snapper; Scarlet snapper; Black; Crimson snapper; High brow sea perch ,J0408301,88.0,20.4,0.1,0.0,衛生福利部食品藥物管理署 台灣食品成分資料庫(食品營養成分資料庫)開放資料; 下載自 https://data.fda.gov.tw/data/opendata/export/20/csv (政府資料開放平臺 data.gov.tw dataset id 8543 / TFDA opendata InfoId=20); 查詢頁 https://consumer.fda.gov.tw/Food/TFND.aspx?nodeID=178 ; 整合編號=J0408301 (樣品基本資料)
魚貝類,孟加拉笛鯛,"赤筆仔,黃雞母(澎湖)",Red snapper; Bengal snapper ,J0408401,87.0,19.8,0.3,0.0,衛生福利部食品藥物管理署 台灣食品成分資料庫(食品營養成分資料庫)開放資料; 下載自 https://data.fda.gov.tw/data/opendata/export/20/csv (政府資料開放平臺 data.gov.tw dataset id 8543 / TFDA opendata InfoId=20); 查詢頁 https://consumer.fda.gov.tw/Food/TFND.aspx?nodeID=178 ; 整合編號=J0408401 (樣品基本資料)
魚貝類,前鱗笛鯛,赤筆仔,Indian snapper ,J0408501,101.0,22.0,0.8,0.9,衛生福利部食品藥物管理署 台灣食品成分資料庫(食品營養成分資料庫)開放資料; 下載自 https://data.fda.gov.tw/data/opendata/export/20/csv (政府資料開放平臺 data.gov.tw dataset id 8543 / TFDA opendata InfoId=20); 查詢頁 https://consumer.fda.gov.tw/Food/TFND.aspx?nodeID=178 ; 整合編號=J0408501 (樣品基本資料)
魚貝類,馬拉巴笛鯛,"赤海,赤筆仔",Saddletail snapper; Redfish; Red jew; Saddle-tailed sea-perch; Red emperor; Red snapper; Silver; Scarlet sea-perch; Red bream; Saddle-tail snapper; Big-mouth nannygai; Large-mouthed nannygai; ,J0408601,86.0,20.2,0.0,0.0,衛生福利部食品藥物管理署 台灣食品成分資料庫(食品營養成分資料庫)開放資料; 下載自 https://data.fda.gov.tw/data/opendata/export/20/csv (政府資料開放平臺 data.gov.tw dataset id 8543 / TFDA opendata InfoId=20); 查詢頁 https://consumer.fda.gov.tw/Food/TFND.aspx?nodeID=178 ; 整合編號=J0408601 (樣品基本資料)
魚貝類,單斑笛鯛,"點記,黑點仔,黃翅,赤筆仔,點誌仔,龍王(臺東) ",Onespot snapper; One-spot snapper; Onespot perch; One-spot seaperch; Black spot snapper ,J0408701,106.0,20.7,1.9,0.0,衛生福利部食品藥物管理署 台灣食品成分資料庫(食品營養成分資料庫)開放資料; 下載自 https://data.fda.gov.tw/data/opendata/export/20/csv (政府資料開放平臺 data.gov.tw dataset id 8543 / TFDA opendata InfoId=20); 查詢頁 https://consumer.fda.gov.tw/Food/TFND.aspx?nodeID=178 ; 整合編號=J0408701 (樣品基本資料)
魚貝類,黃擬烏尾鮗,"黃雞仔,包公雞,貢仔,黃腳佳仔,黃加甲(臺東),烏尾冬/青雞仔(澎湖)",Snapper,J0408801,80.0,18.7,0.1,0.3,衛生福利部食品藥物管理署 台灣食品成分資料庫(食品營養成分資料庫)開放資料; 下載自 https://data.fda.gov.tw/data/opendata/export/20/csv (政府資料開放平臺 data.gov.tw dataset id 8543 / TFDA opendata InfoId=20); 查詢頁 https://consumer.fda.gov.tw/Food/TFND.aspx?nodeID=178 ; 整合編號=J0408801 (樣品基本資料)
魚貝類,葉唇笛鯛,"厚唇仔,紅魚",Tang's snapper ,J0408901,118.0,19.9,3.7,0.0,衛生福利部食品藥物管理署 台灣食品成分資料庫(食品營養成分資料庫)開放資料; 下載自 https://data.fda.gov.tw/data/opendata/export/20/csv (政府資料開放平臺 data.gov.tw dataset id 8543 / TFDA opendata InfoId=20); 查詢頁 https://consumer.fda.gov.tw/Food/TFND.aspx?nodeID=178 ; 整合編號=J0408901 (樣品基本資料)
魚貝類,松鯛,"打鐵婆,枯葉,石鯽,睡魚,庫羅黛,睏魚,海南洋仔,南洋鱸魚,海吳郭,流魚/柴魚/打鐵鱸(澎湖)",Sleepfish; Triple-tail; Triple tail; Tripletail; Brown triple tail; Conchy leaf; Atlantic tripletail; Bouyfish; Black grunt; Dusky tripletail; Black perch; Dusky triple-tail; Flasher ,J0409001,98.0,18.2,2.3,0.1,衛生福利部食品藥物管理署 台灣食品成分資料庫(食品營養成分資料庫)開放資料; 下載自 https://data.fda.gov.tw/data/opendata/export/20/csv (政府資料開放平臺 data.gov.tw dataset id 8543 / TFDA opendata InfoId=20); 查詢頁 https://consumer.fda.gov.tw/Food/TFND.aspx?nodeID=178 ; 整合編號=J0409001 (樣品基本資料)
魚貝類,三線磯鱸,"三線雞魚,黃雞仔,雞仔魚,番仔加誌,黃公仔魚,黃雞魚,三爪仔,雞魚(澎湖),青筆",Chicken grunt; Grunt ,J0409101,130.0,19.0,5.4,0.6,衛生福利部食品藥物管理署 台灣食品成分資料庫(食品營養成分資料庫)開放資料; 下載自 https://data.fda.gov.tw/data/opendata/export/20/csv (政府資料開放平臺 data.gov.tw dataset id 8543 / TFDA opendata InfoId=20); 查詢頁 https://consumer.fda.gov.tw/Food/TFND.aspx?nodeID=178 ; 整合編號=J0409101 (樣品基本資料)
魚貝類,星雞魚,"雞仔魚,石鱸,厚鱸,頭額/金龍/刣額(澎湖) ",Silver grunt; Common javelinfish; Javelin grunter; Javelin grunt ,J0409201,99.0,20.6,1.2,0.4,衛生福利部食品藥物管理署 台灣食品成分資料庫(食品營養成分資料庫)開放資料; 下載自 https://data.fda.gov.tw/data/opendata/export/20/csv (政府資料開放平臺 data.gov.tw dataset id 8543 / TFDA opendata InfoId=20); 查詢頁 https://consumer.fda.gov.tw/Food/TFND.aspx?nodeID=178 ; 整合編號=J0409201 (樣品基本資料)
魚貝類,密點少棘胡椒鯛,"雞仔魚,加志,少棘石鱸,圭誌/烏嘉誌(澎湖) ",Sailfin rubberlip; Painted sweetlips; Painted sweetlip; Pointed sweet lip; Slatey sweetlips; Sweetlip,J0409301,94.0,19.5,1.2,0.0,衛生福利部食品藥物管理署 台灣食品成分資料庫(食品營養成分資料庫)開放資料; 下載自 https://data.fda.gov.tw/data/opendata/export/20/csv (政府資料開放平臺 data.gov.tw dataset id 8543 / TFDA opendata InfoId=20); 查詢頁 https://consumer.fda.gov.tw/Food/TFND.aspx?nodeID=178 ; 整合編號=J0409301 (樣品基本資料)
魚貝類,金線魚,"金線鰱,黃線,紅杉",Golden threadfin bream; Golden thread ,J0409401,119.0,20.9,3.3,0.0,衛生福利部食品藥物管理署 台灣食品成分資料庫(食品營養成分資料庫)開放資料; 下載自 https://data.fda.gov.tw/data/opendata/export/20/csv (政府資料開放平臺 data.gov.tw dataset id 8543 / TFDA opendata InfoId=20); 查詢頁 https://consumer.fda.gov.tw/Food/TFND.aspx?nodeID=178 ; 整合編號=J0409401 (樣品基本資料)
魚貝類,青嘴龍占魚,"龍尖,龍占,青嘴仔,青嘴/尖嘴仔(澎湖)",Sand snapper; Parrot-fish; North-west snapper; Norwest snapper; Snuppy; Spangled emperor; Scavenger; Red-finned emperor; Pig-faced bream; Tricky snapper; Starry pigface bream; Yellow sweetlip; ,J0409501,128.0,22.7,3.4,0.0,衛生福利部食品藥物管理署 台灣食品成分資料庫(食品營養成分資料庫)開放資料; 下載自 https://data.fda.gov.tw/data/opendata/export/20/csv (政府資料開放平臺 data.gov.tw dataset id 8543 / TFDA opendata InfoId=20); 查詢頁 https://consumer.fda.gov.tw/Food/TFND.aspx?nodeID=178 ; 整合編號=J0409501 (樣品基本資料)
魚貝類,網紋龍占魚,"龍尖,龍占(臺東)",Red snout emperor,J0409601,101.0,21.7,1.0,0.0,衛生福利部食品藥物管理署 台灣食品成分資料庫(食品營養成分資料庫)開放資料; 下載自 https://data.fda.gov.tw/data/opendata/export/20/csv (政府資料開放平臺 data.gov.tw dataset id 8543 / TFDA opendata InfoId=20); 查詢頁 https://consumer.fda.gov.tw/Food/TFND.aspx?nodeID=178 ; 整合編號=J0409601 (樣品基本資料)
魚貝類,平鯛,"黃錫鯛,枋頭,邦頭/枋頭/白嘉鱲(澎湖)",Silver sea bream; Natal stumpnose; Silver bream; Yellowfin bream; Yellow fin bream; Tarwhine; Goldlined seabream; Gold-line sea bream; Goldloned seabream ,J0409701,158.0,21.0,7.6,0.5,衛生福利部食品藥物管理署 台灣食品成分資料庫(食品營養成分資料庫)開放資料; 下載自 https://data.fda.gov.tw/data/opendata/export/20/csv (政府資料開放平臺 data.gov.tw dataset id 8543 / TFDA opendata InfoId=20); 查詢頁 https://consumer.fda.gov.tw/Food/TFND.aspx?nodeID=178 ; 整合編號=J0409701 (樣品基本資料)
魚貝類,阿部牙鯛,"赤鯮,阿部赤鯮",,J0409801,124.0,18.9,4.8,0.0,衛生福利部食品藥物管理署 台灣食品成分資料庫(食品營養成分資料庫)開放資料; 下載自 https://data.fda.gov.tw/data/opendata/export/20/csv (政府資料開放平臺 data.gov.tw dataset id 8543 / TFDA opendata InfoId=20); 查詢頁 https://consumer.fda.gov.tw/Food/TFND.aspx?nodeID=178 ; 整合編號=J0409801 (樣品基本資料)
魚貝類,真鯛平均值(去皮),"嘉鱲魚,正鯛,加臘,加蚋,加魶,真鯛,加幾魚,銅盆魚,棘鬣魚  ",Red seabream; Red tail; Red porgy; Silver seabream; Red sea bream; Red pargo; Genuine porgy; Japanese seabream; Madai; Japanese porgy ,J04099,110.0,20.6,2.5,0.2,衛生福利部食品藥物管理署 台灣食品成分資料庫(食品營養成分資料庫)開放資料; 下載自 https://data.fda.gov.tw/data/opendata/export/20/csv (政府資料開放平臺 data.gov.tw dataset id 8543 / TFDA opendata InfoId=20); 查詢頁 https://consumer.fda.gov.tw/Food/TFND.aspx?nodeID=178 ; 整合編號=J04099 (樣品平均值)
魚貝類,真鯛(1月),"嘉鱲魚,正鯛,加臘,加蚋,加魶,真鯛,加幾魚,銅盆魚,棘鬣魚  ",Red seabream; Red tail; Red porgy; Silver seabream; Red sea bream; Red pargo; Genuine porgy; Japanese seabream; Madai; Japanese porgy ,J0409901,100.0,20.1,1.6,0.7,衛生福利部食品藥物管理署 台灣食品成分資料庫(食品營養成分資料庫)開放資料; 下載自 https://data.fda.gov.tw/data/opendata/export/20/csv (政府資料開放平臺 data.gov.tw dataset id 8543 / TFDA opendata InfoId=20); 查詢頁 https://consumer.fda.gov.tw/Food/TFND.aspx?nodeID=178 ; 整合編號=J0409901 (樣品基本資料)
魚貝類,真鯛(3月),"嘉鱲魚,正鯛,加臘,加蚋,加魶,真鯛,加幾魚,銅盆魚,棘鬣魚  ",Red seabream; Red tail; Red porgy; Silver seabream; Red sea bream; Red pargo; Genuine porgy; Japanese seabream; Madai; Japanese porgy ,J0409902,101.0,20.8,1.3,0.7,衛生福利部食品藥物管理署 台灣食品成分資料庫(食品營養成分資料庫)開放資料; 下載自 https://data.fda.gov.tw/data/opendata/export/20/csv (政府資料開放平臺 data.gov.tw dataset id 8543 / TFDA opendata InfoId=20); 查詢頁 https://consumer.fda.gov.tw/Food/TFND.aspx?nodeID=178 ; 整合編號=J0409902 (樣品基本資料)
魚貝類,真鯛(5月),"嘉鱲魚,正鯛,加臘,加蚋,加魶,真鯛,加幾魚,銅盆魚,棘鬣魚  ",Red seabream; Red tail; Red porgy; Silver seabream; Red sea bream; Red pargo; Genuine porgy; Japanese seabream; Madai; Japanese porgy ,J0409903,87.0,20.0,0.1,0.0,衛生福利部食品藥物管理署 台灣食品成分資料庫(食品營養成分資料庫)開放資料; 下載自 https://data.fda.gov.tw/data/opendata/export/20/csv (政府資料開放平臺 data.gov.tw dataset id 8543 / TFDA opendata InfoId=20); 查詢頁 https://consumer.fda.gov.tw/Food/TFND.aspx?nodeID=178 ; 整合編號=J0409903 (樣品基本資料)
魚貝類,真鯛(8月),"嘉鱲魚,正鯛,加臘,加蚋,加魶,真鯛,加幾魚,銅盆魚,棘鬣魚  ",Red seabream; Red tail; Red porgy; Silver seabream; Red sea bream; Red pargo; Genuine porgy; Japanese seabream; Madai; Japanese porgy ,J0409904,176.0,20.6,9.8,1.7,衛生福利部食品藥物管理署 台灣食品成分資料庫(食品營養成分資料庫)開放資料; 下載自 https://data.fda.gov.tw/data/opendata/export/20/csv (政府資料開放平臺 data.gov.tw dataset id 8543 / TFDA opendata InfoId=20); 查詢頁 https://consumer.fda.gov.tw/Food/TFND.aspx?nodeID=178 ; 整合編號=J0409904 (樣品基本資料)
魚貝類,真鯛(9月),"嘉鱲魚,正鯛,加臘,加蚋,加魶,真鯛,加幾魚,銅盆魚,棘鬣魚  ",Red seabream; Red tail; Red porgy; Silver seabream; Red sea bream; Red pargo; Genuine porgy; Japanese seabream; Madai; Japanese porgy ,J0409905,92.0,21.6,0.0,0.0,衛生福利部食品藥物管理署 台灣食品成分資料庫(食品營養成分資料庫)開放資料; 下載自 https://data.fda.gov.tw/data/opendata/export/20/csv (政府資料開放平臺 data.gov.tw dataset id 8543 / TFDA opendata InfoId=20); 查詢頁 https://consumer.fda.gov.tw/Food/TFND.aspx?nodeID=178 ; 整合編號=J0409905 (樣品基本資料)
魚貝類,真鯛(11月),"嘉鱲魚,正鯛,加臘,加蚋,加魶,真鯛,加幾魚,銅盆魚,棘鬣魚  ",Red seabream; Red tail; Red porgy; Silver seabream; Red sea bream; Red pargo; Genuine porgy; Japanese seabream; Madai; Japanese porgy ,J0409906,105.0,20.3,2.0,0.0,衛生福利部食品藥物管理署 台灣食品成分資料庫(食品營養成分資料庫)開放資料; 下載自 https://data.fda.gov.tw/data/opendata/export/20/csv (政府資料開放平臺 data.gov.tw dataset id 8543 / TFDA opendata InfoId=20); 查詢頁 https://consumer.fda.gov.tw/Food/TFND.aspx?nodeID=178 ; 整合編號=J0409906 (樣品基本資料)
魚貝類,黃鰭棘鯛,"黃鰭鯛,黃鰭,赤翅仔,赤翅,花身,鏡鯛 ",Yellow-finned black porgy; Yellow fin seabream; Yellow seabream; Yellow sea bream; Yellowfin seabream; Japanese silver bream ,J0410001,136.0,19.2,6.0,0.6,衛生福利部食品藥物管理署 台灣食品成分資料庫(食品營養成分資料庫)開放資料; 下載自 https://data.fda.gov.tw/data/opendata/export/20/csv (政府資料開放平臺 data.gov.tw dataset id 8543 / TFDA opendata InfoId=20); 查詢頁 https://consumer.fda.gov.tw/Food/TFND.aspx?nodeID=178 ; 整合編號=J0410001 (樣品基本資料)
魚貝類,黑棘鯛(去皮),"黑鯛,烏格,黑格,厚唇,烏毛,烏鱠,黑頰(澎湖)",Black sea bream; Blackhead seabream; Black porgy,J0410101,136.0,20.3,5.5,0.6,衛生福利部食品藥物管理署 台灣食品成分資料庫(食品營養成分資料庫)開放資料; 下載自 https://data.fda.gov.tw/data/opendata/export/20/csv (政府資料開放平臺 data.gov.tw dataset id 8543 / TFDA opendata InfoId=20); 查詢頁 https://consumer.fda.gov.tw/Food/TFND.aspx?nodeID=178 ; 整合編號=J0410101 (樣品基本資料)
魚貝類,黑棘鯛(含皮),"黑鯛,烏格,黑格,厚唇,烏毛,烏鱠,黑頰(澎湖)",Black sea bream; Blackhead seabream; Black porgy,J0410201,165.0,19.5,9.0,0.0,衛生福利部食品藥物管理署 台灣食品成分資料庫(食品營養成分資料庫)開放資料; 下載自 https://data.fda.gov.tw/data/opendata/export/20/csv (政府資料開放平臺 data.gov.tw dataset id 8543 / TFDA opendata InfoId=20); 查詢頁 https://consumer.fda.gov.tw/Food/TFND.aspx?nodeID=178 ; 整合編號=J0410201 (樣品基本資料)
魚貝類,多鱗四指馬鮁,"四絲馬鮁,四指馬鮁,竹午,大午,午仔,鬚午仔/發鬚午仔(澎湖)",East Asian fourfinger threadfin ,J0410301,146.0,19.0,7.2,0.0,衛生福利部食品藥物管理署 台灣食品成分資料庫(食品營養成分資料庫)開放資料; 下載自 https://data.fda.gov.tw/data/opendata/export/20/csv (政府資料開放平臺 data.gov.tw dataset id 8543 / TFDA opendata InfoId=20); 查詢頁 https://consumer.fda.gov.tw/Food/TFND.aspx?nodeID=178 ; 整合編號=J0410301 (樣品基本資料)
魚貝類,大黃魚,"黃魚,黃瓜,黃花魚,黃口,火口,大黃花",Croceine croaker; Large yellow croaker ,J0410401,142.0,16.8,7.8,0.2,衛生福利部食品藥物管理署 台灣食品成分資料庫(食品營養成分資料庫)開放資料; 下載自 https://data.fda.gov.tw/data/opendata/export/20/csv (政府資料開放平臺 data.gov.tw dataset id 8543 / TFDA opendata InfoId=20); 查詢頁 https://consumer.fda.gov.tw/Food/TFND.aspx?nodeID=178 ; 整合編號=J0410401 (樣品基本資料)
魚貝類,小黃魚(去皮),"黃魚,小黃瓜,厚鱗仔,黃口,黃順,黃瓜,紅瓜",Yellow croaker; Yellowfish; Croaker; Little yellow croaker,J0410501,100.0,20.0,1.6,0.0,衛生福利部食品藥物管理署 台灣食品成分資料庫(食品營養成分資料庫)開放資料; 下載自 https://data.fda.gov.tw/data/opendata/export/20/csv (政府資料開放平臺 data.gov.tw dataset id 8543 / TFDA opendata InfoId=20); 查詢頁 https://consumer.fda.gov.tw/Food/TFND.aspx?nodeID=178 ; 整合編號=J0410501 (樣品基本資料)
魚貝類,小黃魚(含皮),"黃魚,小黃瓜,厚鱗仔,黃口,黃順,黃瓜,紅瓜",Yellow croaker; Yellowfish; Croaker; Little yellow croaker,J0410601,100.0,19.4,1.9,0.0,衛生福利部食品藥物管理署 台灣食品成分資料庫(食品營養成分資料庫)開放資料; 下載自 https://data.fda.gov.tw/data/opendata/export/20/csv (政府資料開放平臺 data.gov.tw dataset id 8543 / TFDA opendata InfoId=20); 查詢頁 https://consumer.fda.gov.tw/Food/TFND.aspx?nodeID=178 ; 整合編號=J0410601 (樣品基本資料)
魚貝類,白姑魚,"白口,帕頭,黃順,加網(澎湖)",Silver sea meagre; Silver croaker; White croaker; Croaker ,J0410701,97.0,18.8,1.8,0.0,衛生福利部食品藥物管理署 台灣食品成分資料庫(食品營養成分資料庫)開放資料; 下載自 https://data.fda.gov.tw/data/opendata/export/20/csv (政府資料開放平臺 data.gov.tw dataset id 8543 / TFDA opendata InfoId=20); 查詢頁 https://consumer.fda.gov.tw/Food/TFND.aspx?nodeID=178 ; 整合編號=J0410701 (樣品基本資料)
魚貝類,眼斑擬石首魚,紅鼓魚,Red drum,J0410801,95.0,19.7,1.2,0.9,衛生福利部食品藥物管理署 台灣食品成分資料庫(食品營養成分資料庫)開放資料; 下載自 https://data.fda.gov.tw/data/opendata/export/20/csv (政府資料開放平臺 data.gov.tw dataset id 8543 / TFDA opendata InfoId=20); 查詢頁 https://consumer.fda.gov.tw/Food/TFND.aspx?nodeID=178 ; 整合編號=J0410801 (樣品基本資料)
魚貝類,黃姑魚,"春子,假黃魚,黃婆,紅花(臺南安平)  ",White flower croaker; Flower croaker ,J0410901,89.0,19.4,0.7,0.0,衛生福利部食品藥物管理署 台灣食品成分資料庫(食品營養成分資料庫)開放資料; 下載自 https://data.fda.gov.tw/data/opendata/export/20/csv (政府資料開放平臺 data.gov.tw dataset id 8543 / TFDA opendata InfoId=20); 查詢頁 https://consumer.fda.gov.tw/Food/TFND.aspx?nodeID=178 ; 整合編號=J0410901 (樣品基本資料)
魚貝類,黑䱛 ,"黑口,烏喉,黑喉(臺東),加正,烏加網,黑喉,臭魚",Croaker; Black croaker; Blackmouth croaker; Longfin kob,J0411001,149.0,17.9,8.0,1.2,衛生福利部食品藥物管理署 台灣食品成分資料庫(食品營養成分資料庫)開放資料; 下載自 https://data.fda.gov.tw/data/opendata/export/20/csv (政府資料開放平臺 data.gov.tw dataset id 8543 / TFDA opendata InfoId=20); 查詢頁 https://consumer.fda.gov.tw/Food/TFND.aspx?nodeID=178 ; 整合編號=J0411001 (樣品基本資料)
魚貝類,鮸,"鮸仔,敏魚,米魚,水鮸仔",Mi-iuy croaker ,J0411101,104.0,23.3,0.5,0.0,衛生福利部食品藥物管理署 台灣食品成分資料庫(食品營養成分資料庫)開放資料; 下載自 https://data.fda.gov.tw/data/opendata/export/20/csv (政府資料開放平臺 data.gov.tw dataset id 8543 / TFDA opendata InfoId=20); 查詢頁 https://consumer.fda.gov.tw/Food/TFND.aspx?nodeID=178 ; 整合編號=J0411101 (樣品基本資料)
魚貝類,鱗鰭叫姑魚,"春子,油口/臭肚仔/金線加網(澎湖) ",Croaker,J0411201,99.0,18.4,2.3,0.3,衛生福利部食品藥物管理署 台灣食品成分資料庫(食品營養成分資料庫)開放資料; 下載自 https://data.fda.gov.tw/data/opendata/export/20/csv (政府資料開放平臺 data.gov.tw dataset id 8543 / TFDA opendata InfoId=20); 查詢頁 https://consumer.fda.gov.tw/Food/TFND.aspx?nodeID=178 ; 整合編號=J0411201 (樣品基本資料)
魚貝類,黑斑海緋鯉,"秋姑,鬚哥,黑點秋哥/外海秋哥(澎湖) ",Sidespot goatfish; Sidedspot goatfish; Spotted goatfish; Whitespot goatfish; Blackspot goatfish ,J0411301,97.0,18.8,1.8,0.0,衛生福利部食品藥物管理署 台灣食品成分資料庫(食品營養成分資料庫)開放資料; 下載自 https://data.fda.gov.tw/data/opendata/export/20/csv (政府資料開放平臺 data.gov.tw dataset id 8543 / TFDA opendata InfoId=20); 查詢頁 https://consumer.fda.gov.tw/Food/TFND.aspx?nodeID=178 ; 整合編號=J0411301 (樣品基本資料)
魚貝類,斑點雞籠鯧,"銅盤仔,鏡鯧,金鏡,定盤,咬破埔,金鐘(澎湖) ",Sicklefish; Spotted bat fish; Spotted sicklefish; Spotted drepane; Spotted batfish; Drepane ,J0411401,97.0,21.9,0.4,0.0,衛生福利部食品藥物管理署 台灣食品成分資料庫(食品營養成分資料庫)開放資料; 下載自 https://data.fda.gov.tw/data/opendata/export/20/csv (政府資料開放平臺 data.gov.tw dataset id 8543 / TFDA opendata InfoId=20); 查詢頁 https://consumer.fda.gov.tw/Food/TFND.aspx?nodeID=178 ; 整合編號=J0411401 (樣品基本資料)
魚貝類,花身鯻,"花身仔,斑吾,雞仔魚,三抓仔,花身鯻,邦五/斑午/兵舅仔/斑龜仔(澎湖) ",Thornfish; Three-striped tiger fish; Cresent grunter; Crescent perch; Crescent-banded grunter; Crescent-banded tiger-fish; Jarbua terapon ,J0411501,157.0,19.5,8.2,0.0,衛生福利部食品藥物管理署 台灣食品成分資料庫(食品營養成分資料庫)開放資料; 下載自 https://data.fda.gov.tw/data/opendata/export/20/csv (政府資料開放平臺 data.gov.tw dataset id 8543 / TFDA opendata InfoId=20); 查詢頁 https://consumer.fda.gov.tw/Food/TFND.aspx?nodeID=178 ; 整合編號=J0411501 (樣品基本資料)
魚貝類,花尾唇指翁(翁加魚邊) ,"咬破布,三康,金花,萬年瘦,瘦仔/蝨鬢(澎湖)",White-spot-tail morwong; Spottedtail morwong; Flagfish; Flag fish; Morwong ,J0411601,116.0,19.8,3.4,0.6,衛生福利部食品藥物管理署 台灣食品成分資料庫(食品營養成分資料庫)開放資料; 下載自 https://data.fda.gov.tw/data/opendata/export/20/csv (政府資料開放平臺 data.gov.tw dataset id 8543 / TFDA opendata InfoId=20); 查詢頁 https://consumer.fda.gov.tw/Food/TFND.aspx?nodeID=178 ; 整合編號=J0411601 (樣品基本資料)
魚貝類,尼羅口孵非鯽(去皮),"南洋鯽仔,尼羅吳郭魚",Nile tilapia; Nilotica; Cichlid; Edward tilapia; Mozambique tilapia; Mango fish ,J0411701,113.0,20.4,2.9,0.0,衛生福利部食品藥物管理署 台灣食品成分資料庫(食品營養成分資料庫)開放資料; 下載自 https://data.fda.gov.tw/data/opendata/export/20/csv (政府資料開放平臺 data.gov.tw dataset id 8543 / TFDA opendata InfoId=20); 查詢頁 https://consumer.fda.gov.tw/Food/TFND.aspx?nodeID=178 ; 整合編號=J0411701 (樣品基本資料)
魚貝類,尼羅口孵非鯽(含皮),"南洋鯽仔,尼羅吳郭魚",Nile tilapia; Nilotica; Cichlid; Edward tilapia; Mozambique tilapia; Mango fish ,J0411801,125.0,19.4,4.7,0.0,衛生福利部食品藥物管理署 台灣食品成分資料庫(食品營養成分資料庫)開放資料; 下載自 https://data.fda.gov.tw/data/opendata/export/20/csv (政府資料開放平臺 data.gov.tw dataset id 8543 / TFDA opendata InfoId=20); 查詢頁 https://consumer.fda.gov.tw/Food/TFND.aspx?nodeID=178 ; 整合編號=J0411801 (樣品基本資料)
魚貝類,尼羅口孵非鯽(含皮)(2022年取樣),"南洋鯽仔,尼羅吳郭魚",Nile tilapia; Nilotica; Cichlid; Edward tilapia; Mozambique tilapia; Mango fish ,J0411802,122.0,20.4,3.9,3.0,衛生福利部食品藥物管理署 台灣食品成分資料庫(食品營養成分資料庫)開放資料; 下載自 https://data.fda.gov.tw/data/opendata/export/20/csv (政府資料開放平臺 data.gov.tw dataset id 8543 / TFDA opendata InfoId=20); 查詢頁 https://consumer.fda.gov.tw/Food/TFND.aspx?nodeID=178 ; 整合編號=J0411802 (樣品基本資料)
魚貝類,花身副麗魚,"珍珠石斑,淡水石斑,馬拉麗體魚",Jaguar guapote、Managuense、Guapote tiger  ,J0411901,112.0,17.7,4.1,1.1,衛生福利部食品藥物管理署 台灣食品成分資料庫(食品營養成分資料庫)開放資料; 下載自 https://data.fda.gov.tw/data/opendata/export/20/csv (政府資料開放平臺 data.gov.tw dataset id 8543 / TFDA opendata InfoId=20); 查詢頁 https://consumer.fda.gov.tw/Food/TFND.aspx?nodeID=178 ; 整合編號=J0411901 (樣品基本資料)
魚貝類,紅色吳郭魚,"尼羅魚;台灣鯛,紅色尼羅魚,姬鯛,紅吳郭魚,濱鯛",Red mouthbreeder; Red tilapia,J0412001,108.0,18.3,3.3,1.3,衛生福利部食品藥物管理署 台灣食品成分資料庫(食品營養成分資料庫)開放資料; 下載自 https://data.fda.gov.tw/data/opendata/export/20/csv (政府資料開放平臺 data.gov.tw dataset id 8543 / TFDA opendata InfoId=20); 查詢頁 https://consumer.fda.gov.tw/Food/TFND.aspx?nodeID=178 ; 整合編號=J0412001 (樣品基本資料)
魚貝類,台灣鯛魚片(生),,Tilapia,J0412002,110.0,18.2,3.6,2.5,衛生福利部食品藥物管理署 台灣食品成分資料庫(食品營養成分資料庫)開放資料; 下載自 https://data.fda.gov.tw/data/opendata/export/20/csv (政府資料開放平臺 data.gov.tw dataset id 8543 / TFDA opendata InfoId=20); 查詢頁 https://consumer.fda.gov.tw/Food/TFND.aspx?nodeID=178 ; 整合編號=J0412002 (樣品基本資料)
魚貝類,台灣鯛魚片(生)(2021年),,Tilapia,J0412003,109.0,17.9,3.7,1.5,衛生福利部食品藥物管理署 台灣食品成分資料庫(食品營養成分資料庫)開放資料; 下載自 https://data.fda.gov.tw/data/opendata/export/20/csv (政府資料開放平臺 data.gov.tw dataset id 8543 / TFDA opendata InfoId=20); 查詢頁 https://consumer.fda.gov.tw/Food/TFND.aspx?nodeID=178 ; 整合編號=J0412003 (樣品基本資料)
魚貝類,台灣鯛魚片(水煮),,Tilapia,J0412101,130.0,23.4,3.3,1.3,衛生福利部食品藥物管理署 台灣食品成分資料庫(食品營養成分資料庫)開放資料; 下載自 https://data.fda.gov.tw/data/opendata/export/20/csv (政府資料開放平臺 data.gov.tw dataset id 8543 / TFDA opendata InfoId=20); 查詢頁 https://consumer.fda.gov.tw/Food/TFND.aspx?nodeID=178 ; 整合編號=J0412101 (樣品基本資料)
魚貝類,台灣鯛魚片(油煎),,Tilapia,J0412102,162.0,23.1,6.9,1.9,衛生福利部食品藥物管理署 台灣食品成分資料庫(食品營養成分資料庫)開放資料; 下載自 https://data.fda.gov.tw/data/opendata/export/20/csv (政府資料開放平臺 data.gov.tw dataset id 8543 / TFDA opendata InfoId=20); 查詢頁 https://consumer.fda.gov.tw/Food/TFND.aspx?nodeID=178 ; 整合編號=J0412102 (樣品基本資料)
魚貝類,"台灣鯛魚片(烤,190℃,10分鐘)",,Tilapia,J0412103,111.0,19.7,3.0,1.8,衛生福利部食品藥物管理署 台灣食品成分資料庫(食品營養成分資料庫)開放資料; 下載自 https://data.fda.gov.tw/data/opendata/export/20/csv (政府資料開放平臺 data.gov.tw dataset id 8543 / TFDA opendata InfoId=20); 查詢頁 https://consumer.fda.gov.tw/Food/TFND.aspx?nodeID=178 ; 整合編號=J0412103 (樣品基本資料)
魚貝類,"台灣鯛魚片(烤,190℃,20分鐘)",,Tilapia,J0412104,134.0,23.0,4.0,2.1,衛生福利部食品藥物管理署 台灣食品成分資料庫(食品營養成分資料庫)開放資料; 下載自 https://data.fda.gov.tw/data/opendata/export/20/csv (政府資料開放平臺 data.gov.tw dataset id 8543 / TFDA opendata InfoId=20); 查詢頁 https://consumer.fda.gov.tw/Food/TFND.aspx?nodeID=178 ; 整合編號=J0412104 (樣品基本資料)
魚貝類,"台灣鯛魚片(烤,230℃,10分鐘)",,Tilapia,J0412105,127.0,21.3,4.0,1.5,衛生福利部食品藥物管理署 台灣食品成分資料庫(食品營養成分資料庫)開放資料; 下載自 https://data.fda.gov.tw/data/opendata/export/20/csv (政府資料開放平臺 data.gov.tw dataset id 8543 / TFDA opendata InfoId=20); 查詢頁 https://consumer.fda.gov.tw/Food/TFND.aspx?nodeID=178 ; 整合編號=J0412105 (樣品基本資料)
魚貝類,"台灣鯛魚片(烤,230℃,20分鐘)",,Tilapia,J0412106,142.0,24.6,4.1,2.5,衛生福利部食品藥物管理署 台灣食品成分資料庫(食品營養成分資料庫)開放資料; 下載自 https://data.fda.gov.tw/data/opendata/export/20/csv (政府資料開放平臺 data.gov.tw dataset id 8543 / TFDA opendata InfoId=20); 查詢頁 https://consumer.fda.gov.tw/Food/TFND.aspx?nodeID=178 ; 整合編號=J0412106 (樣品基本資料)
魚貝類,台灣鯛魚片(清蒸),,Tilapia,J0412107,112.0,19.3,3.3,2.2,衛生福利部食品藥物管理署 台灣食品成分資料庫(食品營養成分資料庫)開放資料; 下載自 https://data.fda.gov.tw/data/opendata/export/20/csv (政府資料開放平臺 data.gov.tw dataset id 8543 / TFDA opendata InfoId=20); 查詢頁 https://consumer.fda.gov.tw/Food/TFND.aspx?nodeID=178 ; 整合編號=J0412107 (樣品基本資料)
魚貝類,台灣鯛魚片(微波),,Tilapia,J0412108,140.0,24.9,3.7,1.4,衛生福利部食品藥物管理署 台灣食品成分資料庫(食品營養成分資料庫)開放資料; 下載自 https://data.fda.gov.tw/data/opendata/export/20/csv (政府資料開放平臺 data.gov.tw dataset id 8543 / TFDA opendata InfoId=20); 查詢頁 https://consumer.fda.gov.tw/Food/TFND.aspx?nodeID=178 ; 整合編號=J0412108 (樣品基本資料)
魚貝類,台灣鯛魚湯(水煮),,Tilapia soup,J0412201,5.0,0.9,0.2,0.0,衛生福利部食品藥物管理署 台灣食品成分資料庫(食品營養成分資料庫)開放資料; 下載自 https://data.fda.gov.tw/data/opendata/export/20/csv (政府資料開放平臺 data.gov.tw dataset id 8543 / TFDA opendata InfoId=20); 查詢頁 https://consumer.fda.gov.tw/Food/TFND.aspx?nodeID=178 ; 整合編號=J0412201 (樣品基本資料)
魚貝類,莫三比克口孵非鯽,"非洲仔,南洋鯽仔,在來吳郭魚,吳郭魚/鹹水吳郭(澎湖)  ",Tilapia; Common tilapia; African mouthbrooder; Largemouth kurper; Mozambique mouthbrooder; Kurper bream; Mozambique cichlid; Java tilapia; Mozambique tilapia ,J0412301,112.0,19.5,3.2,0.0,衛生福利部食品藥物管理署 台灣食品成分資料庫(食品營養成分資料庫)開放資料; 下載自 https://data.fda.gov.tw/data/opendata/export/20/csv (政府資料開放平臺 data.gov.tw dataset id 8543 / TFDA opendata InfoId=20); 查詢頁 https://consumer.fda.gov.tw/Food/TFND.aspx?nodeID=178 ; 整合編號=J0412301 (樣品基本資料)
魚貝類,薔薇項鰭魚(去皮),"薔薇連鰭唇魚,扁礫仔,紅姑娘仔,紅新娘,豎停仔,胭脂冷,角龍,平倍良,薔薇楔鯛,薔薇離鰭鯛,薔薇虹彩",Rosed razorfish,J0412401,96.0,17.3,2.4,0.0,衛生福利部食品藥物管理署 台灣食品成分資料庫(食品營養成分資料庫)開放資料; 下載自 https://data.fda.gov.tw/data/opendata/export/20/csv (政府資料開放平臺 data.gov.tw dataset id 8543 / TFDA opendata InfoId=20); 查詢頁 https://consumer.fda.gov.tw/Food/TFND.aspx?nodeID=178 ; 整合編號=J0412401 (樣品基本資料)
魚貝類,薔薇項鰭魚(含皮),"薔薇連鰭唇魚,扁礫仔,紅姑娘仔,紅新娘,豎停仔,胭脂冷,角龍,平倍良,薔薇楔鯛,薔薇離鰭鯛,薔薇虹彩",Rosed razorfish ,J0412501,93.0,17.9,1.8,0.0,衛生福利部食品藥物管理署 台灣食品成分資料庫(食品營養成分資料庫)開放資料; 下載自 https://data.fda.gov.tw/data/opendata/export/20/csv (政府資料開放平臺 data.gov.tw dataset id 8543 / TFDA opendata InfoId=20); 查詢頁 https://consumer.fda.gov.tw/Food/TFND.aspx?nodeID=178 ; 整合編號=J0412501 (樣品基本資料)
魚貝類,藍豬齒魚,"石老,四齒仔,西齒,簾仔,寒鯛,鰱仔(澎湖)",Scarbreast tuskfin ,J0412601,81.0,18.5,0.2,0.2,衛生福利部食品藥物管理署 台灣食品成分資料庫(食品營養成分資料庫)開放資料; 下載自 https://data.fda.gov.tw/data/opendata/export/20/csv (政府資料開放平臺 data.gov.tw dataset id 8543 / TFDA opendata InfoId=20); 查詢頁 https://consumer.fda.gov.tw/Food/TFND.aspx?nodeID=178 ; 整合編號=J0412601 (樣品基本資料)
魚貝類,福氏鸚哥魚(去皮),"紅鸚哥,青鸚哥仔,青衣,青衫(雄),蠔魚(雌),紅海逮,紅咬齒,番仔魚(臺東)",Rainbow parrotfish; Princess parrotfish; Tricolor parrotfish; Whitespot parrotfish; Big belly parrotfish; Forsten's parrotfish; Forsten parrotfish  ,J0412701,84.0,19.6,0.0,0.2,衛生福利部食品藥物管理署 台灣食品成分資料庫(食品營養成分資料庫)開放資料; 下載自 https://data.fda.gov.tw/data/opendata/export/20/csv (政府資料開放平臺 data.gov.tw dataset id 8543 / TFDA opendata InfoId=20); 查詢頁 https://consumer.fda.gov.tw/Food/TFND.aspx?nodeID=178 ; 整合編號=J0412701 (樣品基本資料)
魚貝類,橫紋鸚哥魚(含皮),鸚哥,Lunate parrotfish; Festive parrotfish,J0412801,81.0,18.9,0.0,0.0,衛生福利部食品藥物管理署 台灣食品成分資料庫(食品營養成分資料庫)開放資料; 下載自 https://data.fda.gov.tw/data/opendata/export/20/csv (政府資料開放平臺 data.gov.tw dataset id 8543 / TFDA opendata InfoId=20); 查詢頁 https://consumer.fda.gov.tw/Food/TFND.aspx?nodeID=178 ; 整合編號=J0412801 (樣品基本資料)
魚貝類,藍點鸚哥魚,"鸚哥,黃衣魚,青衫(雄),紅蠔魚(雌),紅衫,蠔魚(雌)(澎湖) ",Parrot fish; Parrotfish; Yellowscale parrotfish; Yellow scale parrot fish; Cream parrotfish; Bluebarred parrotfish; Blue-barred parrotfish; Blue barred parrotfish; Blue trim parrotfish; ,J0412901,86.0,20.1,0.1,0.6,衛生福利部食品藥物管理署 台灣食品成分資料庫(食品營養成分資料庫)開放資料; 下載自 https://data.fda.gov.tw/data/opendata/export/20/csv (政府資料開放平臺 data.gov.tw dataset id 8543 / TFDA opendata InfoId=20); 查詢頁 https://consumer.fda.gov.tw/Food/TFND.aspx?nodeID=178 ; 整合編號=J0412901 (樣品基本資料)
魚貝類,金錢魚,"變身苦,遍身苦(澎湖),金鼓",Scat; Spotted scad; Spotted butter fish; Spotted butt; Spotted scat; Spotted butterfish; Argus fish; Butterfish; Common scat; Leopard scat ,J0413001,196.0,19.3,12.6,0.0,衛生福利部食品藥物管理署 台灣食品成分資料庫(食品營養成分資料庫)開放資料; 下載自 https://data.fda.gov.tw/data/opendata/export/20/csv (政府資料開放平臺 data.gov.tw dataset id 8543 / TFDA opendata InfoId=20); 查詢頁 https://consumer.fda.gov.tw/Food/TFND.aspx?nodeID=178 ; 整合編號=J0413001 (樣品基本資料)
魚貝類,褐臭肚魚,"臭肚,象魚,樹魚,羊鍋,疏網,茄冬仔,象耳/臭肚仔/羊矮仔/盧矮仔(澎湖)",Rabbitfish; Pinspotted spinefoot; Sandy spinefoot; Spinefoot; Doctor fish; Dusky rabbitfish; Dusky spinefoot; Fuscous spinefoot; Mottled spinefoot; Fuscescens rabbitfish ,J0413101,164.0,19.9,8.8,0.6,衛生福利部食品藥物管理署 台灣食品成分資料庫(食品營養成分資料庫)開放資料; 下載自 https://data.fda.gov.tw/data/opendata/export/20/csv (政府資料開放平臺 data.gov.tw dataset id 8543 / TFDA opendata InfoId=20); 查詢頁 https://consumer.fda.gov.tw/Food/TFND.aspx?nodeID=178 ; 整合編號=J0413101 (樣品基本資料)
魚貝類,杜氏刺尾鯛,"眼紋倒吊,粗皮仔,倒吊(臺東)",Ornate surgeonfish; Pencilled surgeon; Pencilled surgeonfish; Palani; Penciled surgeonfish; Ornate sturgeonfish; Dussumier's surgeonfish; Eyestripe surgeonfish; Eye-stripe surgeonfish; ,J0413201,137.0,19.1,6.2,0.6,衛生福利部食品藥物管理署 台灣食品成分資料庫(食品營養成分資料庫)開放資料; 下載自 https://data.fda.gov.tw/data/opendata/export/20/csv (政府資料開放平臺 data.gov.tw dataset id 8543 / TFDA opendata InfoId=20); 查詢頁 https://consumer.fda.gov.tw/Food/TFND.aspx?nodeID=178 ; 整合編號=J0413201 (樣品基本資料)
魚貝類,後刺尾鯛,"倒吊,粗皮仔,番倒吊(澎湖),半水吊",Striped surgeonfish; Yellowmask surgeonfish; White-tail lancet; Blue-lined surgeonfish; Bleeker's surgeonfish; Elongate surgeonfish; Mata surgeonfish; Elongate surgeon ,J0413301,102.0,20.4,1.7,0.0,衛生福利部食品藥物管理署 台灣食品成分資料庫(食品營養成分資料庫)開放資料; 下載自 https://data.fda.gov.tw/data/opendata/export/20/csv (政府資料開放平臺 data.gov.tw dataset id 8543 / TFDA opendata InfoId=20); 查詢頁 https://consumer.fda.gov.tw/Food/TFND.aspx?nodeID=178 ; 整合編號=J0413301 (樣品基本資料)
魚貝類,鋸尾鯛,"黑豬哥,黑將軍,打鐵婆,剝皮仔,老娘(澎湖) ",Scalpel sawtail ,J0413401,93.0,19.0,1.4,0.3,衛生福利部食品藥物管理署 台灣食品成分資料庫(食品營養成分資料庫)開放資料; 下載自 https://data.fda.gov.tw/data/opendata/export/20/csv (政府資料開放平臺 data.gov.tw dataset id 8543 / TFDA opendata InfoId=20); 查詢頁 https://consumer.fda.gov.tw/Food/TFND.aspx?nodeID=178 ; 整合編號=J0413401 (樣品基本資料)
魚貝類,大眼金梭魚,"針梭,竹梭,巴拉庫答",Blackspot barracuda; Bigeye barracuda; Forster's sea-pike ,J0413501,157.0,21.8,7.1,0.0,衛生福利部食品藥物管理署 台灣食品成分資料庫(食品營養成分資料庫)開放資料; 下載自 https://data.fda.gov.tw/data/opendata/export/20/csv (政府資料開放平臺 data.gov.tw dataset id 8543 / TFDA opendata InfoId=20); 查詢頁 https://consumer.fda.gov.tw/Food/TFND.aspx?nodeID=178 ; 整合編號=J0413501 (樣品基本資料)
魚貝類,鱗網帶鰆切片,"油魚,細鱗仔,玉梭魚,白玉豚",Escolar,J0413601,272.0,17.3,22.0,0.0,衛生福利部食品藥物管理署 台灣食品成分資料庫(食品營養成分資料庫)開放資料; 下載自 https://data.fda.gov.tw/data/opendata/export/20/csv (政府資料開放平臺 data.gov.tw dataset id 8543 / TFDA opendata InfoId=20); 查詢頁 https://consumer.fda.gov.tw/Food/TFND.aspx?nodeID=178 ; 整合編號=J0413601 (樣品基本資料)
魚貝類,鱗網帶鰆(含皮),"油魚,細鱗仔,玉梭魚,白玉豚",Escolar,J0413701,263.0,18.0,20.7,0.0,衛生福利部食品藥物管理署 台灣食品成分資料庫(食品營養成分資料庫)開放資料; 下載自 https://data.fda.gov.tw/data/opendata/export/20/csv (政府資料開放平臺 data.gov.tw dataset id 8543 / TFDA opendata InfoId=20); 查詢頁 https://consumer.fda.gov.tw/Food/TFND.aspx?nodeID=178 ; 整合編號=J0413701 (樣品基本資料)
魚貝類,白帶魚,"白魚,裙帶,肥帶,油帶,天竺帶魚,白帶魚,黃稜油帶(澎湖) ",Silverfish; Ribbon fish; Common hairtail; Cutlassfish; Atlantic cutlassfish; Cutlass fish; Australian hairtail; Hairtail; Largehead hairtail; Largeheaded ribbonfish; Hair tail ,J0413801,102.0,19.6,2.0,0.0,衛生福利部食品藥物管理署 台灣食品成分資料庫(食品營養成分資料庫)開放資料; 下載自 https://data.fda.gov.tw/data/opendata/export/20/csv (政府資料開放平臺 data.gov.tw dataset id 8543 / TFDA opendata InfoId=20); 查詢頁 https://consumer.fda.gov.tw/Food/TFND.aspx?nodeID=178 ; 整合編號=J0413801 (樣品基本資料)
魚貝類,大目鮪,"大目仔,大眼鮪,大目串,短墩,串仔(澎湖),短鮪 ",Tuna; Bigeye tunny; Big eye tunny; Big-eye tunny; Coffrey; Bigeye tuna fish; Big-eye tuna; Bigeye tuna; Bigeye; Big eye; Big eye tuna; Bigeyed tuna; Bigeye Tuna ,J0413901,103.0,23.9,0.1,0.0,衛生福利部食品藥物管理署 台灣食品成分資料庫(食品營養成分資料庫)開放資料; 下載自 https://data.fda.gov.tw/data/opendata/export/20/csv (政府資料開放平臺 data.gov.tw dataset id 8543 / TFDA opendata InfoId=20); 查詢頁 https://consumer.fda.gov.tw/Food/TFND.aspx?nodeID=178 ; 整合編號=J0413901 (樣品基本資料)
魚貝類,正鰹,"煙仔虎,煙仔,小串,柴魚,肥煙,鯤(臺東),煙仔魚,卓鮶/大煙(澎湖)",Skipjack; Skipjack tuna; Skipjack tuna fish; Skipper; Oceanic skipjack; Oceanic bonito; Skippy; Skiy jack; Ocean bonito; Striped bellied tunny; White bonito; Striped tuna; Victor fish; Striped bonito;,J0414001,149.0,23.1,5.6,0.0,衛生福利部食品藥物管理署 台灣食品成分資料庫(食品營養成分資料庫)開放資料; 下載自 https://data.fda.gov.tw/data/opendata/export/20/csv (政府資料開放平臺 data.gov.tw dataset id 8543 / TFDA opendata InfoId=20); 查詢頁 https://consumer.fda.gov.tw/Food/TFND.aspx?nodeID=178 ; 整合編號=J0414001 (樣品基本資料)
魚貝類,花腹鯖,"花飛,青輝,飛威/青飛/胡麻鯖 ",Southern mackerel; Pacific mackerel; Slimy mackerel; Spotted chub mackerel; Spotted mackerel; Chub mackerel; Common mackerel; Blue mackerel; Japanese mackerel ,J0414101,138.0,23.9,4.0,0.1,衛生福利部食品藥物管理署 台灣食品成分資料庫(食品營養成分資料庫)開放資料; 下載自 https://data.fda.gov.tw/data/opendata/export/20/csv (政府資料開放平臺 data.gov.tw dataset id 8543 / TFDA opendata InfoId=20); 查詢頁 https://consumer.fda.gov.tw/Food/TFND.aspx?nodeID=178 ; 整合編號=J0414101 (樣品基本資料)
魚貝類,高麗馬加鰆,"破北,闊北,闊腹仔,高麗鰆,破腹 ",Compressed mackerel; Korean seerfish; Korean mackerel ,J0414201,119.0,19.4,4.0,0.3,衛生福利部食品藥物管理署 台灣食品成分資料庫(食品營養成分資料庫)開放資料; 下載自 https://data.fda.gov.tw/data/opendata/export/20/csv (政府資料開放平臺 data.gov.tw dataset id 8543 / TFDA opendata InfoId=20); 查詢頁 https://consumer.fda.gov.tw/Food/TFND.aspx?nodeID=178 ; 整合編號=J0414201 (樣品基本資料)
魚貝類,康氏馬加鰆切片(去皮),"土魠,馬加,馬鮫,梭齒,頭魠,鰆,土托,康氏馬發,塗魠(澎湖)",Spaniard; Spanish mackerel; Seer; Snook; Striped seer; Doggie; Cybium; Barred mackerel; Barred Spanish mackerel; Commerson's mackerel; Narrowbarred mackerel; King seer; Katonkel barracuda kuda; ,J0414301,193.0,18.7,12.5,0.0,衛生福利部食品藥物管理署 台灣食品成分資料庫(食品營養成分資料庫)開放資料; 下載自 https://data.fda.gov.tw/data/opendata/export/20/csv (政府資料開放平臺 data.gov.tw dataset id 8543 / TFDA opendata InfoId=20); 查詢頁 https://consumer.fda.gov.tw/Food/TFND.aspx?nodeID=178 ; 整合編號=J0414301 (樣品基本資料)
魚貝類,康氏馬加鰆切片(含皮),"土魠,馬加,馬鮫,梭齒,頭魠,鰆,土托,康氏馬發,塗魠(澎湖)",Spaniard; Spanish mackerel; Seer; Snook; Striped seer; Doggie; Cybium; Barred mackerel; Barred Spanish mackerel; Commerson's mackerel; Narrowbarred mackerel; King seer; Katonkel barracuda kuda; ,J0414401,176.0,19.3,10.4,1.5,衛生福利部食品藥物管理署 台灣食品成分資料庫(食品營養成分資料庫)開放資料; 下載自 https://data.fda.gov.tw/data/opendata/export/20/csv (政府資料開放平臺 data.gov.tw dataset id 8543 / TFDA opendata InfoId=20); 查詢頁 https://consumer.fda.gov.tw/Food/TFND.aspx?nodeID=178 ; 整合編號=J0414401 (樣品基本資料)
魚貝類,臺灣馬加鰆,"白北,白腹仔",Spotted tangingi; Spotted seerfish; Spotted seer; Spotted Spanish mackerel; Indo-Pacific king mackerel; Indian Spanish mackerel; Indo-Pacific Spanish mackerel ,J0414501,180.0,20.2,10.4,0.0,衛生福利部食品藥物管理署 台灣食品成分資料庫(食品營養成分資料庫)開放資料; 下載自 https://data.fda.gov.tw/data/opendata/export/20/csv (政府資料開放平臺 data.gov.tw dataset id 8543 / TFDA opendata InfoId=20); 查詢頁 https://consumer.fda.gov.tw/Food/TFND.aspx?nodeID=178 ; 整合編號=J0414501 (樣品基本資料)
魚貝類,鮪魚生魚片,,Tuna sashimi,J0414601,100.0,23.3,0.1,0.0,衛生福利部食品藥物管理署 台灣食品成分資料庫(食品營養成分資料庫)開放資料; 下載自 https://data.fda.gov.tw/data/opendata/export/20/csv (政府資料開放平臺 data.gov.tw dataset id 8543 / TFDA opendata InfoId=20); 查詢頁 https://consumer.fda.gov.tw/Food/TFND.aspx?nodeID=178 ; 整合編號=J0414601 (樣品基本資料)
魚貝類,鯖魚(生),,Mackerel,J0414701,417.0,14.4,39.4,0.2,衛生福利部食品藥物管理署 台灣食品成分資料庫(食品營養成分資料庫)開放資料; 下載自 https://data.fda.gov.tw/data/opendata/export/20/csv (政府資料開放平臺 data.gov.tw dataset id 8543 / TFDA opendata InfoId=20); 查詢頁 https://consumer.fda.gov.tw/Food/TFND.aspx?nodeID=178 ; 整合編號=J0414701 (樣品基本資料)
魚貝類,鯖魚(炒),,Mackerel,J0414801,410.0,16.7,37.6,0.1,衛生福利部食品藥物管理署 台灣食品成分資料庫(食品營養成分資料庫)開放資料; 下載自 https://data.fda.gov.tw/data/opendata/export/20/csv (政府資料開放平臺 data.gov.tw dataset id 8543 / TFDA opendata InfoId=20); 查詢頁 https://consumer.fda.gov.tw/Food/TFND.aspx?nodeID=178 ; 整合編號=J0414801 (樣品基本資料)
魚貝類,鯖魚(炸),,Mackerel,J0414802,555.0,17.2,53.4,0.1,衛生福利部食品藥物管理署 台灣食品成分資料庫(食品營養成分資料庫)開放資料; 下載自 https://data.fda.gov.tw/data/opendata/export/20/csv (政府資料開放平臺 data.gov.tw dataset id 8543 / TFDA opendata InfoId=20); 查詢頁 https://consumer.fda.gov.tw/Food/TFND.aspx?nodeID=178 ; 整合編號=J0414802 (樣品基本資料)
魚貝類,"鯖魚(烤,150度,10分)",,Mackerel,J0414803,412.0,16.5,37.8,0.0,衛生福利部食品藥物管理署 台灣食品成分資料庫(食品營養成分資料庫)開放資料; 下載自 https://data.fda.gov.tw/data/opendata/export/20/csv (政府資料開放平臺 data.gov.tw dataset id 8543 / TFDA opendata InfoId=20); 查詢頁 https://consumer.fda.gov.tw/Food/TFND.aspx?nodeID=178 ; 整合編號=J0414803 (樣品基本資料)
魚貝類,"鯖魚(烤,150度,20分)",,Mackerel,J0414804,396.0,19.1,34.8,0.0,衛生福利部食品藥物管理署 台灣食品成分資料庫(食品營養成分資料庫)開放資料; 下載自 https://data.fda.gov.tw/data/opendata/export/20/csv (政府資料開放平臺 data.gov.tw dataset id 8543 / TFDA opendata InfoId=20); 查詢頁 https://consumer.fda.gov.tw/Food/TFND.aspx?nodeID=178 ; 整合編號=J0414804 (樣品基本資料)
魚貝類,"鯖魚(烤,150度,30分)",,Mackerel,J0414805,536.0,19.9,50.0,0.0,衛生福利部食品藥物管理署 台灣食品成分資料庫(食品營養成分資料庫)開放資料; 下載自 https://data.fda.gov.tw/data/opendata/export/20/csv (政府資料開放平臺 data.gov.tw dataset id 8543 / TFDA opendata InfoId=20); 查詢頁 https://consumer.fda.gov.tw/Food/TFND.aspx?nodeID=178 ; 整合編號=J0414805 (樣品基本資料)
魚貝類,"鯖魚(烤,180度,10分)",,Mackerel,J0414806,373.0,20.2,31.8,0.0,衛生福利部食品藥物管理署 台灣食品成分資料庫(食品營養成分資料庫)開放資料; 下載自 https://data.fda.gov.tw/data/opendata/export/20/csv (政府資料開放平臺 data.gov.tw dataset id 8543 / TFDA opendata InfoId=20); 查詢頁 https://consumer.fda.gov.tw/Food/TFND.aspx?nodeID=178 ; 整合編號=J0414806 (樣品基本資料)
魚貝類,"鯖魚(烤,210度,10分)",,Mackerel,J0414807,472.0,19.0,43.4,0.0,衛生福利部食品藥物管理署 台灣食品成分資料庫(食品營養成分資料庫)開放資料; 下載自 https://data.fda.gov.tw/data/opendata/export/20/csv (政府資料開放平臺 data.gov.tw dataset id 8543 / TFDA opendata InfoId=20); 查詢頁 https://consumer.fda.gov.tw/Food/TFND.aspx?nodeID=178 ; 整合編號=J0414807 (樣品基本資料)
魚貝類,鯖魚(煮),,Mackerel,J0414808,375.0,14.9,34.5,0.4,衛生福利部食品藥物管理署 台灣食品成分資料庫(食品營養成分資料庫)開放資料; 下載自 https://data.fda.gov.tw/data/opendata/export/20/csv (政府資料開放平臺 data.gov.tw dataset id 8543 / TFDA opendata InfoId=20); 查詢頁 https://consumer.fda.gov.tw/Food/TFND.aspx?nodeID=178 ; 整合編號=J0414808 (樣品基本資料)
魚貝類,鯖魚(煎),,Mackerel,J0414809,403.0,20.0,35.9,0.0,衛生福利部食品藥物管理署 台灣食品成分資料庫(食品營養成分資料庫)開放資料; 下載自 https://data.fda.gov.tw/data/opendata/export/20/csv (政府資料開放平臺 data.gov.tw dataset id 8543 / TFDA opendata InfoId=20); 查詢頁 https://consumer.fda.gov.tw/Food/TFND.aspx?nodeID=178 ; 整合編號=J0414809 (樣品基本資料)
魚貝類,鯖魚(蒸),,Mackerel,J0414810,392.0,14.6,36.5,0.7,衛生福利部食品藥物管理署 台灣食品成分資料庫(食品營養成分資料庫)開放資料; 下載自 https://data.fda.gov.tw/data/opendata/export/20/csv (政府資料開放平臺 data.gov.tw dataset id 8543 / TFDA opendata InfoId=20); 查詢頁 https://consumer.fda.gov.tw/Food/TFND.aspx?nodeID=178 ; 整合編號=J0414810 (樣品基本資料)
魚貝類,旗魚切片,"翹翅仔,白肉旗魚,闊胸仔,立翅旗魚,白皮丁挽,白皮旗魚",Short nosed sword fish; Pacific black marlin; Silver marlin; Silver marlin fish; Short-nosed swordfish; Black marlin fish; Black marlin; Giant black marlin; Marlin ,J0414901,111.0,26.0,0.0,0.8,衛生福利部食品藥物管理署 台灣食品成分資料庫(食品營養成分資料庫)開放資料; 下載自 https://data.fda.gov.tw/data/opendata/export/20/csv (政府資料開放平臺 data.gov.tw dataset id 8543 / TFDA opendata InfoId=20); 查詢頁 https://consumer.fda.gov.tw/Food/TFND.aspx?nodeID=178 ; 整合編號=J0414901 (樣品基本資料)
魚貝類,旗魚腹肉,"翹翅仔,白肉旗魚,闊胸仔,立翅旗魚,白皮丁挽,白皮旗魚",Short nosed sword fish; Pacific black marlin; Silver marlin; Silver marlin fish; Short-nosed swordfish; Black marlin fish; Black marlin; Giant black marlin; Marlin ,J0414902,105.0,22.2,1.1,0.0,衛生福利部食品藥物管理署 台灣食品成分資料庫(食品營養成分資料庫)開放資料; 下載自 https://data.fda.gov.tw/data/opendata/export/20/csv (政府資料開放平臺 data.gov.tw dataset id 8543 / TFDA opendata InfoId=20); 查詢頁 https://consumer.fda.gov.tw/Food/TFND.aspx?nodeID=178 ; 整合編號=J0414902 (樣品基本資料)
魚貝類,刺鯧(去皮),"肉魚,肉鯽仔,土肉,肉鯽,瓜仔鯧,刺鯧",Japanese butterfish; Melon seed ,J0415001,95.0,18.8,1.6,0.1,衛生福利部食品藥物管理署 台灣食品成分資料庫(食品營養成分資料庫)開放資料; 下載自 https://data.fda.gov.tw/data/opendata/export/20/csv (政府資料開放平臺 data.gov.tw dataset id 8543 / TFDA opendata InfoId=20); 查詢頁 https://consumer.fda.gov.tw/Food/TFND.aspx?nodeID=178 ; 整合編號=J0415001 (樣品基本資料)
魚貝類,刺鯧(含皮),"肉魚,肉鯽仔,土肉,肉鯽,瓜仔鯧,刺鯧",Japanese butterfish; Melon seed ,J0415101,155.0,17.8,8.7,0.0,衛生福利部食品藥物管理署 台灣食品成分資料庫(食品營養成分資料庫)開放資料; 下載自 https://data.fda.gov.tw/data/opendata/export/20/csv (政府資料開放平臺 data.gov.tw dataset id 8543 / TFDA opendata InfoId=20); 查詢頁 https://consumer.fda.gov.tw/Food/TFND.aspx?nodeID=178 ; 整合編號=J0415101 (樣品基本資料)
魚貝類,星斑真鯧,"(市售稱""花鯧"")",Starry butterfish ,J0415201,214.0,15.6,16.3,0.0,衛生福利部食品藥物管理署 台灣食品成分資料庫(食品營養成分資料庫)開放資料; 下載自 https://data.fda.gov.tw/data/opendata/export/20/csv (政府資料開放平臺 data.gov.tw dataset id 8543 / TFDA opendata InfoId=20); 查詢頁 https://consumer.fda.gov.tw/Food/TFND.aspx?nodeID=178 ; 整合編號=J0415201 (樣品基本資料)
魚貝類,銀鯧平均值(去皮),"白(正/暗)鯧,白鯧魚,鯧仔魚,黑鰭,車片魚",Harvest fish; Silver pomfret; White pomfret,J04153,115.0,17.7,4.4,0.2,衛生福利部食品藥物管理署 台灣食品成分資料庫(食品營養成分資料庫)開放資料; 下載自 https://data.fda.gov.tw/data/opendata/export/20/csv (政府資料開放平臺 data.gov.tw dataset id 8543 / TFDA opendata InfoId=20); 查詢頁 https://consumer.fda.gov.tw/Food/TFND.aspx?nodeID=178 ; 整合編號=J04153 (樣品平均值)
魚貝類,銀鯧(2月),"白鯧,正鯧,銀鯧,支子",Silver pomfret; White pomfret,J0415301,123.0,17.9,5.1,0.0,衛生福利部食品藥物管理署 台灣食品成分資料庫(食品營養成分資料庫)開放資料; 下載自 https://data.fda.gov.tw/data/opendata/export/20/csv (政府資料開放平臺 data.gov.tw dataset id 8543 / TFDA opendata InfoId=20); 查詢頁 https://consumer.fda.gov.tw/Food/TFND.aspx?nodeID=178 ; 整合編號=J0415301 (樣品基本資料)
魚貝類,銀鯧(3月),"白鯧,正鯧,銀鯧,支子",Silver pomfret; White pomfret,J0415302,120.0,17.6,5.0,0.7,衛生福利部食品藥物管理署 台灣食品成分資料庫(食品營養成分資料庫)開放資料; 下載自 https://data.fda.gov.tw/data/opendata/export/20/csv (政府資料開放平臺 data.gov.tw dataset id 8543 / TFDA opendata InfoId=20); 查詢頁 https://consumer.fda.gov.tw/Food/TFND.aspx?nodeID=178 ; 整合編號=J0415302 (樣品基本資料)
魚貝類,銀鯧(5月),"白鯧,正鯧,銀鯧,支子",Silver pomfret; White pomfret,J0415303,105.0,16.4,3.9,0.0,衛生福利部食品藥物管理署 台灣食品成分資料庫(食品營養成分資料庫)開放資料; 下載自 https://data.fda.gov.tw/data/opendata/export/20/csv (政府資料開放平臺 data.gov.tw dataset id 8543 / TFDA opendata InfoId=20); 查詢頁 https://consumer.fda.gov.tw/Food/TFND.aspx?nodeID=178 ; 整合編號=J0415303 (樣品基本資料)
魚貝類,銀鯧(8月),"白鯧,正鯧,銀鯧,支子",Silver pomfret; White pomfret,J0415304,101.0,17.7,2.9,1.6,衛生福利部食品藥物管理署 台灣食品成分資料庫(食品營養成分資料庫)開放資料; 下載自 https://data.fda.gov.tw/data/opendata/export/20/csv (政府資料開放平臺 data.gov.tw dataset id 8543 / TFDA opendata InfoId=20); 查詢頁 https://consumer.fda.gov.tw/Food/TFND.aspx?nodeID=178 ; 整合編號=J0415304 (樣品基本資料)
魚貝類,銀鯧(12月),"白鯧,正鯧,銀鯧,支子",Silver pomfret; White pomfret,J0415305,126.0,19.1,5.0,0.2,衛生福利部食品藥物管理署 台灣食品成分資料庫(食品營養成分資料庫)開放資料; 下載自 https://data.fda.gov.tw/data/opendata/export/20/csv (政府資料開放平臺 data.gov.tw dataset id 8543 / TFDA opendata InfoId=20); 查詢頁 https://consumer.fda.gov.tw/Food/TFND.aspx?nodeID=178 ; 整合編號=J0415305 (樣品基本資料)
魚貝類,銀鯧(含皮),"白鯧,正鯧,銀鯧,支子",Silver pomfret; White pomfret,J0415401,124.0,16.8,5.8,1.1,衛生福利部食品藥物管理署 台灣食品成分資料庫(食品營養成分資料庫)開放資料; 下載自 https://data.fda.gov.tw/data/opendata/export/20/csv (政府資料開放平臺 data.gov.tw dataset id 8543 / TFDA opendata InfoId=20); 查詢頁 https://consumer.fda.gov.tw/Food/TFND.aspx?nodeID=178 ; 整合編號=J0415401 (樣品基本資料)
魚貝類,斑鱧,"鮕鮘,雷魚,南鱧,臺灣雷魚,臺灣魚虎",Snakehead ,J0415501,119.0,18.3,4.5,0.0,衛生福利部食品藥物管理署 台灣食品成分資料庫(食品營養成分資料庫)開放資料; 下載自 https://data.fda.gov.tw/data/opendata/export/20/csv (政府資料開放平臺 data.gov.tw dataset id 8543 / TFDA opendata InfoId=20); 查詢頁 https://consumer.fda.gov.tw/Food/TFND.aspx?nodeID=178 ; 整合編號=J0415501 (樣品基本資料)
魚貝類,大口鰜切片(含皮),"咬龍狗,左口,扁魚,皇帝魚,比目魚,咬網狗/肉瞇仔(澎湖)",Queensland halibut; Tropical halibut; Adalah; False halibut; Indian spiny turbot; Indian halibut ,J0415601,166.0,14.7,11.5,0.0,衛生福利部食品藥物管理署 台灣食品成分資料庫(食品營養成分資料庫)開放資料; 下載自 https://data.fda.gov.tw/data/opendata/export/20/csv (政府資料開放平臺 data.gov.tw dataset id 8543 / TFDA opendata InfoId=20); 查詢頁 https://consumer.fda.gov.tw/Food/TFND.aspx?nodeID=178 ; 整合編號=J0415601 (樣品基本資料)
魚貝類,鰈魚切片,大比目魚(扁鱈),,J0415701,201.0,13.2,16.1,0.0,衛生福利部食品藥物管理署 台灣食品成分資料庫(食品營養成分資料庫)開放資料; 下載自 https://data.fda.gov.tw/data/opendata/export/20/csv (政府資料開放平臺 data.gov.tw dataset id 8543 / TFDA opendata InfoId=20); 查詢頁 https://consumer.fda.gov.tw/Food/TFND.aspx?nodeID=178 ; 整合編號=J0415701 (樣品基本資料)
魚貝類,雙線鬚鰨,"牛舌,龍舌,扁魚,皇帝魚,比目魚",Patterned tongue-sole; Doublelined tonguesole; Double-lined tongue sole; Fingerlip tonguesole; Fringelip tonguefish ,J0415801,92.0,19.9,0.8,0.3,衛生福利部食品藥物管理署 台灣食品成分資料庫(食品營養成分資料庫)開放資料; 下載自 https://data.fda.gov.tw/data/opendata/export/20/csv (政府資料開放平臺 data.gov.tw dataset id 8543 / TFDA opendata InfoId=20); 查詢頁 https://consumer.fda.gov.tw/Food/TFND.aspx?nodeID=178 ; 整合編號=J0415801 (樣品基本資料)
魚貝類,單角革單棘魨(去皮),"白達仔,一角剝,薄葉剝,光復魚,剝皮魚,狄仔魚(興達),掃帚",Rough leatherjacket; Unicorn leatherjacket; Unicorn leather jacket; Unicorn filefish; Triggerfish; Batfish; Filefish ,J0415901,79.0,17.2,0.6,0.0,衛生福利部食品藥物管理署 台灣食品成分資料庫(食品營養成分資料庫)開放資料; 下載自 https://data.fda.gov.tw/data/opendata/export/20/csv (政府資料開放平臺 data.gov.tw dataset id 8543 / TFDA opendata InfoId=20); 查詢頁 https://consumer.fda.gov.tw/Food/TFND.aspx?nodeID=178 ; 整合編號=J0415901 (樣品基本資料)
魚貝類,單角革單棘魨(含皮),"白達仔,一角剝,薄葉剝,光復魚,剝皮魚,狄仔魚(興達),掃帚",Rough leatherjacket; Unicorn leatherjacket; Unicorn leather jacket; Unicorn filefish; Triggerfish; Batfish; Filefish ,J0416001,76.0,17.9,0.0,0.0,衛生福利部食品藥物管理署 台灣食品成分資料庫(食品營養成分資料庫)開放資料; 下載自 https://data.fda.gov.tw/data/opendata/export/20/csv (政府資料開放平臺 data.gov.tw dataset id 8543 / TFDA opendata InfoId=20); 查詢頁 https://consumer.fda.gov.tw/Food/TFND.aspx?nodeID=178 ; 整合編號=J0416001 (樣品基本資料)
魚貝類,克氏兔頭魨,"鯖河魨,煙仔規,黃魚規,烏魚規,青皮魚規,金紙規,規仔,金規(澎湖)",Blowfish ,J0416101,77.0,17.8,0.1,0.0,衛生福利部食品藥物管理署 台灣食品成分資料庫(食品營養成分資料庫)開放資料; 下載自 https://data.fda.gov.tw/data/opendata/export/20/csv (政府資料開放平臺 data.gov.tw dataset id 8543 / TFDA opendata InfoId=20); 查詢頁 https://consumer.fda.gov.tw/Food/TFND.aspx?nodeID=178 ; 整合編號=J0416101 (樣品基本資料)
魚貝類,翻車魨腹肉,"翻車魚,蜇魴,蜇魚,海蟲(澎湖),曼波(成功) ",Ocean sunfish; Sun-fish; Sunfish; Headfish; Giant sunfish; Moonfish; Mola ocean sunfish ,J0416201,47.0,10.2,0.4,0.7,衛生福利部食品藥物管理署 台灣食品成分資料庫(食品營養成分資料庫)開放資料; 下載自 https://data.fda.gov.tw/data/opendata/export/20/csv (政府資料開放平臺 data.gov.tw dataset id 8543 / TFDA opendata InfoId=20); 查詢頁 https://consumer.fda.gov.tw/Food/TFND.aspx?nodeID=178 ; 整合編號=J0416201 (樣品基本資料)
魚貝類,犬牙南極魚切片,"南極鱈,美露鱈,黑狗鱈,智利海鱸(圓鱈)",Antarctic toothfish或Patagonian toothfish,J0416301,282.0,12.1,25.5,0.0,衛生福利部食品藥物管理署 台灣食品成分資料庫(食品營養成分資料庫)開放資料; 下載自 https://data.fda.gov.tw/data/opendata/export/20/csv (政府資料開放平臺 data.gov.tw dataset id 8543 / TFDA opendata InfoId=20); 查詢頁 https://consumer.fda.gov.tw/Food/TFND.aspx?nodeID=178 ; 整合編號=J0416301 (樣品基本資料)
魚貝類,低眼無齒芒魚片(芒加魚邊),,,J0416401,76.0,14.2,1.7,0.0,衛生福利部食品藥物管理署 台灣食品成分資料庫(食品營養成分資料庫)開放資料; 下載自 https://data.fda.gov.tw/data/opendata/export/20/csv (政府資料開放平臺 data.gov.tw dataset id 8543 / TFDA opendata InfoId=20); 查詢頁 https://consumer.fda.gov.tw/Food/TFND.aspx?nodeID=178 ; 整合編號=J0416401 (樣品基本資料)
魚貝類,秋刀魚,"竹刀魚,山瑪魚",Pacific saury,J0416501,277.0,18.8,21.8,4.1,衛生福利部食品藥物管理署 台灣食品成分資料庫(食品營養成分資料庫)開放資料; 下載自 https://data.fda.gov.tw/data/opendata/export/20/csv (政府資料開放平臺 data.gov.tw dataset id 8543 / TFDA opendata InfoId=20); 查詢頁 https://consumer.fda.gov.tw/Food/TFND.aspx?nodeID=178 ; 整合編號=J0416501 (樣品基本資料)
魚貝類,毛鱗魚,"喜相逢,多春魚,樺太柳葉魚（日文）",Capelin,J0416601,145.0,14.1,9.4,0.4,衛生福利部食品藥物管理署 台灣食品成分資料庫(食品營養成分資料庫)開放資料; 下載自 https://data.fda.gov.tw/data/opendata/export/20/csv (政府資料開放平臺 data.gov.tw dataset id 8543 / TFDA opendata InfoId=20); 查詢頁 https://consumer.fda.gov.tw/Food/TFND.aspx?nodeID=178 ; 整合編號=J0416601 (樣品基本資料)
魚貝類,圓鱈魚鰓肉,,,J0600101,84.0,14.5,2.5,3.9,衛生福利部食品藥物管理署 台灣食品成分資料庫(食品營養成分資料庫)開放資料; 下載自 https://data.fda.gov.tw/data/opendata/export/20/csv (政府資料開放平臺 data.gov.tw dataset id 8543 / TFDA opendata InfoId=20); 查詢頁 https://consumer.fda.gov.tw/Food/TFND.aspx?nodeID=178 ; 整合編號=J0600101 (樣品基本資料)
魚貝類,鯛魚下巴,鯛魚喉,Tilapia chin,J0600201,245.0,16.1,19.6,0.0,衛生福利部食品藥物管理署 台灣食品成分資料庫(食品營養成分資料庫)開放資料; 下載自 https://data.fda.gov.tw/data/opendata/export/20/csv (政府資料開放平臺 data.gov.tw dataset id 8543 / TFDA opendata InfoId=20); 查詢頁 https://consumer.fda.gov.tw/Food/TFND.aspx?nodeID=178 ; 整合編號=J0600201 (樣品基本資料)
魚貝類,鯊魚翅,魚翅,Shark's fin,J0600301,186.0,43.5,0.0,0.0,衛生福利部食品藥物管理署 台灣食品成分資料庫(食品營養成分資料庫)開放資料; 下載自 https://data.fda.gov.tw/data/opendata/export/20/csv (政府資料開放平臺 data.gov.tw dataset id 8543 / TFDA opendata InfoId=20); 查詢頁 https://consumer.fda.gov.tw/Food/TFND.aspx?nodeID=178 ; 整合編號=J0600301 (樣品基本資料)
魚貝類,魚翅唇,,,J0600401,47.0,9.9,0.6,0.0,衛生福利部食品藥物管理署 台灣食品成分資料庫(食品營養成分資料庫)開放資料; 下載自 https://data.fda.gov.tw/data/opendata/export/20/csv (政府資料開放平臺 data.gov.tw dataset id 8543 / TFDA opendata InfoId=20); 查詢頁 https://consumer.fda.gov.tw/Food/TFND.aspx?nodeID=178 ; 整合編號=J0600401 (樣品基本資料)
魚貝類,翻車魨魚皮,"曼波魚皮,翻車魚皮",Ocean sunfish; Sun-fish; Sunfish; Headfish; Giant sunfish; Moonfish; Mola ocean sunfish ,J0600501,28.0,6.5,0.0,0.0,衛生福利部食品藥物管理署 台灣食品成分資料庫(食品營養成分資料庫)開放資料; 下載自 https://data.fda.gov.tw/data/opendata/export/20/csv (政府資料開放平臺 data.gov.tw dataset id 8543 / TFDA opendata InfoId=20); 查詢頁 https://consumer.fda.gov.tw/Food/TFND.aspx?nodeID=178 ; 整合編號=J0600501 (樣品基本資料)
魚貝類,鯊魚皮,,Shark skin,J0600601,54.0,12.4,0.2,0.0,衛生福利部食品藥物管理署 台灣食品成分資料庫(食品營養成分資料庫)開放資料; 下載自 https://data.fda.gov.tw/data/opendata/export/20/csv (政府資料開放平臺 data.gov.tw dataset id 8543 / TFDA opendata InfoId=20); 查詢頁 https://consumer.fda.gov.tw/Food/TFND.aspx?nodeID=178 ; 整合編號=J0600601 (樣品基本資料)
魚貝類,魚漿(旗魚),,,J0600701,110.0,16.8,1.3,7.8,衛生福利部食品藥物管理署 台灣食品成分資料庫(食品營養成分資料庫)開放資料; 下載自 https://data.fda.gov.tw/data/opendata/export/20/csv (政府資料開放平臺 data.gov.tw dataset id 8543 / TFDA opendata InfoId=20); 查詢頁 https://consumer.fda.gov.tw/Food/TFND.aspx?nodeID=178 ; 整合編號=J0600701 (樣品基本資料)
魚貝類,鮸魚卵(加工),,Brown croaker roe,J0700301,184.0,21.9,10.1,3.6,衛生福利部食品藥物管理署 台灣食品成分資料庫(食品營養成分資料庫)開放資料; 下載自 https://data.fda.gov.tw/data/opendata/export/20/csv (政府資料開放平臺 data.gov.tw dataset id 8543 / TFDA opendata InfoId=20); 查詢頁 https://consumer.fda.gov.tw/Food/TFND.aspx?nodeID=178 ; 整合編號=J0700301 (樣品基本資料)
魚貝類,鯔魚卵,烏魚卵,Common mullet egg; Flathead mullet egg; Grey mullet egg; Striped mullet egg,J0700401,256.0,26.3,15.9,3.2,衛生福利部食品藥物管理署 台灣食品成分資料庫(食品營養成分資料庫)開放資料; 下載自 https://data.fda.gov.tw/data/opendata/export/20/csv (政府資料開放平臺 data.gov.tw dataset id 8543 / TFDA opendata InfoId=20); 查詢頁 https://consumer.fda.gov.tw/Food/TFND.aspx?nodeID=178 ; 整合編號=J0700401 (樣品基本資料)
魚貝類,鰆魚卵,土魠魚卵,Barred Spanish mackerel egg; King mackerel egg; Narrowbarred spanish mackerel egg,J0700601,193.0,23.5,10.2,0.2,衛生福利部食品藥物管理署 台灣食品成分資料庫(食品營養成分資料庫)開放資料; 下載自 https://data.fda.gov.tw/data/opendata/export/20/csv (政府資料開放平臺 data.gov.tw dataset id 8543 / TFDA opendata InfoId=20); 查詢頁 https://consumer.fda.gov.tw/Food/TFND.aspx?nodeID=178 ; 整合編號=J0700601 (樣品基本資料)
魚貝類,鰹魚卵,,Bonito egg; Skipjack egg; Skipjack tuna egg,J0700701,184.0,21.5,10.2,0.6,衛生福利部食品藥物管理署 台灣食品成分資料庫(食品營養成分資料庫)開放資料; 下載自 https://data.fda.gov.tw/data/opendata/export/20/csv (政府資料開放平臺 data.gov.tw dataset id 8543 / TFDA opendata InfoId=20); 查詢頁 https://consumer.fda.gov.tw/Food/TFND.aspx?nodeID=178 ; 整合編號=J0700701 (樣品基本資料)
魚貝類,鯔魚精囊,鯔(烏)魚鰾(膘),Mullet swim bladder,J0702101,89.0,17.3,1.7,0.0,衛生福利部食品藥物管理署 台灣食品成分資料庫(食品營養成分資料庫)開放資料; 下載自 https://data.fda.gov.tw/data/opendata/export/20/csv (政府資料開放平臺 data.gov.tw dataset id 8543 / TFDA opendata InfoId=20); 查詢頁 https://consumer.fda.gov.tw/Food/TFND.aspx?nodeID=178 ; 整合編號=J0702101 (樣品基本資料)
魚貝類,鮟鱇魚肝,,Blackmouth angler liver,J0705101,136.0,13.6,8.6,1.9,衛生福利部食品藥物管理署 台灣食品成分資料庫(食品營養成分資料庫)開放資料; 下載自 https://data.fda.gov.tw/data/opendata/export/20/csv (政府資料開放平臺 data.gov.tw dataset id 8543 / TFDA opendata InfoId=20); 查詢頁 https://consumer.fda.gov.tw/Food/TFND.aspx?nodeID=178 ; 整合編號=J0705101 (樣品基本資料)
魚貝類,旗魚肚,,Marlin stomach or Sailfish stomach or Spearfish stomach,J0707101,99.0,22.5,0.4,2.9,衛生福利部食品藥物管理署 台灣食品成分資料庫(食品營養成分資料庫)開放資料; 下載自 https://data.fda.gov.tw/data/opendata/export/20/csv (政府資料開放平臺 data.gov.tw dataset id 8543 / TFDA opendata InfoId=20); 查詢頁 https://consumer.fda.gov.tw/Food/TFND.aspx?nodeID=178 ; 整合編號=J0707101 (樣品基本資料)
魚貝類,鮪魚肚,,Tuna stomach,J0707201,106.0,23.4,0.7,0.0,衛生福利部食品藥物管理署 台灣食品成分資料庫(食品營養成分資料庫)開放資料; 下載自 https://data.fda.gov.tw/data/opendata/export/20/csv (政府資料開放平臺 data.gov.tw dataset id 8543 / TFDA opendata InfoId=20); 查詢頁 https://consumer.fda.gov.tw/Food/TFND.aspx?nodeID=178 ; 整合編號=J0707201 (樣品基本資料)
魚貝類,小魚干,,,J0800101,335.0,69.2,4.4,0.0,衛生福利部食品藥物管理署 台灣食品成分資料庫(食品營養成分資料庫)開放資料; 下載自 https://data.fda.gov.tw/data/opendata/export/20/csv (政府資料開放平臺 data.gov.tw dataset id 8543 / TFDA opendata InfoId=20); 查詢頁 https://consumer.fda.gov.tw/Food/TFND.aspx?nodeID=178 ; 整合編號=J0800101 (樣品基本資料)
魚貝類,扁魚干,,Dried roughscale flounder,J0800201,354.0,66.3,7.9,1.1,衛生福利部食品藥物管理署 台灣食品成分資料庫(食品營養成分資料庫)開放資料; 下載自 https://data.fda.gov.tw/data/opendata/export/20/csv (政府資料開放平臺 data.gov.tw dataset id 8543 / TFDA opendata InfoId=20); 查詢頁 https://consumer.fda.gov.tw/Food/TFND.aspx?nodeID=178 ; 整合編號=J0800201 (樣品基本資料)
魚貝類,柴魚片,,Dried bonito flakes,J0800401,383.0,76.5,6.2,2.6,衛生福利部食品藥物管理署 台灣食品成分資料庫(食品營養成分資料庫)開放資料; 下載自 https://data.fda.gov.tw/data/opendata/export/20/csv (政府資料開放平臺 data.gov.tw dataset id 8543 / TFDA opendata InfoId=20); 查詢頁 https://consumer.fda.gov.tw/Food/TFND.aspx?nodeID=178 ; 整合編號=J0800401 (樣品基本資料)
魚貝類,羅氏沼蝦,"泰國蝦,泰國長臂大蝦,淡水長臂大蝦",Giant river shrimp (prawn),J2100101,88.0,20.3,0.2,0.2,衛生福利部食品藥物管理署 台灣食品成分資料庫(食品營養成分資料庫)開放資料; 下載自 https://data.fda.gov.tw/data/opendata/export/20/csv (政府資料開放平臺 data.gov.tw dataset id 8543 / TFDA opendata InfoId=20); 查詢頁 https://consumer.fda.gov.tw/Food/TFND.aspx?nodeID=178 ; 整合編號=J2100101 (樣品基本資料)
魚貝類,北方長額蝦(加工),"北極蝦,北極甜蝦,冷水蝦",,J2100201,122.0,19.9,4.1,2.7,衛生福利部食品藥物管理署 台灣食品成分資料庫(食品營養成分資料庫)開放資料; 下載自 https://data.fda.gov.tw/data/opendata/export/20/csv (政府資料開放平臺 data.gov.tw dataset id 8543 / TFDA opendata InfoId=20); 查詢頁 https://consumer.fda.gov.tw/Food/TFND.aspx?nodeID=178 ; 整合編號=J2100201 (樣品基本資料)
魚貝類,東方異腕蝦,"米諾蝦,鐵甲蝦,蝦母,大頭蝦",Armoured lobster,J2100301,78.0,17.7,0.3,0.0,衛生福利部食品藥物管理署 台灣食品成分資料庫(食品營養成分資料庫)開放資料; 下載自 https://data.fda.gov.tw/data/opendata/export/20/csv (政府資料開放平臺 data.gov.tw dataset id 8543 / TFDA opendata InfoId=20); 查詢頁 https://consumer.fda.gov.tw/Food/TFND.aspx?nodeID=178 ; 整合編號=J2100301 (樣品基本資料)
魚貝類,胭脂蝦,"文蝦(""葉狀擬鬚蝦或雄壯鬚蝦"")",,J2100401,114.0,13.8,6.1,0.7,衛生福利部食品藥物管理署 台灣食品成分資料庫(食品營養成分資料庫)開放資料; 下載自 https://data.fda.gov.tw/data/opendata/export/20/csv (政府資料開放平臺 data.gov.tw dataset id 8543 / TFDA opendata InfoId=20); 查詢頁 https://consumer.fda.gov.tw/Food/TFND.aspx?nodeID=178 ; 整合編號=J2100401 (樣品基本資料)
魚貝類,日本玻璃蝦,"水晶蝦,白丁",,J2100501,83.0,16.2,1.5,2.0,衛生福利部食品藥物管理署 台灣食品成分資料庫(食品營養成分資料庫)開放資料; 下載自 https://data.fda.gov.tw/data/opendata/export/20/csv (政府資料開放平臺 data.gov.tw dataset id 8543 / TFDA opendata InfoId=20); 查詢頁 https://consumer.fda.gov.tw/Food/TFND.aspx?nodeID=178 ; 整合編號=J2100501 (樣品基本資料)
魚貝類,相模後海螯蝦,"相模角蝦,小龍蝦,鐵甲蝦,角蝦,蝦猴",Sagami lobster,J2100601,79.0,17.9,0.3,0.0,衛生福利部食品藥物管理署 台灣食品成分資料庫(食品營養成分資料庫)開放資料; 下載自 https://data.fda.gov.tw/data/opendata/export/20/csv (政府資料開放平臺 data.gov.tw dataset id 8543 / TFDA opendata InfoId=20); 查詢頁 https://consumer.fda.gov.tw/Food/TFND.aspx?nodeID=178 ; 整合編號=J2100601 (樣品基本資料)
魚貝類,中國對蝦,對蝦;明蝦;大蝦;黃蝦;青蝦;大正蝦,Kuruma shrimp; Flesh prawn,J2100701,84.0,19.3,0.2,1.0,衛生福利部食品藥物管理署 台灣食品成分資料庫(食品營養成分資料庫)開放資料; 下載自 https://data.fda.gov.tw/data/opendata/export/20/csv (政府資料開放平臺 data.gov.tw dataset id 8543 / TFDA opendata InfoId=20); 查詢頁 https://consumer.fda.gov.tw/Food/TFND.aspx?nodeID=178 ; 整合編號=J2100701 (樣品基本資料)
魚貝類,日本對蝦平均值,"斑節蝦,雷公蝦,明蝦,九節蝦",Japanese king prawn; Japanese tiger prawn; Kuruma prawn; Striped prawn,J21008,97.0,21.3,0.7,0.4,衛生福利部食品藥物管理署 台灣食品成分資料庫(食品營養成分資料庫)開放資料; 下載自 https://data.fda.gov.tw/data/opendata/export/20/csv (政府資料開放平臺 data.gov.tw dataset id 8543 / TFDA opendata InfoId=20); 查詢頁 https://consumer.fda.gov.tw/Food/TFND.aspx?nodeID=178 ; 整合編號=J21008 (樣品平均值)
魚貝類,日本對蝦(大),"斑節蝦,雷公蝦,明蝦,九節蝦",Japanese king prawn; Japanese tiger prawn; Kuruma prawn; Striped prawn,J2100801,97.0,21.6,0.5,0.0,衛生福利部食品藥物管理署 台灣食品成分資料庫(食品營養成分資料庫)開放資料; 下載自 https://data.fda.gov.tw/data/opendata/export/20/csv (政府資料開放平臺 data.gov.tw dataset id 8543 / TFDA opendata InfoId=20); 查詢頁 https://consumer.fda.gov.tw/Food/TFND.aspx?nodeID=178 ; 整合編號=J2100801 (樣品基本資料)
魚貝類,日本對蝦(小),"斑節蝦,雷公蝦,明蝦,九節蝦",Japanese king prawn; Japanese tiger prawn; Kuruma prawn; Striped prawn,J2100802,96.0,20.9,0.8,1.8,衛生福利部食品藥物管理署 台灣食品成分資料庫(食品營養成分資料庫)開放資料; 下載自 https://data.fda.gov.tw/data/opendata/export/20/csv (政府資料開放平臺 data.gov.tw dataset id 8543 / TFDA opendata InfoId=20); 查詢頁 https://consumer.fda.gov.tw/Food/TFND.aspx?nodeID=178 ; 整合編號=J2100802 (樣品基本資料)
魚貝類,白對蝦平均值,"南美白蝦,美洲白蝦,南美白對蝦,白蝦",Pacific white shrimp　,J21009,99.0,21.3,0.9,0.0,衛生福利部食品藥物管理署 台灣食品成分資料庫(食品營養成分資料庫)開放資料; 下載自 https://data.fda.gov.tw/data/opendata/export/20/csv (政府資料開放平臺 data.gov.tw dataset id 8543 / TFDA opendata InfoId=20); 查詢頁 https://consumer.fda.gov.tw/Food/TFND.aspx?nodeID=178 ; 整合編號=J21009 (樣品平均值)
魚貝類,白對蝦(大),"南美白蝦,美洲白蝦,南美白對蝦,白蝦",Pacific white shrimp　,J2100901,109.0,22.3,1.5,0.0,衛生福利部食品藥物管理署 台灣食品成分資料庫(食品營養成分資料庫)開放資料; 下載自 https://data.fda.gov.tw/data/opendata/export/20/csv (政府資料開放平臺 data.gov.tw dataset id 8543 / TFDA opendata InfoId=20); 查詢頁 https://consumer.fda.gov.tw/Food/TFND.aspx?nodeID=178 ; 整合編號=J2100901 (樣品基本資料)
魚貝類,白對蝦(小),"南美白蝦,美洲白蝦,南美白對蝦,白蝦",Pacific white shrimp　,J2100902,96.0,21.4,0.5,0.0,衛生福利部食品藥物管理署 台灣食品成分資料庫(食品營養成分資料庫)開放資料; 下載自 https://data.fda.gov.tw/data/opendata/export/20/csv (政府資料開放平臺 data.gov.tw dataset id 8543 / TFDA opendata InfoId=20); 查詢頁 https://consumer.fda.gov.tw/Food/TFND.aspx?nodeID=178 ; 整合編號=J2100902 (樣品基本資料)
魚貝類,白對蝦(小)(2022年取樣),"南美白蝦,美洲白蝦,南美白對蝦,白蝦","Pacific white shrimp, raw",J2100903,93.0,20.3,0.7,1.3,衛生福利部食品藥物管理署 台灣食品成分資料庫(食品營養成分資料庫)開放資料; 下載自 https://data.fda.gov.tw/data/opendata/export/20/csv (政府資料開放平臺 data.gov.tw dataset id 8543 / TFDA opendata InfoId=20); 查詢頁 https://consumer.fda.gov.tw/Food/TFND.aspx?nodeID=178 ; 整合編號=J2100903 (樣品基本資料)
魚貝類,哈氏彷對蝦,"長角仿對蝦,劍蝦,紅(正)劍,硬槍蝦",Hard spear prawn; Spear shrimp; Sword prawn,J2101001,82.0,18.7,0.2,0.6,衛生福利部食品藥物管理署 台灣食品成分資料庫(食品營養成分資料庫)開放資料; 下載自 https://data.fda.gov.tw/data/opendata/export/20/csv (政府資料開放平臺 data.gov.tw dataset id 8543 / TFDA opendata InfoId=20); 查詢頁 https://consumer.fda.gov.tw/Food/TFND.aspx?nodeID=178 ; 整合編號=J2101001 (樣品基本資料)
魚貝類,草對蝦,草蝦;烏斑節仔,Ghost prawn; Giant tiger prawn; Grass shrimp; Jumbo prawn; Leader prawn; Panda,J2101101,100.0,22.0,0.7,1.0,衛生福利部食品藥物管理署 台灣食品成分資料庫(食品營養成分資料庫)開放資料; 下載自 https://data.fda.gov.tw/data/opendata/export/20/csv (政府資料開放平臺 data.gov.tw dataset id 8543 / TFDA opendata InfoId=20); 查詢頁 https://consumer.fda.gov.tw/Food/TFND.aspx?nodeID=178 ; 整合編號=J2101101 (樣品基本資料)
魚貝類,藍對蝦,藍蝦,,J2101201,95.0,20.9,0.6,0.0,衛生福利部食品藥物管理署 台灣食品成分資料庫(食品營養成分資料庫)開放資料; 下載自 https://data.fda.gov.tw/data/opendata/export/20/csv (政府資料開放平臺 data.gov.tw dataset id 8543 / TFDA opendata InfoId=20); 查詢頁 https://consumer.fda.gov.tw/Food/TFND.aspx?nodeID=178 ; 整合編號=J2101201 (樣品基本資料)
魚貝類,鬚赤蝦,"鬚赤對蝦,厚殼蝦(仔),火燒蝦,狗蝦,大厚殼",Whiskered velvet shrimp,J2101301,92.0,20.7,0.4,0.6,衛生福利部食品藥物管理署 台灣食品成分資料庫(食品營養成分資料庫)開放資料; 下載自 https://data.fda.gov.tw/data/opendata/export/20/csv (政府資料開放平臺 data.gov.tw dataset id 8543 / TFDA opendata InfoId=20); 查詢頁 https://consumer.fda.gov.tw/Food/TFND.aspx?nodeID=178 ; 整合編號=J2101301 (樣品基本資料)
魚貝類,大管鞭蝦,"憂鬱管鞭蝦,大頭紅蝦,大頭蝦,紅中蝦,蔥頭蝦",Big head prawn,J2101401,88.0,19.8,0.3,0.6,衛生福利部食品藥物管理署 台灣食品成分資料庫(食品營養成分資料庫)開放資料; 下載自 https://data.fda.gov.tw/data/opendata/export/20/csv (政府資料開放平臺 data.gov.tw dataset id 8543 / TFDA opendata InfoId=20); 查詢頁 https://consumer.fda.gov.tw/Food/TFND.aspx?nodeID=178 ; 整合編號=J2101401 (樣品基本資料)
魚貝類,隆脊管鞭蝦,"大頭紅蝦,大頭蝦,紅蝦,蔥頭蝦",Big head prawn ,J2101501,96.0,22.1,0.2,0.6,衛生福利部食品藥物管理署 台灣食品成分資料庫(食品營養成分資料庫)開放資料; 下載自 https://data.fda.gov.tw/data/opendata/export/20/csv (政府資料開放平臺 data.gov.tw dataset id 8543 / TFDA opendata InfoId=20); 查詢頁 https://consumer.fda.gov.tw/Food/TFND.aspx?nodeID=178 ; 整合編號=J2101501 (樣品基本資料)
魚貝類,螳螂蝦,"蝦蛄,蝦猴,蝦姑仔,攋尿蝦(常誤寫為瀨或賴)",Edible mantis shrimp,J2101601,67.0,14.7,0.5,0.0,衛生福利部食品藥物管理署 台灣食品成分資料庫(食品營養成分資料庫)開放資料; 下載自 https://data.fda.gov.tw/data/opendata/export/20/csv (政府資料開放平臺 data.gov.tw dataset id 8543 / TFDA opendata InfoId=20); 查詢頁 https://consumer.fda.gov.tw/Food/TFND.aspx?nodeID=178 ; 整合編號=J2101601 (樣品基本資料)
魚貝類,日本龍蝦,龍蝦;台灣龍蝦;紅腳蝦;紅殼仔;正龍蝦;紅龍蝦,Japanese spiny lobster; Spiny lobster,J2101701,93.0,21.5,0.1,1.0,衛生福利部食品藥物管理署 台灣食品成分資料庫(食品營養成分資料庫)開放資料; 下載自 https://data.fda.gov.tw/data/opendata/export/20/csv (政府資料開放平臺 data.gov.tw dataset id 8543 / TFDA opendata InfoId=20); 查詢頁 https://consumer.fda.gov.tw/Food/TFND.aspx?nodeID=178 ; 整合編號=J2101701 (樣品基本資料)
魚貝類,正櫻蝦(生),"櫻花蝦,花殼仔,櫻桃蝦,玫瑰蝦,火焰蝦 ",Sergestid shrimp,J2101801,88.0,17.9,1.3,0.0,衛生福利部食品藥物管理署 台灣食品成分資料庫(食品營養成分資料庫)開放資料; 下載自 https://data.fda.gov.tw/data/opendata/export/20/csv (政府資料開放平臺 data.gov.tw dataset id 8543 / TFDA opendata InfoId=20); 查詢頁 https://consumer.fda.gov.tw/Food/TFND.aspx?nodeID=178 ; 整合編號=J2101801 (樣品基本資料)
魚貝類,正櫻蝦(熟),"櫻花蝦,花殼仔,櫻桃蝦,玫瑰蝦,火焰蝦 ",Sergestid shrimp,J2101901,97.0,19.6,1.4,0.0,衛生福利部食品藥物管理署 台灣食品成分資料庫(食品營養成分資料庫)開放資料; 下載自 https://data.fda.gov.tw/data/opendata/export/20/csv (政府資料開放平臺 data.gov.tw dataset id 8543 / TFDA opendata InfoId=20); 查詢頁 https://consumer.fda.gov.tw/Food/TFND.aspx?nodeID=178 ; 整合編號=J2101901 (樣品基本資料)
魚貝類,正櫻蝦乾,"櫻花蝦,花殼仔,櫻桃蝦,玫瑰蝦,火焰蝦 ",Sergestid shrimp,J2102001,253.0,52.6,3.1,13.4,衛生福利部食品藥物管理署 台灣食品成分資料庫(食品營養成分資料庫)開放資料; 下載自 https://data.fda.gov.tw/data/opendata/export/20/csv (政府資料開放平臺 data.gov.tw dataset id 8543 / TFDA opendata InfoId=20); 查詢頁 https://consumer.fda.gov.tw/Food/TFND.aspx?nodeID=178 ; 整合編號=J2102001 (樣品基本資料)
魚貝類,大頭蝦仁,,Big head shelled shrimp ,J2200101,40.0,8.8,0.2,0.0,衛生福利部食品藥物管理署 台灣食品成分資料庫(食品營養成分資料庫)開放資料; 下載自 https://data.fda.gov.tw/data/opendata/export/20/csv (政府資料開放平臺 data.gov.tw dataset id 8543 / TFDA opendata InfoId=20); 查詢頁 https://consumer.fda.gov.tw/Food/TFND.aspx?nodeID=178 ; 整合編號=J2200101 (樣品基本資料)
魚貝類,明蝦仁,,Shelled shrimp,J2200201,52.0,11.9,0.1,0.0,衛生福利部食品藥物管理署 台灣食品成分資料庫(食品營養成分資料庫)開放資料; 下載自 https://data.fda.gov.tw/data/opendata/export/20/csv (政府資料開放平臺 data.gov.tw dataset id 8543 / TFDA opendata InfoId=20); 查詢頁 https://consumer.fda.gov.tw/Food/TFND.aspx?nodeID=178 ; 整合編號=J2200201 (樣品基本資料)
魚貝類,紅蝦仁,,Shelled shrimp,J2200301,43.0,9.5,0.3,1.5,衛生福利部食品藥物管理署 台灣食品成分資料庫(食品營養成分資料庫)開放資料; 下載自 https://data.fda.gov.tw/data/opendata/export/20/csv (政府資料開放平臺 data.gov.tw dataset id 8543 / TFDA opendata InfoId=20); 查詢頁 https://consumer.fda.gov.tw/Food/TFND.aspx?nodeID=178 ; 整合編號=J2200301 (樣品基本資料)
魚貝類,海鱸蝦仁,,Shelled shrimp,J2200401,73.0,16.3,0.4,1.3,衛生福利部食品藥物管理署 台灣食品成分資料庫(食品營養成分資料庫)開放資料; 下載自 https://data.fda.gov.tw/data/opendata/export/20/csv (政府資料開放平臺 data.gov.tw dataset id 8543 / TFDA opendata InfoId=20); 查詢頁 https://consumer.fda.gov.tw/Food/TFND.aspx?nodeID=178 ; 整合編號=J2200401 (樣品基本資料)
魚貝類,草蝦仁,,Grass shelled shrimp,J2200501,44.0,9.7,0.3,0.9,衛生福利部食品藥物管理署 台灣食品成分資料庫(食品營養成分資料庫)開放資料; 下載自 https://data.fda.gov.tw/data/opendata/export/20/csv (政府資料開放平臺 data.gov.tw dataset id 8543 / TFDA opendata InfoId=20); 查詢頁 https://consumer.fda.gov.tw/Food/TFND.aspx?nodeID=178 ; 整合編號=J2200501 (樣品基本資料)
魚貝類,鳳尾蝦仁,,Shelled shrimp,J2200601,64.0,13.4,0.8,0.3,衛生福利部食品藥物管理署 台灣食品成分資料庫(食品營養成分資料庫)開放資料; 下載自 https://data.fda.gov.tw/data/opendata/export/20/csv (政府資料開放平臺 data.gov.tw dataset id 8543 / TFDA opendata InfoId=20); 查詢頁 https://consumer.fda.gov.tw/Food/TFND.aspx?nodeID=178 ; 整合編號=J2200601 (樣品基本資料)
魚貝類,鬚赤蝦仁,火燒蝦仁,,J2200701,80.0,17.1,0.7,0.0,衛生福利部食品藥物管理署 台灣食品成分資料庫(食品營養成分資料庫)開放資料; 下載自 https://data.fda.gov.tw/data/opendata/export/20/csv (政府資料開放平臺 data.gov.tw dataset id 8543 / TFDA opendata InfoId=20); 查詢頁 https://consumer.fda.gov.tw/Food/TFND.aspx?nodeID=178 ; 整合編號=J2200701 (樣品基本資料)
魚貝類,蝦皮,,Small shrimp shell,J2300101,155.0,33.6,1.3,2.7,衛生福利部食品藥物管理署 台灣食品成分資料庫(食品營養成分資料庫)開放資料; 下載自 https://data.fda.gov.tw/data/opendata/export/20/csv (政府資料開放平臺 data.gov.tw dataset id 8543 / TFDA opendata InfoId=20); 查詢頁 https://consumer.fda.gov.tw/Food/TFND.aspx?nodeID=178 ; 整合編號=J2300101 (樣品基本資料)
魚貝類,蝦米,,Shrimp,J2300201,264.0,57.1,2.2,0.0,衛生福利部食品藥物管理署 台灣食品成分資料庫(食品營養成分資料庫)開放資料; 下載自 https://data.fda.gov.tw/data/opendata/export/20/csv (政府資料開放平臺 data.gov.tw dataset id 8543 / TFDA opendata InfoId=20); 查詢頁 https://consumer.fda.gov.tw/Food/TFND.aspx?nodeID=178 ; 整合編號=J2300201 (樣品基本資料)
魚貝類,金鉤蝦乾,"海米,扁米,開洋",,J2300301,257.0,54.6,2.6,0.0,衛生福利部食品藥物管理署 台灣食品成分資料庫(食品營養成分資料庫)開放資料; 下載自 https://data.fda.gov.tw/data/opendata/export/20/csv (政府資料開放平臺 data.gov.tw dataset id 8543 / TFDA opendata InfoId=20); 查詢頁 https://consumer.fda.gov.tw/Food/TFND.aspx?nodeID=178 ; 整合編號=J2300301 (樣品基本資料)
魚貝類,紅蟳,"青蟳(蟹)(交配後卵巢成熟雌蟹),菜蟳",Indo-pacific swamp carb; Mangrove carb; Mud carb,J2500101,122.0,20.9,3.6,6.5,衛生福利部食品藥物管理署 台灣食品成分資料庫(食品營養成分資料庫)開放資料; 下載自 https://data.fda.gov.tw/data/opendata/export/20/csv (政府資料開放平臺 data.gov.tw dataset id 8543 / TFDA opendata InfoId=20); 查詢頁 https://consumer.fda.gov.tw/Food/TFND.aspx?nodeID=178 ; 整合編號=J2500101 (樣品基本資料)
魚貝類,蛙形蟹,"旭蟹,蝦姑頭,候貝切,紅面猴,海臭蟲,西姑麻",Crimson crab; Frog crab; Snanner crab,J2500201,72.0,16.6,0.1,2.8,衛生福利部食品藥物管理署 台灣食品成分資料庫(食品營養成分資料庫)開放資料; 下載自 https://data.fda.gov.tw/data/opendata/export/20/csv (政府資料開放平臺 data.gov.tw dataset id 8543 / TFDA opendata InfoId=20); 查詢頁 https://consumer.fda.gov.tw/Food/TFND.aspx?nodeID=178 ; 整合編號=J2500201 (樣品基本資料)
魚貝類,蟹腳肉,,Crab meat,J2600101,53.0,11.6,0.3,1.2,衛生福利部食品藥物管理署 台灣食品成分資料庫(食品營養成分資料庫)開放資料; 下載自 https://data.fda.gov.tw/data/opendata/export/20/csv (政府資料開放平臺 data.gov.tw dataset id 8543 / TFDA opendata InfoId=20); 查詢頁 https://consumer.fda.gov.tw/Food/TFND.aspx?nodeID=178 ; 整合編號=J2600101 (樣品基本資料)
魚貝類,竹蟶(冷凍),"竹蛤,竹蚶,蟶仔,竹節蟶",Gould's Jackknife Clam,J3100101,42.0,9.0,0.3,1.2,衛生福利部食品藥物管理署 台灣食品成分資料庫(食品營養成分資料庫)開放資料; 下載自 https://data.fda.gov.tw/data/opendata/export/20/csv (政府資料開放平臺 data.gov.tw dataset id 8543 / TFDA opendata InfoId=20); 查詢頁 https://consumer.fda.gov.tw/Food/TFND.aspx?nodeID=178 ; 整合編號=J3100101 (樣品基本資料)
魚貝類,真牡蠣平均值,"正(大/長/鑄大)牡蠣,正(青)蚵,蚵仔,蚵,蠔",Giant pacific oyster; Japanese oyster,J31002,54.0,9.4,1.6,4.2,衛生福利部食品藥物管理署 台灣食品成分資料庫(食品營養成分資料庫)開放資料; 下載自 https://data.fda.gov.tw/data/opendata/export/20/csv (政府資料開放平臺 data.gov.tw dataset id 8543 / TFDA opendata InfoId=20); 查詢頁 https://consumer.fda.gov.tw/Food/TFND.aspx?nodeID=178 ; 整合編號=J31002 (樣品平均值)
魚貝類,真牡蠣,"正(大/長/鑄大)牡蠣,正(青)蚵,蚵仔,蚵,蠔",Giant pacific oyster; Japanese oyster,J3100201,49.0,9.0,1.2,1.8,衛生福利部食品藥物管理署 台灣食品成分資料庫(食品營養成分資料庫)開放資料; 下載自 https://data.fda.gov.tw/data/opendata/export/20/csv (政府資料開放平臺 data.gov.tw dataset id 8543 / TFDA opendata InfoId=20); 查詢頁 https://consumer.fda.gov.tw/Food/TFND.aspx?nodeID=178 ; 整合編號=J3100201 (樣品基本資料)
魚貝類,帶殼真牡蠣(生蠔),"正(大/長/鑄大)牡蠣,正(青)蚵,蚵仔,蚵,蠔",Giant pacific oyster; Japanese oyster,J3100202,59.0,9.8,1.9,6.7,衛生福利部食品藥物管理署 台灣食品成分資料庫(食品營養成分資料庫)開放資料; 下載自 https://data.fda.gov.tw/data/opendata/export/20/csv (政府資料開放平臺 data.gov.tw dataset id 8543 / TFDA opendata InfoId=20); 查詢頁 https://consumer.fda.gov.tw/Food/TFND.aspx?nodeID=178 ; 整合編號=J3100202 (樣品基本資料)
魚貝類,黑齒牡蠣,石蚵,Oyster,J3100301,55.0,9.7,1.5,3.1,衛生福利部食品藥物管理署 台灣食品成分資料庫(食品營養成分資料庫)開放資料; 下載自 https://data.fda.gov.tw/data/opendata/export/20/csv (政府資料開放平臺 data.gov.tw dataset id 8543 / TFDA opendata InfoId=20); 查詢頁 https://consumer.fda.gov.tw/Food/TFND.aspx?nodeID=178 ; 整合編號=J3100301 (樣品基本資料)
魚貝類,蝦夷海扇蛤,"扇貝,立帆蛤,帆立貝",Yesso Scallop ,J3100401,70.0,13.7,1.2,2.3,衛生福利部食品藥物管理署 台灣食品成分資料庫(食品營養成分資料庫)開放資料; 下載自 https://data.fda.gov.tw/data/opendata/export/20/csv (政府資料開放平臺 data.gov.tw dataset id 8543 / TFDA opendata InfoId=20); 查詢頁 https://consumer.fda.gov.tw/Food/TFND.aspx?nodeID=178 ; 整合編號=J3100401 (樣品基本資料)
魚貝類,綠殼菜蛤,"孔雀蛤,淡菜,翡翠貽貝",Green Mussel ,J3100501,96.0,17.8,2.2,2.6,衛生福利部食品藥物管理署 台灣食品成分資料庫(食品營養成分資料庫)開放資料; 下載自 https://data.fda.gov.tw/data/opendata/export/20/csv (政府資料開放平臺 data.gov.tw dataset id 8543 / TFDA opendata InfoId=20); 查詢頁 https://consumer.fda.gov.tw/Food/TFND.aspx?nodeID=178 ; 整合編號=J3100501 (樣品基本資料)
魚貝類,綠殼菜蛤干,"孔雀蛤干,淡菜干,翡翠貽貝干",Green Mussel ,J3100601,263.0,43.7,8.5,23.9,衛生福利部食品藥物管理署 台灣食品成分資料庫(食品營養成分資料庫)開放資料; 下載自 https://data.fda.gov.tw/data/opendata/export/20/csv (政府資料開放平臺 data.gov.tw dataset id 8543 / TFDA opendata InfoId=20); 查詢頁 https://consumer.fda.gov.tw/Food/TFND.aspx?nodeID=178 ; 整合編號=J3100601 (樣品基本資料)
魚貝類,西施舌,"紫貝,西肚舌,西刀舌(蚶),紫晃肉,雙線血蚶,獅刀舌,西施貝",Diphos sanguin; Purple clam,J3100701,53.0,8.9,1.6,5.4,衛生福利部食品藥物管理署 台灣食品成分資料庫(食品營養成分資料庫)開放資料; 下載自 https://data.fda.gov.tw/data/opendata/export/20/csv (政府資料開放平臺 data.gov.tw dataset id 8543 / TFDA opendata InfoId=20); 查詢頁 https://consumer.fda.gov.tw/Food/TFND.aspx?nodeID=178 ; 整合編號=J3100701 (樣品基本資料)
魚貝類,台灣蜆,"蜆(蜊/拉)仔,河蜆",Corbicula Clam; Freshwater Clam; Taiwanese freshwater clam ,J3100801,51.0,8.9,1.4,9.8,衛生福利部食品藥物管理署 台灣食品成分資料庫(食品營養成分資料庫)開放資料; 下載自 https://data.fda.gov.tw/data/opendata/export/20/csv (政府資料開放平臺 data.gov.tw dataset id 8543 / TFDA opendata InfoId=20); 查詢頁 https://consumer.fda.gov.tw/Food/TFND.aspx?nodeID=178 ; 整合編號=J3100801 (樣品基本資料)
魚貝類,大文蛤,"文蛤,普通文蛤",Hard clam,J3100901,21.0,4.4,0.2,1.5,衛生福利部食品藥物管理署 台灣食品成分資料庫(食品營養成分資料庫)開放資料; 下載自 https://data.fda.gov.tw/data/opendata/export/20/csv (政府資料開放平臺 data.gov.tw dataset id 8543 / TFDA opendata InfoId=20); 查詢頁 https://consumer.fda.gov.tw/Food/TFND.aspx?nodeID=178 ; 整合編號=J3100901 (樣品基本資料)
魚貝類,文蛤,"粉蟯,蚶仔,麗文蛤,普通文蛤",Hard clam,J3101001,37.0,7.6,0.5,2.7,衛生福利部食品藥物管理署 台灣食品成分資料庫(食品營養成分資料庫)開放資料; 下載自 https://data.fda.gov.tw/data/opendata/export/20/csv (政府資料開放平臺 data.gov.tw dataset id 8543 / TFDA opendata InfoId=20); 查詢頁 https://consumer.fda.gov.tw/Food/TFND.aspx?nodeID=178 ; 整合編號=J3101001 (樣品基本資料)
魚貝類,波紋橫簾蛤 ,"波紋巴非蛤,山瓜仔(子),海瓜仔(子)",Undulating Venus ,J3101101,48.0,9.2,1.0,4.6,衛生福利部食品藥物管理署 台灣食品成分資料庫(食品營養成分資料庫)開放資料; 下載自 https://data.fda.gov.tw/data/opendata/export/20/csv (政府資料開放平臺 data.gov.tw dataset id 8543 / TFDA opendata InfoId=20); 查詢頁 https://consumer.fda.gov.tw/Food/TFND.aspx?nodeID=178 ; 整合編號=J3101101 (樣品基本資料)
魚貝類,菲律賓簾蛤,"菲律賓蛤仔,海瓜子(仔)蛤,花蛤",Filipino Venus ,J3101201,37.0,7.5,0.5,4.1,衛生福利部食品藥物管理署 台灣食品成分資料庫(食品營養成分資料庫)開放資料; 下載自 https://data.fda.gov.tw/data/opendata/export/20/csv (政府資料開放平臺 data.gov.tw dataset id 8543 / TFDA opendata InfoId=20); 查詢頁 https://consumer.fda.gov.tw/Food/TFND.aspx?nodeID=178 ; 整合編號=J3101201 (樣品基本資料)
魚貝類,環文蛤,"赤嘴蛤,赤嘴仔,青蛤,海蜆,公代",Chinese Venus ,J3101301,46.0,8.7,1.0,3.7,衛生福利部食品藥物管理署 台灣食品成分資料庫(食品營養成分資料庫)開放資料; 下載自 https://data.fda.gov.tw/data/opendata/export/20/csv (政府資料開放平臺 data.gov.tw dataset id 8543 / TFDA opendata InfoId=20); 查詢頁 https://consumer.fda.gov.tw/Food/TFND.aspx?nodeID=178 ; 整合編號=J3101301 (樣品基本資料)
魚貝類,干貝(冷凍),"元貝,瑤柱",Scallop,J3200101,57.0,12.7,0.4,1.7,衛生福利部食品藥物管理署 台灣食品成分資料庫(食品營養成分資料庫)開放資料; 下載自 https://data.fda.gov.tw/data/opendata/export/20/csv (政府資料開放平臺 data.gov.tw dataset id 8543 / TFDA opendata InfoId=20); 查詢頁 https://consumer.fda.gov.tw/Food/TFND.aspx?nodeID=178 ; 整合編號=J3200101 (樣品基本資料)
魚貝類,干貝(乾)平均值,,Scallop,J32002,242.0,53.7,1.4,10.8,衛生福利部食品藥物管理署 台灣食品成分資料庫(食品營養成分資料庫)開放資料; 下載自 https://data.fda.gov.tw/data/opendata/export/20/csv (政府資料開放平臺 data.gov.tw dataset id 8543 / TFDA opendata InfoId=20); 查詢頁 https://consumer.fda.gov.tw/Food/TFND.aspx?nodeID=178 ; 整合編號=J32002 (樣品平均值)
魚貝類,干貝(乾),"元貝,瑤柱",Scallop,J3200201,256.0,58.5,0.7,15.5,衛生福利部食品藥物管理署 台灣食品成分資料庫(食品營養成分資料庫)開放資料; 下載自 https://data.fda.gov.tw/data/opendata/export/20/csv (政府資料開放平臺 data.gov.tw dataset id 8543 / TFDA opendata InfoId=20); 查詢頁 https://consumer.fda.gov.tw/Food/TFND.aspx?nodeID=178 ; 整合編號=J3200201 (樣品基本資料)
魚貝類,珠貝(乾),珍珠干貝,Scallop,J3200202,228.0,48.9,2.2,6.1,衛生福利部食品藥物管理署 台灣食品成分資料庫(食品營養成分資料庫)開放資料; 下載自 https://data.fda.gov.tw/data/opendata/export/20/csv (政府資料開放平臺 data.gov.tw dataset id 8543 / TFDA opendata InfoId=20); 查詢頁 https://consumer.fda.gov.tw/Food/TFND.aspx?nodeID=178 ; 整合編號=J3200202 (樣品基本資料)
魚貝類,牡蠣干,蚵干,Oyster,J3300101,243.0,41.0,7.5,26.2,衛生福利部食品藥物管理署 台灣食品成分資料庫(食品營養成分資料庫)開放資料; 下載自 https://data.fda.gov.tw/data/opendata/export/20/csv (政府資料開放平臺 data.gov.tw dataset id 8543 / TFDA opendata InfoId=20); 查詢頁 https://consumer.fda.gov.tw/Food/TFND.aspx?nodeID=178 ; 整合編號=J3300101 (樣品基本資料)
魚貝類,真烏賊平均值,"花枝,墨魚,金烏賊,烏鰂,墨鬥魚",Cuttlefish,J35001,57.0,12.2,0.6,3.7,衛生福利部食品藥物管理署 台灣食品成分資料庫(食品營養成分資料庫)開放資料; 下載自 https://data.fda.gov.tw/data/opendata/export/20/csv (政府資料開放平臺 data.gov.tw dataset id 8543 / TFDA opendata InfoId=20); 查詢頁 https://consumer.fda.gov.tw/Food/TFND.aspx?nodeID=178 ; 整合編號=J35001 (樣品平均值)
魚貝類,真烏賊(大),"花枝,墨魚,金烏賊,烏鰂,墨鬥魚",Cuttlefish,J3500101,61.0,13.9,0.3,0.8,衛生福利部食品藥物管理署 台灣食品成分資料庫(食品營養成分資料庫)開放資料; 下載自 https://data.fda.gov.tw/data/opendata/export/20/csv (政府資料開放平臺 data.gov.tw dataset id 8543 / TFDA opendata InfoId=20); 查詢頁 https://consumer.fda.gov.tw/Food/TFND.aspx?nodeID=178 ; 整合編號=J3500101 (樣品基本資料)
魚貝類,真烏賊(小),"花枝,墨魚,金烏賊,烏鰂,墨鬥魚",Cuttlefish,J3500102,53.0,10.5,0.9,6.6,衛生福利部食品藥物管理署 台灣食品成分資料庫(食品營養成分資料庫)開放資料; 下載自 https://data.fda.gov.tw/data/opendata/export/20/csv (政府資料開放平臺 data.gov.tw dataset id 8543 / TFDA opendata InfoId=20); 查詢頁 https://consumer.fda.gov.tw/Food/TFND.aspx?nodeID=178 ; 整合編號=J3500102 (樣品基本資料)
魚貝類,章魚,"厚嘴仔,石居,八爪魚,坐蛸,石吸,望潮,死牛",Octopus,J3500201,61.0,13.0,0.6,0.9,衛生福利部食品藥物管理署 台灣食品成分資料庫(食品營養成分資料庫)開放資料; 下載自 https://data.fda.gov.tw/data/opendata/export/20/csv (政府資料開放平臺 data.gov.tw dataset id 8543 / TFDA opendata InfoId=20); 查詢頁 https://consumer.fda.gov.tw/Food/TFND.aspx?nodeID=178 ; 整合編號=J3500201 (樣品基本資料)
魚貝類,阿根廷魷,阿根廷滑柔魚,Argentine shortfin squid ,J3500301,71.0,12.4,2.0,0.4,衛生福利部食品藥物管理署 台灣食品成分資料庫(食品營養成分資料庫)開放資料; 下載自 https://data.fda.gov.tw/data/opendata/export/20/csv (政府資料開放平臺 data.gov.tw dataset id 8543 / TFDA opendata InfoId=20); 查詢頁 https://consumer.fda.gov.tw/Food/TFND.aspx?nodeID=178 ; 整合編號=J3500301 (樣品基本資料)
魚貝類,泡魷魚,,Squid,J3500401,50.0,11.3,0.2,3.0,衛生福利部食品藥物管理署 台灣食品成分資料庫(食品營養成分資料庫)開放資料; 下載自 https://data.fda.gov.tw/data/opendata/export/20/csv (政府資料開放平臺 data.gov.tw dataset id 8543 / TFDA opendata InfoId=20); 查詢頁 https://consumer.fda.gov.tw/Food/TFND.aspx?nodeID=178 ; 整合編號=J3500401 (樣品基本資料)
魚貝類,台灣鎖管,"鎖管,小卷 ",Inshore squids ; Loligo; Neritic squid,J3500501,72.0,16.0,0.4,1.6,衛生福利部食品藥物管理署 台灣食品成分資料庫(食品營養成分資料庫)開放資料; 下載自 https://data.fda.gov.tw/data/opendata/export/20/csv (政府資料開放平臺 data.gov.tw dataset id 8543 / TFDA opendata InfoId=20); 查詢頁 https://consumer.fda.gov.tw/Food/TFND.aspx?nodeID=178 ; 整合編號=J3500501 (樣品基本資料)
魚貝類,尖鎖管 ,"尖仔鎖管,詩博加槍烏賊,尖仔,小卷(幼體)",Inshore squids; Loligo; Neritic squid; Siboga squid,J3500601,100.0,20.2,1.5,2.4,衛生福利部食品藥物管理署 台灣食品成分資料庫(食品營養成分資料庫)開放資料; 下載自 https://data.fda.gov.tw/data/opendata/export/20/csv (政府資料開放平臺 data.gov.tw dataset id 8543 / TFDA opendata InfoId=20); 查詢頁 https://consumer.fda.gov.tw/Food/TFND.aspx?nodeID=178 ; 整合編號=J3500601 (樣品基本資料)
魚貝類,軟翅仔,"萊氏擬烏賊,軟翅鎖管,軟翅(薯/絲),泥障鰂,擬烏賊,柔魚",Bigfin reef squid; Loligo; Neritic squid,J3500701,70.0,14.7,0.8,0.8,衛生福利部食品藥物管理署 台灣食品成分資料庫(食品營養成分資料庫)開放資料; 下載自 https://data.fda.gov.tw/data/opendata/export/20/csv (政府資料開放平臺 data.gov.tw dataset id 8543 / TFDA opendata InfoId=20); 查詢頁 https://consumer.fda.gov.tw/Food/TFND.aspx?nodeID=178 ; 整合編號=J3500701 (樣品基本資料)
魚貝類,香螺 ,"小天狗剌螺,雪螺",Melon conchs; Swamp Conchs; Whelks,J3500801,86.0,19.9,0.1,0.0,衛生福利部食品藥物管理署 台灣食品成分資料庫(食品營養成分資料庫)開放資料; 下載自 https://data.fda.gov.tw/data/opendata/export/20/csv (政府資料開放平臺 data.gov.tw dataset id 8543 / TFDA opendata InfoId=20); 查詢頁 https://consumer.fda.gov.tw/Food/TFND.aspx?nodeID=178 ; 整合編號=J3500801 (樣品基本資料)
魚貝類,象牙鳳螺,"鳳(花/風/皇)螺,象牙螺",Areola Babylon; Maculated ivory shell,J3500901,78.0,16.9,0.7,3.6,衛生福利部食品藥物管理署 台灣食品成分資料庫(食品營養成分資料庫)開放資料; 下載自 https://data.fda.gov.tw/data/opendata/export/20/csv (政府資料開放平臺 data.gov.tw dataset id 8543 / TFDA opendata InfoId=20); 查詢頁 https://consumer.fda.gov.tw/Food/TFND.aspx?nodeID=178 ; 整合編號=J3500901 (樣品基本資料)
魚貝類,泥螺,黃泥螺,,J3501001,95.0,21.5,0.3,0.3,衛生福利部食品藥物管理署 台灣食品成分資料庫(食品營養成分資料庫)開放資料; 下載自 https://data.fda.gov.tw/data/opendata/export/20/csv (政府資料開放平臺 data.gov.tw dataset id 8543 / TFDA opendata InfoId=20); 查詢頁 https://consumer.fda.gov.tw/Food/TFND.aspx?nodeID=178 ; 整合編號=J3501001 (樣品基本資料)
魚貝類,雪螺,,,J3501101,40.0,8.9,0.3,0.0,衛生福利部食品藥物管理署 台灣食品成分資料庫(食品營養成分資料庫)開放資料; 下載自 https://data.fda.gov.tw/data/opendata/export/20/csv (政府資料開放平臺 data.gov.tw dataset id 8543 / TFDA opendata InfoId=20); 查詢頁 https://consumer.fda.gov.tw/Food/TFND.aspx?nodeID=178 ; 整合編號=J3501101 (樣品基本資料)
魚貝類,九孔螺,九孔;雜色鮑;石決明 ,Abalone; Japanese abalone; Ormer; Sea ear ,J3501201,73.0,15.0,1.0,5.8,衛生福利部食品藥物管理署 台灣食品成分資料庫(食品營養成分資料庫)開放資料; 下載自 https://data.fda.gov.tw/data/opendata/export/20/csv (政府資料開放平臺 data.gov.tw dataset id 8543 / TFDA opendata InfoId=20); 查詢頁 https://consumer.fda.gov.tw/Food/TFND.aspx?nodeID=178 ; 整合編號=J3501201 (樣品基本資料)
魚貝類,鮑魚,鰒魚;石決明;石決明貝,Abalone; Ear-shell; Ormer; Sea ear ,J3501301,69.0,15.8,0.1,9.5,衛生福利部食品藥物管理署 台灣食品成分資料庫(食品營養成分資料庫)開放資料; 下載自 https://data.fda.gov.tw/data/opendata/export/20/csv (政府資料開放平臺 data.gov.tw dataset id 8543 / TFDA opendata InfoId=20); 查詢頁 https://consumer.fda.gov.tw/Food/TFND.aspx?nodeID=178 ; 整合編號=J3501301 (樣品基本資料)
魚貝類,蝸牛肉,,Snail meat,J3501501,78.0,16.7,0.7,0.0,衛生福利部食品藥物管理署 台灣食品成分資料庫(食品營養成分資料庫)開放資料; 下載自 https://data.fda.gov.tw/data/opendata/export/20/csv (政府資料開放平臺 data.gov.tw dataset id 8543 / TFDA opendata InfoId=20); 查詢頁 https://consumer.fda.gov.tw/Food/TFND.aspx?nodeID=178 ; 整合編號=J3501501 (樣品基本資料)
魚貝類,烏賊精囊,"烏賊鰾(膘),花枝鰾(膘)",Squid bladder,J3600101,43.0,9.8,0.2,6.4,衛生福利部食品藥物管理署 台灣食品成分資料庫(食品營養成分資料庫)開放資料; 下載自 https://data.fda.gov.tw/data/opendata/export/20/csv (政府資料開放平臺 data.gov.tw dataset id 8543 / TFDA opendata InfoId=20); 查詢頁 https://consumer.fda.gov.tw/Food/TFND.aspx?nodeID=178 ; 整合編號=J3600101 (樣品基本資料)
魚貝類,小卷干,鎖管干(乾),Dried swordtip squid,J3700101,246.0,53.2,2.1,4.7,衛生福利部食品藥物管理署 台灣食品成分資料庫(食品營養成分資料庫)開放資料; 下載自 https://data.fda.gov.tw/data/opendata/export/20/csv (政府資料開放平臺 data.gov.tw dataset id 8543 / TFDA opendata InfoId=20); 查詢頁 https://consumer.fda.gov.tw/Food/TFND.aspx?nodeID=178 ; 整合編號=J3700101 (樣品基本資料)
魚貝類,白海參,"海蚯蚓,沙糞",White sea cucumber,J4100101,32.0,7.4,0.1,0.0,衛生福利部食品藥物管理署 台灣食品成分資料庫(食品營養成分資料庫)開放資料; 下載自 https://data.fda.gov.tw/data/opendata/export/20/csv (政府資料開放平臺 data.gov.tw dataset id 8543 / TFDA opendata InfoId=20); 查詢頁 https://consumer.fda.gov.tw/Food/TFND.aspx?nodeID=178 ; 整合編號=J4100101 (樣品基本資料)
魚貝類,仿刺參,刺參,Japanese common sea cucumber,J4100201,36.0,8.2,0.1,0.8,衛生福利部食品藥物管理署 台灣食品成分資料庫(食品營養成分資料庫)開放資料; 下載自 https://data.fda.gov.tw/data/opendata/export/20/csv (政府資料開放平臺 data.gov.tw dataset id 8543 / TFDA opendata InfoId=20); 查詢頁 https://consumer.fda.gov.tw/Food/TFND.aspx?nodeID=178 ; 整合編號=J4100201 (樣品基本資料)
魚貝類,南美刺參,,,J4100301,52.0,12.0,0.0,0.0,衛生福利部食品藥物管理署 台灣食品成分資料庫(食品營養成分資料庫)開放資料; 下載自 https://data.fda.gov.tw/data/opendata/export/20/csv (政府資料開放平臺 data.gov.tw dataset id 8543 / TFDA opendata InfoId=20); 查詢頁 https://consumer.fda.gov.tw/Food/TFND.aspx?nodeID=178 ; 整合編號=J4100301 (樣品基本資料)
魚貝類,紅海參,,Red sea cucumber,J4100401,33.0,7.5,0.1,0.0,衛生福利部食品藥物管理署 台灣食品成分資料庫(食品營養成分資料庫)開放資料; 下載自 https://data.fda.gov.tw/data/opendata/export/20/csv (政府資料開放平臺 data.gov.tw dataset id 8543 / TFDA opendata InfoId=20); 查詢頁 https://consumer.fda.gov.tw/Food/TFND.aspx?nodeID=178 ; 整合編號=J4100401 (樣品基本資料)
魚貝類,黑烏參,,Black sea cucumber,J4100501,29.0,6.5,0.1,0.0,衛生福利部食品藥物管理署 台灣食品成分資料庫(食品營養成分資料庫)開放資料; 下載自 https://data.fda.gov.tw/data/opendata/export/20/csv (政府資料開放平臺 data.gov.tw dataset id 8543 / TFDA opendata InfoId=20); 查詢頁 https://consumer.fda.gov.tw/Food/TFND.aspx?nodeID=178 ; 整合編號=J4100501 (樣品基本資料)
魚貝類,海蜇皮,"瑝魚,海蛇,紅(面)蜇,鮓魚",Jelly fish,J5100101,19.0,4.4,0.0,2.2,衛生福利部食品藥物管理署 台灣食品成分資料庫(食品營養成分資料庫)開放資料; 下載自 https://data.fda.gov.tw/data/opendata/export/20/csv (政府資料開放平臺 data.gov.tw dataset id 8543 / TFDA opendata InfoId=20); 查詢頁 https://consumer.fda.gov.tw/Food/TFND.aspx?nodeID=178 ; 整合編號=J5100101 (樣品基本資料)
